Reservoir,Site,Transect,DateTime,Depth_m,Ebu_rate,Diff_rate,Flag_depth,Flag_ebu,Flag_diff
FCR,s3,NT,2016-03-28 12:00:00,1,163.9710608,NA,0,0,1
FCR,s3,NT,2016-03-28 12:00:00,1,114.621649,NA,0,0,1
FCR,s3,NT,2016-03-28 12:00:00,1,1296.454358,NA,0,0,1
FCR,s3,NT,2016-03-28 12:00:00,1,948.0189102,NA,0,0,1
FCR,s3,NT,2016-03-30 09:54:00,1,233.0987826,NA,0,0,1
FCR,s3,NT,2016-03-30 09:55:00,1,359.8021513,NA,0,0,1
FCR,s3,NT,2016-03-30 09:59:00,1,393.5326179,NA,0,0,1
FCR,s3,NT,2016-03-30 10:02:00,1,374.7190093,NA,0,0,1
FCR,s3,NT,2016-04-11 12:03:00,1,454.2373819,NA,0,0,1
FCR,s3,NT,2016-04-11 12:05:00,1,317.1106998,NA,0,0,1
FCR,s3,NT,2016-04-11 12:13:00,1,446.0003775,NA,0,0,1
FCR,s3,NT,2016-04-11 12:17:00,1,443.0793056,NA,0,0,1
FCR,s3,NT,2016-04-25 11:52:00,1,1028.078959,NA,0,0,1
FCR,s3,NT,2016-04-25 11:52:00,1,851.9960647,NA,0,0,1
FCR,s3,NT,2016-04-25 12:00:00,1,1080.282732,NA,0,0,1
FCR,s3,NT,2016-04-25 12:00:00,1,1095.923247,NA,0,0,1
FCR,s3,NT,2016-05-02 12:42:00,1,877.9038552,NA,0,0,1
FCR,s3,NT,2016-05-02 12:42:00,1,949.1942602,NA,0,0,1
FCR,s3,NT,2016-05-02 12:48:00,1,967.9518531,NA,0,0,1
FCR,s3,NT,2016-05-02 12:48:00,1,1038.491377,NA,0,0,1
FCR,s3,NT,2016-05-09 12:54:00,1,1883.965277,NA,0,0,1
FCR,s3,NT,2016-05-09 12:54:00,1,1975.250534,NA,0,0,1
FCR,s3,NT,2016-05-09 13:00:00,1,1398.935493,NA,0,0,1
FCR,s3,NT,2016-05-09 13:00:00,1,2726.373599,NA,0,0,1
FCR,s3,NT,2016-05-16 12:25:00,1,1935.39477,NA,0,0,1
FCR,s3,NT,2016-05-16 12:25:00,1,1771.441008,NA,0,0,1
FCR,s3,NT,2016-05-16 12:29:00,1,2993.582045,NA,0,0,1
FCR,s3,NT,2016-05-16 12:29:00,1,2907.754166,NA,0,0,1
FCR,s3,NT,2016-05-23 14:20:00,1,1786.369302,NA,0,0,1
FCR,s3,NT,2016-05-23 14:20:00,1,1773.754314,NA,0,0,1
FCR,s3,NT,2016-05-23 14:25:00,1,2170.073718,NA,0,0,1
FCR,s3,NT,2016-05-23 14:25:00,1,3330.940703,NA,0,0,1
FCR,s3,NT,2016-05-30 07:50:00,1,2009.777567,NA,0,0,1
FCR,s3,NT,2016-05-30 07:50:00,1,0,NA,0,0,1
FCR,s3,NT,2016-05-30 07:55:00,1,902.9556257,NA,0,0,1
FCR,s3,NT,2016-05-30 07:55:00,1,1736.22467,NA,0,0,1
FCR,s3,NT,2016-06-06 13:25:00,1,852.6060699,NA,0,0,1
FCR,s3,NT,2016-06-06 13:26:00,1,1073.263782,NA,0,0,1
FCR,s3,NT,2016-06-06 13:30:00,1,1032.762441,NA,0,0,1
FCR,s3,NT,2016-06-06 13:31:00,1,1434.058567,NA,0,0,1
FCR,s3,NT,2016-06-13 10:11:00,1,1689.615374,NA,0,0,1
FCR,s3,NT,2016-06-13 10:11:00,1,2609.626096,NA,0,0,1
FCR,s3,NT,2016-06-13 10:21:00,1,2130.336505,NA,0,0,1
FCR,s3,NT,2016-06-13 10:21:00,1,1207.971428,NA,0,0,1
FCR,s3,NT,2016-06-20 10:58:00,1,6928.799393,NA,0,0,1
FCR,s3,NT,2016-06-20 11:00:00,1,11319.26783,NA,0,0,1
FCR,s3,NT,2016-06-20 11:05:00,1,6158.066105,NA,0,0,1
FCR,s3,NT,2016-06-20 11:07:00,1,10461.19272,NA,0,0,1
FCR,s3,NT,2016-06-27 07:43:00,1,3815.789296,NA,0,0,1
FCR,s3,NT,2016-06-27 07:43:00,1,3255.553253,NA,0,0,1
FCR,s3,NT,2016-06-27 07:43:00,1,4896.385888,NA,0,0,1
FCR,s3,NT,2016-06-27 07:43:00,1,6611.546717,NA,0,0,1
FCR,s3,NT,2016-07-05 10:42:00,1,3228.100692,NA,0,0,1
FCR,s3,NT,2016-07-05 10:42:00,1,1283.971504,NA,0,0,1
FCR,s3,NT,2016-07-05 10:42:00,1,1540.605247,NA,0,0,1
FCR,s3,NT,2016-07-05 10:42:00,1,5705.822338,NA,0,0,1
FCR,s3,NT,2016-07-12 10:23:00,1,5574.380046,NA,0,0,1
FCR,s3,NT,2016-07-12 10:23:00,1,1045.537093,NA,0,0,1
FCR,s3,NT,2016-07-12 10:23:00,1,4446.345896,NA,0,0,1
FCR,s3,NT,2016-07-12 10:23:00,1,6916.578895,NA,0,0,1
FCR,s3,NT,2016-07-18 12:00:00,1,4904.36761,NA,0,0,1
FCR,s3,NT,2016-07-18 12:00:00,1,5370.174593,NA,0,0,1
FCR,s3,NT,2016-07-18 12:00:00,1,3993.2987,NA,0,0,1
FCR,s3,NT,2016-07-18 12:00:00,1,4029.216829,NA,0,0,1
FCR,s3,NT,2016-07-24 12:04:00,1,3196.310124,NA,0,0,1
FCR,s3,NT,2016-07-24 12:04:00,1,2637.151817,NA,0,0,1
FCR,s3,NT,2016-07-24 12:04:00,1,2963.215012,NA,0,0,1
FCR,s3,NT,2016-07-24 12:04:00,1,2968.361158,NA,0,0,1
FCR,s3,NT,2016-08-01 12:00:00,1,4211.867688,NA,0,0,1
FCR,s3,NT,2016-08-01 12:00:00,1,4972.045869,NA,0,0,1
FCR,s3,NT,2016-08-01 12:00:00,1,4495.020712,NA,0,0,1
FCR,s3,NT,2016-08-01 12:00:00,1,8243.721755,NA,0,0,1
FCR,s3,NT,2016-08-08 10:45:00,1,3465.66742,NA,0,0,1
FCR,s3,NT,2016-08-08 10:45:00,1,3275.837517,NA,0,0,1
FCR,s3,NT,2016-08-08 10:57:00,1,4631.21838,NA,0,0,1
FCR,s3,NT,2016-08-08 10:57:00,1,1278.182694,NA,0,0,1
FCR,s3,NT,2016-08-15 11:00:00,1,304.407775,NA,0,0,1
FCR,s3,NT,2016-08-15 11:00:00,1,3745.600801,NA,0,0,1
FCR,s3,NT,2016-08-15 11:06:00,1,3772.884581,NA,0,0,1
FCR,s3,NT,2016-08-15 11:06:00,1,621.8452069,NA,0,0,1
FCR,s3,NT,2016-08-26 15:05:00,1,121.9177926,NA,0,0,1
FCR,s3,NT,2016-08-26 15:05:00,1,90.44315149,NA,0,0,1
FCR,s3,NT,2016-09-02 12:00:00,1,4406.578171,NA,0,0,1
FCR,s3,NT,2016-09-02 12:00:00,1,3916.647935,NA,0,0,1
FCR,s3,NT,2016-09-02 12:02:00,1,5158.638997,NA,0,0,1
FCR,s3,NT,2016-09-02 12:02:00,1,4839.274397,NA,0,0,1
FCR,s3,NT,2016-09-09 13:00:00,1,961.6513976,NA,0,0,1
FCR,s3,NT,2016-09-09 13:00:00,1,240.8155151,NA,0,0,1
FCR,s3,NT,2016-09-09 13:05:00,1,2862.701952,NA,0,0,1
FCR,s3,NT,2016-09-09 13:05:00,1,2900.33096,NA,0,0,1
FCR,s3,NT,2016-09-16 12:00:00,1,1872.616,NA,0,0,1
FCR,s3,NT,2016-09-16 12:00:00,1,4073.047224,NA,0,0,1
FCR,s3,NT,2016-09-16 12:00:00,1,2378.93751,NA,0,0,1
FCR,s3,NT,2016-09-16 12:00:00,1,3203.594516,NA,0,0,1
FCR,s3,NT,2016-09-30 13:31:00,1,6740.824998,NA,0,0,1
FCR,s3,NT,2016-09-30 13:31:00,1,5387.744917,NA,0,0,1
FCR,s3,NT,2016-10-07 11:00:00,1,4708.227883,NA,0,0,1
FCR,s3,NT,2016-10-07 11:00:00,1,5297.013582,NA,0,0,1
FCR,s4,NT,2016-03-28 12:00:00,1,0,NA,0,0,1
FCR,s4,NT,2016-03-28 12:00:00,1,0,NA,0,0,1
FCR,s4,NT,2016-03-28 12:00:00,1,0,NA,0,0,1
FCR,s4,NT,2016-03-28 12:00:00,1,0,NA,0,0,1
FCR,s4,NT,2016-03-30 10:17:00,1,0,NA,0,0,1
FCR,s4,NT,2016-03-30 10:18:00,1,0,NA,0,0,1
FCR,s4,NT,2016-03-30 12:00:00,1,0,NA,0,0,1
FCR,s4,NT,2016-03-30 12:00:00,1,0,NA,0,0,1
FCR,s4,NT,2016-04-11 00:00:00,1,0.121367169,NA,0,0,1
FCR,s4,NT,2016-04-11 00:00:00,1,1.444686315,NA,0,0,1
FCR,s4,NT,2016-04-11 12:30:00,1,12.55992377,NA,0,0,1
FCR,s4,NT,2016-04-11 12:32:00,1,10.50939284,NA,0,0,1
FCR,s4,NT,2016-04-25 12:15:00,1,0,NA,0,0,1
FCR,s4,NT,2016-04-25 12:15:00,1,0,NA,0,0,1
FCR,s4,NT,2016-04-25 12:19:00,1,0,NA,0,0,1
FCR,s4,NT,2016-04-25 12:19:00,1,0,NA,0,0,1
FCR,s4,NT,2016-05-02 12:54:00,1,0,NA,0,0,1
FCR,s4,NT,2016-05-02 12:54:00,1,0,NA,0,0,1
FCR,s4,NT,2016-05-02 13:03:00,1,0,NA,0,0,1
FCR,s4,NT,2016-05-02 13:03:00,1,0,NA,0,0,1
FCR,s4,NT,2016-05-09 13:12:00,1,0,NA,0,0,1
FCR,s4,NT,2016-05-09 13:12:00,1,0,NA,0,0,1
FCR,s4,NT,2016-05-09 13:21:00,1,0,NA,0,0,1
FCR,s4,NT,2016-05-09 13:21:00,1,0,NA,0,0,1
FCR,s4,NT,2016-05-16 12:42:00,1,132.5894181,NA,0,0,1
FCR,s4,NT,2016-05-16 12:42:00,1,0,NA,0,0,1
FCR,s4,NT,2016-05-16 12:44:00,1,0,NA,0,0,1
FCR,s4,NT,2016-05-16 12:44:00,1,0,NA,0,0,1
FCR,s4,NT,2016-05-23 14:42:00,1,0,NA,0,0,1
FCR,s4,NT,2016-05-23 14:42:00,1,0,NA,0,0,1
FCR,s4,NT,2016-05-23 14:48:00,1,0,NA,0,0,1
FCR,s4,NT,2016-05-23 14:48:00,1,0,NA,0,0,1
FCR,s4,NT,2016-05-30 08:10:00,1,2.434485079,NA,0,0,1
FCR,s4,NT,2016-05-30 08:10:00,1,0,NA,0,0,1
FCR,s4,NT,2016-05-30 08:15:00,1,0,NA,0,0,1
FCR,s4,NT,2016-05-30 08:15:00,1,0,NA,0,0,1
FCR,s4,NT,2016-06-06 13:42:00,1,49.58548101,NA,0,0,1
FCR,s4,NT,2016-06-06 13:42:00,1,5.47752184,NA,0,0,1
FCR,s4,NT,2016-06-06 13:44:00,1,0,NA,0,0,1
FCR,s4,NT,2016-06-06 13:44:00,1,0,NA,0,0,1
FCR,s4,NT,2016-06-13 10:40:00,1,0,NA,0,0,1
FCR,s4,NT,2016-06-13 10:40:00,1,0,NA,0,0,1
FCR,s4,NT,2016-06-13 10:49:00,1,0,NA,0,0,1
FCR,s4,NT,2016-06-13 10:49:00,1,0,NA,0,0,1
FCR,s4,NT,2016-06-20 11:28:00,1,63.78036797,NA,0,0,1
FCR,s4,NT,2016-06-20 11:28:00,1,0,NA,0,0,1
FCR,s4,NT,2016-06-20 11:31:00,1,1826.367964,NA,0,0,1
FCR,s4,NT,2016-06-20 11:31:00,1,1340.467863,NA,0,0,1
FCR,s4,NT,2016-06-27 08:04:00,1,0,NA,0,0,1
FCR,s4,NT,2016-06-27 08:04:00,1,0,NA,0,0,1
FCR,s4,NT,2016-06-27 08:04:00,1,1880.900214,NA,0,0,1
FCR,s4,NT,2016-06-27 08:04:00,1,0,NA,0,0,1
FCR,s4,NT,2016-07-05 10:59:00,1,0,NA,0,0,1
FCR,s4,NT,2016-07-05 10:59:00,1,0,NA,0,0,1
FCR,s4,NT,2016-07-05 11:01:00,1,0,NA,0,0,1
FCR,s4,NT,2016-07-05 11:01:00,1,0,NA,0,0,1
FCR,s4,NT,2016-07-12 10:37:00,1,0,NA,0,0,1
FCR,s4,NT,2016-07-12 10:37:00,1,0,NA,0,0,1
FCR,s4,NT,2016-07-12 10:37:00,1,0,NA,0,0,1
FCR,s4,NT,2016-07-12 10:37:00,1,0,NA,0,0,1
FCR,s4,NT,2016-07-18 12:20:00,1,42.81563124,NA,0,0,1
FCR,s4,NT,2016-07-18 12:20:00,1,34.87886593,NA,0,0,1
FCR,s4,NT,2016-07-18 12:20:00,1,88.31975234,NA,0,0,1
FCR,s4,NT,2016-07-18 12:20:00,1,125.1434833,NA,0,0,1
FCR,s4,NT,2016-07-24 12:16:00,1,0,NA,0,0,1
FCR,s4,NT,2016-07-24 12:16:00,1,0,NA,0,0,1
FCR,s4,NT,2016-07-24 12:16:00,1,0,NA,0,0,1
FCR,s4,NT,2016-07-24 12:16:00,1,0,NA,0,0,1
FCR,s4,NT,2016-08-01 12:13:00,1,0,NA,0,0,1
FCR,s4,NT,2016-08-01 12:13:00,1,0,NA,0,0,1
FCR,s4,NT,2016-08-01 12:13:00,1,0,NA,0,0,1
FCR,s4,NT,2016-08-01 12:13:00,1,0,NA,0,0,1
FCR,s4,NT,2016-08-08 11:13:00,1,0,NA,0,0,1
FCR,s4,NT,2016-08-08 11:13:00,1,0,NA,0,0,1
FCR,s4,NT,2016-08-08 11:15:00,1,0,NA,0,0,1
FCR,s4,NT,2016-08-08 11:15:00,1,0,NA,0,0,1
FCR,s4,NT,2016-08-15 11:19:00,1,0,NA,0,0,1
FCR,s4,NT,2016-08-15 11:19:00,1,0,NA,0,0,1
FCR,s4,NT,2016-08-15 11:23:00,1,266.0883134,NA,0,0,1
FCR,s4,NT,2016-08-15 11:23:00,1,0,NA,0,0,1
FCR,s4,NT,2016-08-26 15:21:00,1,0.226502431,NA,0,0,1
FCR,s4,NT,2016-08-26 15:21:00,1,0,NA,0,0,1
FCR,s4,NT,2016-08-26 15:24:00,1,0,NA,0,0,1
FCR,s4,NT,2016-08-26 15:24:00,1,0,NA,0,0,1
FCR,s4,NT,2016-09-02 12:07:00,1,0,NA,0,0,1
FCR,s4,NT,2016-09-02 12:07:00,1,0,NA,0,0,1
FCR,s4,NT,2016-09-02 12:10:00,1,883.4264033,NA,0,0,1
FCR,s4,NT,2016-09-02 12:10:00,1,0,NA,0,0,1
FCR,s4,NT,2016-09-09 13:14:00,1,0,NA,0,0,1
FCR,s4,NT,2016-09-09 13:14:00,1,0,NA,0,0,1
FCR,s4,NT,2016-09-09 13:14:00,1,2069.903236,NA,0,0,1
FCR,s4,NT,2016-09-09 13:14:00,1,0,NA,0,0,1
FCR,s4,NT,2016-09-16 12:10:00,1,0,NA,0,0,1
FCR,s4,NT,2016-09-16 12:10:00,1,0,NA,0,0,1
FCR,s4,NT,2016-09-16 12:10:00,1,883.5534809,NA,0,0,1
FCR,s4,NT,2016-09-16 12:10:00,1,0,NA,0,0,1
FCR,s4,NT,2016-09-30 13:35:00,1,0,NA,0,0,1
FCR,s4,NT,2016-09-30 13:35:00,1,0,NA,0,0,1
FCR,s4,NT,2016-09-30 13:46:00,1,0,NA,0,0,1
FCR,s4,NT,2016-09-30 13:46:00,1,56.311732,NA,0,0,1
FCR,s4,NT,2016-10-07 11:00:00,1,0,NA,0,0,1
FCR,s4,NT,2016-10-07 11:00:00,1,0,NA,0,0,1
FCR,s4,NT,2016-10-07 11:20:00,1,897.0634981,NA,0,0,1
FCR,s4,NT,2016-10-07 11:20:00,1,0,NA,0,0,1
FCR,s6,NT,2016-03-28 12:00:00,1,0.310830967,NA,0,0,1
FCR,s6,NT,2016-03-28 12:00:00,1,0.632462267,NA,0,0,1
FCR,s6,NT,2016-03-28 12:00:00,1,0.290293915,NA,0,0,1
FCR,s6,NT,2016-03-28 12:00:00,1,0,NA,0,0,1
FCR,s6,NT,2016-03-30 10:32:00,1,0,NA,0,0,1
FCR,s6,NT,2016-03-30 10:34:00,1,55.3933803,NA,0,0,1
FCR,s6,NT,2016-03-30 10:35:00,1,0.144780283,NA,0,0,1
FCR,s6,NT,2016-03-30 12:00:00,1,0,NA,0,0,1
FCR,s6,NT,2016-04-11 00:00:00,1,0,NA,0,0,1
FCR,s6,NT,2016-04-11 12:38:00,1,0.096269813,NA,0,0,1
FCR,s6,NT,2016-04-11 12:40:00,1,0,NA,0,0,1
FCR,s6,NT,2016-04-11 12:42:00,1,0,NA,0,0,1
FCR,s6,NT,2016-04-25 12:28:00,1,0,NA,0,0,1
FCR,s6,NT,2016-04-25 12:28:00,1,0,NA,0,0,1
FCR,s6,NT,2016-04-25 12:29:00,1,3.470069838,NA,0,0,1
FCR,s6,NT,2016-04-25 12:29:00,1,0,NA,0,0,1
FCR,s6,NT,2016-05-02 13:14:00,1,3.57463436,NA,0,0,1
FCR,s6,NT,2016-05-02 13:14:00,1,0,NA,0,0,1
FCR,s6,NT,2016-05-02 13:17:00,1,0,NA,0,0,1
FCR,s6,NT,2016-05-02 13:17:00,1,0,NA,0,0,1
FCR,s6,NT,2016-05-09 13:31:00,1,0,NA,0,0,1
FCR,s6,NT,2016-05-09 13:31:00,1,0,NA,0,0,1
FCR,s6,NT,2016-05-09 13:35:00,1,9.361334473,NA,0,0,1
FCR,s6,NT,2016-05-09 13:35:00,1,0,NA,0,0,1
FCR,s6,NT,2016-05-16 12:48:00,1,1.55579928,NA,0,0,1
FCR,s6,NT,2016-05-16 12:48:00,1,0,NA,0,0,1
FCR,s6,NT,2016-05-16 12:51:00,1,0,NA,0,0,1
FCR,s6,NT,2016-05-16 12:51:00,1,0,NA,0,0,1
FCR,s6,NT,2016-05-23 14:54:00,1,0,NA,0,0,1
FCR,s6,NT,2016-05-23 14:54:00,1,0,NA,0,0,1
FCR,s6,NT,2016-05-23 14:55:00,1,24.6602558,NA,0,0,1
FCR,s6,NT,2016-05-23 14:55:00,1,0,NA,0,0,1
FCR,s6,NT,2016-05-30 08:20:00,1,72.62676032,NA,0,0,1
FCR,s6,NT,2016-05-30 08:20:00,1,0,NA,0,0,1
FCR,s6,NT,2016-05-30 08:23:00,1,0,NA,0,0,1
FCR,s6,NT,2016-05-30 08:23:00,1,0,NA,0,0,1
FCR,s6,NT,2016-06-06 13:56:00,1,46.30430068,NA,0,0,1
FCR,s6,NT,2016-06-06 13:59:00,1,5.365413187,NA,0,0,1
FCR,s6,NT,2016-06-06 14:00:00,1,0,NA,0,0,1
FCR,s6,NT,2016-06-06 14:00:00,1,0,NA,0,0,1
FCR,s6,NT,2016-06-13 10:55:00,1,89.89619676,NA,0,0,1
FCR,s6,NT,2016-06-13 10:55:00,1,0,NA,0,0,1
FCR,s6,NT,2016-06-13 11:00:00,1,0,NA,0,0,1
FCR,s6,NT,2016-06-13 11:00:00,1,0,NA,0,0,1
FCR,s6,NT,2016-06-20 11:36:00,1,626.1473725,NA,0,0,1
FCR,s6,NT,2016-06-20 11:37:00,1,77.24253724,NA,0,0,1
FCR,s6,NT,2016-06-20 11:39:00,1,3588.561469,NA,0,0,1
FCR,s6,NT,2016-06-20 11:39:00,1,0,NA,0,0,1
FCR,s6,NT,2016-06-27 08:16:00,1,212.2696958,NA,0,0,1
FCR,s6,NT,2016-06-27 08:16:00,1,37.86605632,NA,0,0,1
FCR,s6,NT,2016-06-27 08:16:00,1,4210.650576,NA,0,0,1
FCR,s6,NT,2016-06-27 08:16:00,1,0,NA,0,0,1
FCR,s6,NT,2016-07-05 11:17:00,1,20.65768982,NA,0,0,1
FCR,s6,NT,2016-07-05 11:20:00,1,2.310458605,NA,0,0,1
FCR,s6,NT,2016-07-05 11:24:00,1,427.2214594,NA,0,0,1
FCR,s6,NT,2016-07-05 11:24:00,1,0,NA,0,0,1
FCR,s6,NT,2016-07-12 10:49:00,1,0.869056067,NA,0,0,1
FCR,s6,NT,2016-07-12 10:49:00,1,0,NA,0,0,1
FCR,s6,NT,2016-07-12 10:49:00,1,83.26181609,NA,0,0,1
FCR,s6,NT,2016-07-12 10:49:00,1,0,NA,0,0,1
FCR,s6,NT,2016-07-18 12:30:00,1,219.2756499,NA,0,0,1
FCR,s6,NT,2016-07-18 12:30:00,1,0,NA,0,0,1
FCR,s6,NT,2016-07-18 12:30:00,1,2336.686079,NA,0,0,1
FCR,s6,NT,2016-07-18 12:30:00,1,0,NA,0,0,1
FCR,s6,NT,2016-07-24 12:28:00,1,0,NA,0,0,1
FCR,s6,NT,2016-07-24 12:28:00,1,0,NA,0,0,1
FCR,s6,NT,2016-07-24 12:28:00,1,0,NA,0,0,1
FCR,s6,NT,2016-07-24 12:28:00,1,0,NA,0,0,1
FCR,s6,NT,2016-08-01 12:28:00,1,61.8417745,NA,0,0,1
FCR,s6,NT,2016-08-01 12:28:00,1,0,NA,0,0,1
FCR,s6,NT,2016-08-01 12:28:00,1,2634.464178,NA,0,0,1
FCR,s6,NT,2016-08-01 12:28:00,1,0,NA,0,0,1
FCR,s6,NT,2016-08-08 11:42:00,1,153.2711444,NA,0,0,1
FCR,s6,NT,2016-08-08 11:42:00,1,0,NA,0,0,1
FCR,s6,NT,2016-08-08 11:46:00,1,946.2606415,NA,0,0,1
FCR,s6,NT,2016-08-08 11:46:00,1,0,NA,0,0,1
FCR,s6,NT,2016-08-15 11:49:00,1,31.41260332,NA,0,0,1
FCR,s6,NT,2016-08-15 11:51:00,1,33.97970077,NA,0,0,1
FCR,s6,NT,2016-08-15 11:52:00,1,3.451788511,NA,0,0,1
FCR,s6,NT,2016-08-15 11:52:00,1,1928.55459,NA,0,0,1
FCR,s6,NT,2016-08-26 15:30:00,1,100.7556355,NA,0,0,1
FCR,s6,NT,2016-08-26 15:30:00,1,0,NA,0,0,1
FCR,s6,NT,2016-08-26 15:35:00,1,55.85070943,NA,0,0,1
FCR,s6,NT,2016-08-26 15:35:00,1,0,NA,0,0,1
FCR,s6,NT,2016-09-02 12:15:00,1,831.9165364,NA,0,0,1
FCR,s6,NT,2016-09-02 12:15:00,1,950.7165405,NA,0,0,1
FCR,s6,NT,2016-09-02 12:17:00,1,1170.367553,NA,0,0,1
FCR,s6,NT,2016-09-02 12:17:00,1,78.51672968,NA,0,0,1
FCR,s6,NT,2016-09-09 13:20:00,1,1034.624819,NA,0,0,1
FCR,s6,NT,2016-09-09 13:20:00,1,1010.87751,NA,0,0,1
FCR,s6,NT,2016-09-09 13:20:00,1,2024.47434,NA,0,0,1
FCR,s6,NT,2016-09-09 13:20:00,1,0,NA,0,0,1
FCR,s6,NT,2016-09-16 12:15:00,1,420.1376627,NA,0,0,1
FCR,s6,NT,2016-09-16 12:15:00,1,168.0772458,NA,0,0,1
FCR,s6,NT,2016-09-16 12:15:00,1,596.309816,NA,0,0,1
FCR,s6,NT,2016-09-16 12:15:00,1,0,NA,0,0,1
FCR,s6,NT,2016-09-30 13:49:00,1,45.73224574,NA,0,0,1
FCR,s6,NT,2016-09-30 13:49:00,1,0,NA,0,0,1
FCR,s6,NT,2016-09-30 14:02:00,1,0,NA,0,0,1
FCR,s6,NT,2016-09-30 14:02:00,1,0,NA,0,0,1
FCR,s6,NT,2016-10-07 11:30:00,1,5.227868339,NA,0,0,1
FCR,s6,NT,2016-10-07 11:30:00,1,2.088775534,NA,0,0,1
FCR,s6,NT,2016-10-07 11:45:00,1,0,NA,0,0,1
FCR,s6,NT,2016-10-07 11:45:00,1,0,NA,0,0,1
FCR,sC,NT,2016-03-28 12:00:00,9,0.317300249,NA,0,0,1
FCR,sC,NT,2016-03-28 12:00:00,9,0,NA,0,0,1
FCR,sC,NT,2016-03-28 12:00:00,9,0.337522556,NA,0,0,1
FCR,sC,NT,2016-03-28 12:00:00,9,0.313339687,NA,0,0,1
FCR,sC,NT,2016-03-28 12:00:00,9,0.21189124,NA,0,0,1
FCR,sC,NT,2016-03-28 12:00:00,9,0.176919327,NA,0,0,1
FCR,sC,NT,2016-03-28 12:00:00,9,0.208786627,NA,0,0,1
FCR,sC,NT,2016-03-28 12:00:00,9,0,NA,0,0,1
FCR,sC,NT,2016-03-30 10:44:00,9,1.076450069,NA,0,0,1
FCR,sC,NT,2016-03-30 10:45:00,9,0.753197647,NA,0,0,1
FCR,sC,NT,2016-03-30 10:48:00,9,0.755627959,NA,0,0,1
FCR,sC,NT,2016-03-30 10:51:00,9,0.107719938,NA,0,0,1
FCR,sC,NT,2016-03-30 10:52:00,9,0.819755411,NA,0,0,1
FCR,sC,NT,2016-03-30 10:54:00,9,0.079825651,NA,0,0,1
FCR,sC,NT,2016-03-30 12:00:00,9,0,NA,0,0,1
FCR,sC,NT,2016-03-30 12:00:00,9,0,NA,0,0,1
FCR,sC,NT,2016-04-11 11:03:00,9,0.05561167,NA,0,0,1
FCR,sC,NT,2016-04-11 11:05:00,9,1.444575591,NA,0,0,1
FCR,sC,NT,2016-04-11 13:00:00,9,3.349550134,NA,0,0,1
FCR,sC,NT,2016-04-11 13:01:00,9,0,NA,0,0,1
FCR,sC,NT,2016-04-11 13:02:00,9,10.28184982,NA,0,0,1
FCR,sC,NT,2016-04-11 13:04:00,9,0.083663653,NA,0,0,1
FCR,sC,NT,2016-04-11 13:06:00,9,22.61429299,NA,0,0,1
FCR,sC,NT,2016-04-11 13:07:00,9,0.07793282,NA,0,0,1
FCR,sC,NT,2016-04-25 12:46:00,9,3.024705057,NA,0,0,1
FCR,sC,NT,2016-04-25 12:46:00,9,6.807507853,NA,0,0,1
FCR,sC,NT,2016-04-25 12:52:00,9,24.38622274,NA,0,0,1
FCR,sC,NT,2016-04-25 12:52:00,9,0.373020375,NA,0,0,1
FCR,sC,NT,2016-04-25 12:57:00,9,0.391124694,NA,0,0,1
FCR,sC,NT,2016-04-25 12:57:00,9,32.18173596,NA,0,0,1
FCR,sC,NT,2016-04-25 13:04:00,9,0,NA,0,0,1
FCR,sC,NT,2016-04-25 13:04:00,9,0,NA,0,0,1
FCR,sC,NT,2016-05-02 13:29:00,9,38.5299052,NA,0,0,1
FCR,sC,NT,2016-05-02 13:29:00,9,0,NA,0,0,1
FCR,sC,NT,2016-05-02 13:32:00,9,0,NA,0,0,1
FCR,sC,NT,2016-05-02 13:32:00,9,0,NA,0,0,1
FCR,sC,NT,2016-05-02 13:35:00,9,42.85727405,NA,0,0,1
FCR,sC,NT,2016-05-02 13:35:00,9,9.686384871,NA,0,0,1
FCR,sC,NT,2016-05-02 13:42:00,9,4.559658845,NA,0,0,1
FCR,sC,NT,2016-05-02 13:42:00,9,2.579755391,NA,0,0,1
FCR,sC,NT,2016-05-09 13:42:00,9,13.0358614,NA,0,0,1
FCR,sC,NT,2016-05-09 13:42:00,9,0.537420872,NA,0,0,1
FCR,sC,NT,2016-05-09 13:44:00,9,0,NA,0,0,1
FCR,sC,NT,2016-05-09 13:44:00,9,0,NA,0,0,1
FCR,sC,NT,2016-05-09 13:48:00,9,0,NA,0,0,1
FCR,sC,NT,2016-05-09 13:48:00,9,0,NA,0,0,1
FCR,sC,NT,2016-05-09 13:51:00,9,0,NA,0,0,1
FCR,sC,NT,2016-05-09 13:51:00,9,0,NA,0,0,1
FCR,sC,NT,2016-05-16 13:07:00,9,0,NA,0,0,1
FCR,sC,NT,2016-05-16 13:07:00,9,0,NA,0,0,1
FCR,sC,NT,2016-05-16 13:08:00,9,0.250351603,NA,0,0,1
FCR,sC,NT,2016-05-16 13:08:00,9,0.10012787,NA,0,0,1
FCR,sC,NT,2016-05-16 13:13:00,9,0,NA,0,0,1
FCR,sC,NT,2016-05-16 13:13:00,9,0,NA,0,0,1
FCR,sC,NT,2016-05-16 13:14:00,9,0,NA,0,0,1
FCR,sC,NT,2016-05-16 13:14:00,9,0,NA,0,0,1
FCR,sC,NT,2016-05-23 15:07:00,9,0,NA,0,0,1
FCR,sC,NT,2016-05-23 15:07:00,9,0,NA,0,0,1
FCR,sC,NT,2016-05-23 15:08:00,9,1.246082062,NA,0,0,1
FCR,sC,NT,2016-05-23 15:08:00,9,21.06716402,NA,0,0,1
FCR,sC,NT,2016-05-23 15:09:00,9,0,NA,0,0,1
FCR,sC,NT,2016-05-23 15:09:00,9,0,NA,0,0,1
FCR,sC,NT,2016-05-23 15:10:00,9,0,NA,0,0,1
FCR,sC,NT,2016-05-23 15:10:00,9,0,NA,0,0,1
FCR,sC,NT,2016-05-30 08:27:00,9,0.689783679,NA,0,0,1
FCR,sC,NT,2016-05-30 08:27:00,9,2.903266601,NA,0,0,1
FCR,sC,NT,2016-05-30 08:31:00,9,0,NA,0,0,1
FCR,sC,NT,2016-05-30 08:31:00,9,0,NA,0,0,1
FCR,sC,NT,2016-05-30 08:32:00,9,0,NA,0,0,1
FCR,sC,NT,2016-05-30 08:32:00,9,0,NA,0,0,1
FCR,sC,NT,2016-05-30 08:34:00,9,0,NA,0,0,1
FCR,sC,NT,2016-05-30 08:34:00,9,0,NA,0,0,1
FCR,sC,NT,2016-06-06 14:16:00,9,0,NA,0,0,1
FCR,sC,NT,2016-06-06 14:16:00,9,0,NA,0,0,1
FCR,sC,NT,2016-06-06 14:16:00,9,0,NA,0,0,1
FCR,sC,NT,2016-06-06 14:16:00,9,0,NA,0,0,1
FCR,sC,NT,2016-06-06 14:17:00,9,37.61364612,NA,0,0,1
FCR,sC,NT,2016-06-06 14:19:00,9,3.648934079,NA,0,0,1
FCR,sC,NT,2016-06-06 14:21:00,9,0,NA,0,0,1
FCR,sC,NT,2016-06-06 14:21:00,9,0,NA,0,0,1
FCR,sC,NT,2016-06-13 11:15:00,9,0,NA,0,0,1
FCR,sC,NT,2016-06-13 11:15:00,9,0,NA,0,0,1
FCR,sC,NT,2016-06-13 11:15:00,9,0,NA,0,0,1
FCR,sC,NT,2016-06-13 11:15:00,9,0,NA,0,0,1
FCR,sC,NT,2016-06-13 11:15:00,9,0,NA,0,0,1
FCR,sC,NT,2016-06-13 11:15:00,9,0,NA,0,0,1
FCR,sC,NT,2016-06-13 11:15:00,9,0,NA,0,0,1
FCR,sC,NT,2016-06-13 11:15:00,9,0,NA,0,0,1
FCR,sC,NT,2016-06-20 11:54:00,9,1.114675607,NA,0,0,1
FCR,sC,NT,2016-06-20 11:54:00,9,11.26022604,NA,0,0,1
FCR,sC,NT,2016-06-20 12:14:00,9,0,NA,0,0,1
FCR,sC,NT,2016-06-20 12:14:00,9,0,NA,0,0,1
FCR,sC,NT,2016-06-20 12:14:00,9,0,NA,0,0,1
FCR,sC,NT,2016-06-20 12:14:00,9,0,NA,0,0,1
FCR,sC,NT,2016-06-20 12:14:00,9,0,NA,0,0,1
FCR,sC,NT,2016-06-20 12:14:00,9,0,NA,0,0,1
FCR,sC,NT,2016-06-27 08:32:00,9,1.495828062,NA,0,0,1
FCR,sC,NT,2016-06-27 08:32:00,9,1.211282487,NA,0,0,1
FCR,sC,NT,2016-06-27 08:32:00,9,0,NA,0,0,1
FCR,sC,NT,2016-06-27 08:32:00,9,0,NA,0,0,1
FCR,sC,NT,2016-06-27 08:32:00,9,0,NA,0,0,1
FCR,sC,NT,2016-06-27 08:32:00,9,0,NA,0,0,1
FCR,sC,NT,2016-06-27 08:32:00,9,0,NA,0,0,1
FCR,sC,NT,2016-06-27 08:32:00,9,0,NA,0,0,1
FCR,sC,NT,2016-07-05 11:55:00,9,0,NA,0,0,1
FCR,sC,NT,2016-07-05 11:55:00,9,0,NA,0,0,1
FCR,sC,NT,2016-07-05 11:58:00,9,0.562973812,NA,0,0,1
FCR,sC,NT,2016-07-05 12:01:00,9,0,NA,0,0,1
FCR,sC,NT,2016-07-05 12:01:00,9,0,NA,0,0,1
FCR,sC,NT,2016-07-05 12:01:00,9,0,NA,0,0,1
FCR,sC,NT,2016-07-05 12:05:00,9,0,NA,0,0,1
FCR,sC,NT,2016-07-05 12:05:00,9,0,NA,0,0,1
FCR,sC,NT,2016-07-12 11:05:00,9,0,NA,0,0,1
FCR,sC,NT,2016-07-12 11:05:00,9,0.589603231,NA,0,0,1
FCR,sC,NT,2016-07-12 11:05:00,9,0.449651901,NA,0,0,1
FCR,sC,NT,2016-07-12 11:05:00,9,0,NA,0,0,1
FCR,sC,NT,2016-07-12 11:05:00,9,0,NA,0,0,1
FCR,sC,NT,2016-07-12 11:05:00,9,0,NA,0,0,1
FCR,sC,NT,2016-07-12 11:05:00,9,0,NA,0,0,1
FCR,sC,NT,2016-07-12 11:05:00,9,0,NA,0,0,1
FCR,sC,NT,2016-07-18 12:50:00,9,0,NA,0,0,1
FCR,sC,NT,2016-07-18 12:50:00,9,0,NA,0,0,1
FCR,sC,NT,2016-07-18 12:50:00,9,0,NA,0,0,1
FCR,sC,NT,2016-07-18 12:50:00,9,0,NA,0,0,1
FCR,sC,NT,2016-07-18 12:50:00,9,0,NA,0,0,1
FCR,sC,NT,2016-07-18 12:50:00,9,0,NA,0,0,1
FCR,sC,NT,2016-07-18 12:50:00,9,0,NA,0,0,1
FCR,sC,NT,2016-07-18 12:50:00,9,0,NA,0,0,1
FCR,sC,NT,2016-07-24 12:56:00,9,0,NA,0,0,1
FCR,sC,NT,2016-07-24 12:56:00,9,0,NA,0,0,1
FCR,sC,NT,2016-07-24 12:56:00,9,0,NA,0,0,1
FCR,sC,NT,2016-07-24 12:56:00,9,0,NA,0,0,1
FCR,sC,NT,2016-07-24 12:56:00,9,0,NA,0,0,1
FCR,sC,NT,2016-07-24 12:56:00,9,0,NA,0,0,1
FCR,sC,NT,2016-07-24 12:56:00,9,0,NA,0,0,1
FCR,sC,NT,2016-07-24 12:56:00,9,0,NA,0,0,1
FCR,sC,NT,2016-08-01 12:46:00,9,2.654221107,NA,0,0,1
FCR,sC,NT,2016-08-01 12:46:00,9,0,NA,0,0,1
FCR,sC,NT,2016-08-01 12:46:00,9,0,NA,0,0,1
FCR,sC,NT,2016-08-01 12:46:00,9,0,NA,0,0,1
FCR,sC,NT,2016-08-01 12:46:00,9,0,NA,0,0,1
FCR,sC,NT,2016-08-01 12:46:00,9,0,NA,0,0,1
FCR,sC,NT,2016-08-01 12:46:00,9,0,NA,0,0,1
FCR,sC,NT,2016-08-01 12:46:00,9,0,NA,0,0,1
FCR,sC,NT,2016-08-08 12:34:00,9,518.2584537,NA,0,0,1
FCR,sC,NT,2016-08-08 12:34:00,9,435.5393906,NA,0,0,1
FCR,sC,NT,2016-08-08 12:45:00,9,0,NA,0,0,1
FCR,sC,NT,2016-08-08 12:45:00,9,0,NA,0,0,1
FCR,sC,NT,2016-08-08 12:45:00,9,0,NA,0,0,1
FCR,sC,NT,2016-08-08 12:45:00,9,0,NA,0,0,1
FCR,sC,NT,2016-08-08 12:46:00,9,0,NA,0,0,1
FCR,sC,NT,2016-08-08 12:46:00,9,0,NA,0,0,1
FCR,sC,NT,2016-08-15 12:38:00,9,0,NA,0,0,1
FCR,sC,NT,2016-08-15 12:38:00,9,0,NA,0,0,1
FCR,sC,NT,2016-08-15 12:39:00,9,0,NA,0,0,1
FCR,sC,NT,2016-08-15 12:39:00,9,0,NA,0,0,1
FCR,sC,NT,2016-08-15 12:39:00,9,0,NA,0,0,1
FCR,sC,NT,2016-08-15 12:39:00,9,0,NA,0,0,1
FCR,sC,NT,2016-08-15 12:42:00,9,56.90393741,NA,0,0,1
FCR,sC,NT,2016-08-15 12:42:00,9,0,NA,0,0,1
FCR,sC,NT,2016-08-26 15:56:00,9,0.117191703,NA,0,0,1
FCR,sC,NT,2016-08-26 15:56:00,9,0,NA,0,0,1
FCR,sC,NT,2016-08-26 15:56:00,9,0,NA,0,0,1
FCR,sC,NT,2016-08-26 15:56:00,9,0,NA,0,0,1
FCR,sC,NT,2016-08-26 15:56:00,9,0,NA,0,0,1
FCR,sC,NT,2016-08-26 15:56:00,9,0,NA,0,0,1
FCR,sC,NT,2016-08-26 15:56:00,9,0,NA,0,0,1
FCR,sC,NT,2016-08-26 15:56:00,9,0,NA,0,0,1
FCR,sC,NT,2016-09-02 12:30:00,9,2.877074088,NA,0,0,1
FCR,sC,NT,2016-09-02 12:30:00,9,1.220412561,NA,0,0,1
FCR,sC,NT,2016-09-02 12:30:00,9,0,NA,0,0,1
FCR,sC,NT,2016-09-02 12:30:00,9,0,NA,0,0,1
FCR,sC,NT,2016-09-02 12:30:00,9,0,NA,0,0,1
FCR,sC,NT,2016-09-02 12:30:00,9,0,NA,0,0,1
FCR,sC,NT,2016-09-02 12:30:00,9,0,NA,0,0,1
FCR,sC,NT,2016-09-02 12:30:00,9,0,NA,0,0,1
FCR,sC,NT,2016-09-09 13:30:00,9,0,NA,0,0,1
FCR,sC,NT,2016-09-09 13:30:00,9,0,NA,0,0,1
FCR,sC,NT,2016-09-09 13:30:00,9,0,NA,0,0,1
FCR,sC,NT,2016-09-09 13:30:00,9,0,NA,0,0,1
FCR,sC,NT,2016-09-09 13:30:00,9,0,NA,0,0,1
FCR,sC,NT,2016-09-09 13:30:00,9,0,NA,0,0,1
FCR,sC,NT,2016-09-09 13:30:00,9,0,NA,0,0,1
FCR,sC,NT,2016-09-09 13:30:00,9,0,NA,0,0,1
FCR,sC,NT,2016-09-16 12:30:00,9,0,NA,0,0,1
FCR,sC,NT,2016-09-16 12:30:00,9,0,NA,0,0,1
FCR,sC,NT,2016-09-16 12:30:00,9,0,NA,0,0,1
FCR,sC,NT,2016-09-16 12:30:00,9,0,NA,0,0,1
FCR,sC,NT,2016-09-16 12:30:00,9,0,NA,0,0,1
FCR,sC,NT,2016-09-16 12:30:00,9,0,NA,0,0,1
FCR,sC,NT,2016-09-16 12:30:00,9,0,NA,0,0,1
FCR,sC,NT,2016-09-16 12:30:00,9,0,NA,0,0,1
FCR,sC,NT,2016-09-30 14:01:00,9,0,NA,0,0,1
FCR,sC,NT,2016-09-30 14:01:00,9,0,NA,0,0,1
FCR,sC,NT,2016-09-30 14:17:00,9,0,NA,0,0,1
FCR,sC,NT,2016-09-30 14:17:00,9,0,NA,0,0,1
FCR,sC,NT,2016-09-30 14:17:00,9,0,NA,0,0,1
FCR,sC,NT,2016-09-30 14:17:00,9,0,NA,0,0,1
FCR,sC,NT,2016-09-30 14:17:00,9,0,NA,0,0,1
FCR,sC,NT,2016-09-30 14:17:00,9,0,NA,0,0,1
FCR,sC,NT,2016-10-07 11:45:00,9,0,NA,0,0,1
FCR,sC,NT,2016-10-07 11:45:00,9,0,NA,0,0,1
FCR,sC,NT,2016-10-07 11:45:00,9,0,NA,0,0,1
FCR,sC,NT,2016-10-07 11:45:00,9,0,NA,0,0,1
FCR,sC,NT,2016-10-07 11:45:00,9,0,NA,0,0,1
FCR,sC,NT,2016-10-07 11:45:00,9,0,NA,0,0,1
FCR,sC,NT,2016-10-07 11:45:00,9,0,NA,0,0,1
FCR,sC,NT,2016-10-07 11:45:00,9,0,NA,0,0,1
FCR,T1e1,T1,2017-05-08 12:00:00,1.341136308,0.014549293,NA,0,0,1
FCR,T1e1,T1,2017-05-15 12:00:00,1.341136308,0.007386683,15.68,0,0,0
FCR,T1e1,T1,2017-05-22 12:00:00,1.341136308,0.005837888,14.885,0,0,0
FCR,T1e1,T1,2017-05-29 12:00:00,1.341136308,0,8.8125,0,0,0
FCR,T1e1,T1,2017-06-05 12:00:00,1.341136308,1.162243988,7.172,0,0,0
FCR,T1e1,T1,2017-06-12 12:00:00,1.341136308,5.482590296,7.9197,0,0,0
FCR,T1e1,T1,2017-06-19 12:00:00,1.341136308,14.24655688,15.427,0,0,0
FCR,T1e1,T1,2017-06-26 12:00:00,1.341136308,17.19009595,NA,0,0,1
FCR,T1e1,T1,2017-07-05 12:00:00,1.341136308,13.1694353,7.4432,0,0,0
FCR,T1e1,T1,2017-07-10 12:00:00,1.341136308,14.06277186,6.3452,0,0,0
FCR,T1e1,T1,2017-07-17 12:00:00,1.341136308,7.08640873,5.5736,0,0,0
FCR,T1e1,T1,2017-07-24 12:00:00,1.341136308,31.73613799,16.883,0,0,0
FCR,T1e1,T1,2017-07-31 12:00:00,1.341136308,21.138242,3.6522,0,0,0
FCR,T1e1,T1,2017-08-07 12:00:00,1.341136308,35.67268203,15.773,0,0,0
FCR,T1e1,T1,2017-08-22 12:00:00,1.341136308,NA,10.702,0,5,0
FCR,T1e1,T1,2017-09-04 12:00:00,1.341136308,NA,9.4792,0,5,0
FCR,T1e1,T1,2017-09-11 12:00:00,1.341136308,2.764399026,7.7397,0,0,0
FCR,T1e1,T1,2017-09-18 12:00:00,1.341136308,8.383344264,10.366,0,0,0
FCR,T1e1,T1,2017-09-25 12:00:00,1.341136308,NA,NA,0,5,1
FCR,T1e1,T1,2017-10-02 12:00:00,1.341136308,NA,11.302,0,0,0
FCR,T1e1,T1,2017-10-09 12:00:00,1.341136308,NA,NA,0,5,1
FCR,T1e1,T1,2017-10-16 12:00:00,1.341136308,NA,NA,0,5,1
FCR,T1e1,T1,2017-10-23 12:00:00,1.341136308,NA,NA,0,5,1
FCR,T1e1,T1,2017-10-30 12:00:00,1.341136308,NA,NA,0,5,1
FCR,T1e1,T1,2019-05-27 00:00:00,1.341136308,0.167753754,NA,0,0,1
FCR,T1e1,T1,2019-05-27 00:00:00,1.341136308,0.184816821,NA,0,0,1
FCR,T1e1,T1,2019-06-03 00:00:00,2.651792246,1.504635769,NA,0,0,1
FCR,T1e1,T1,2019-06-03 00:00:00,2.651792246,1.667241723,NA,0,0,1
FCR,T1e1,T1,2019-06-10 00:00:00,1.341136308,3.237522857,NA,0,0,1
FCR,T1e1,T1,2019-06-10 00:00:00,1.341136308,2.791498147,NA,0,0,1
FCR,T1e1,T1,2019-06-17 00:00:00,1.341136308,4.58881066,NA,0,0,1
FCR,T1e1,T1,2019-06-17 00:00:00,1.341136308,4.828766249,NA,0,0,1
FCR,T1e1,T1,2019-06-24 00:00:00,2.651792246,10.99578519,NA,0,0,1
FCR,T1e1,T1,2019-06-24 00:00:00,2.651792246,10.46476499,NA,0,0,1
FCR,T1e1,T1,2019-07-01 00:00:00,1.341136308,32.14005061,NA,0,0,1
FCR,T1e1,T1,2019-07-01 00:00:00,1.341136308,31.69974821,NA,0,0,1
FCR,T1e1,T1,2019-07-08 00:00:00,1.341136308,55.71832693,NA,0,0,1
FCR,T1e1,T1,2019-07-08 00:00:00,1.341136308,64.83897529,NA,0,0,1
FCR,T1e1,T1,2019-07-15 00:00:00,1.341136308,62.27263639,NA,0,0,1
FCR,T1e1,T1,2019-07-15 00:00:00,1.341136308,65.85385503,NA,0,0,1
FCR,T1e1,T1,2019-07-22 00:00:00,1.341136308,15.28797601,NA,0,0,1
FCR,T1e1,T1,2019-07-22 00:00:00,1.341136308,14.97240437,NA,0,0,1
FCR,T1e1,T1,2019-07-29 00:00:00,1.341136308,10.47681166,NA,0,0,1
FCR,T1e1,T1,2019-07-29 00:00:00,1.341136308,11.59365796,NA,0,0,1
FCR,T1e1,T1,2019-08-05 00:00:00,1.341136308,11.82702359,NA,0,0,1
FCR,T1e1,T1,2019-08-05 00:00:00,1.341136308,10.88640474,NA,0,0,1
FCR,T1e1,T1,2019-08-12 00:00:00,1.341136308,17.84882451,NA,0,0,1
FCR,T1e1,T1,2019-08-12 00:00:00,1.341136308,17.33353919,NA,0,0,1
FCR,T1e1,T1,2019-08-19 00:00:00,1.341136308,25.20466496,NA,0,0,1
FCR,T1e1,T1,2019-08-19 00:00:00,1.341136308,24.81872394,NA,0,0,1
FCR,T1e1,T1,2019-08-28 00:00:00,1.341136308,27.10352426,NA,0,0,1
FCR,T1e1,T1,2019-08-28 00:00:00,1.341136308,27.96477664,NA,0,0,1
FCR,T1e1,T1,2019-09-02 00:00:00,1.341136308,17.8545898,NA,0,0,1
FCR,T1e1,T1,2019-09-02 00:00:00,1.341136308,18.53815512,NA,0,0,1
FCR,T1e1,T1,2019-09-11 00:00:00,1.341136308,18.45472548,NA,0,0,1
FCR,T1e1,T1,2019-09-11 00:00:00,1.341136308,16.71151617,NA,0,0,1
FCR,T1e1,T1,2019-09-20 00:00:00,1.341136308,21.91435716,NA,0,0,1
FCR,T1e1,T1,2019-09-20 00:00:00,1.341136308,25.33261082,NA,0,0,1
FCR,T1e1,T1,2019-09-27 00:00:00,1.341136308,14.36522587,NA,0,0,1
FCR,T1e1,T1,2019-09-27 00:00:00,1.341136308,16.47387799,NA,0,0,1
FCR,T1e1,T1,2019-10-02 00:00:00,1.341136308,21.43242643,NA,0,0,1
FCR,T1e1,T1,2019-10-02 00:00:00,1.341136308,19.69183359,NA,0,0,1
FCR,T1e1,T1,2019-10-11 00:00:00,1.341136308,14.87642809,NA,0,0,1
FCR,T1e1,T1,2019-10-11 00:00:00,1.341136308,14.87642809,NA,0,0,1
FCR,T1e1,T1,2019-10-16 00:00:00,1.341136308,1.815585612,NA,0,0,1
FCR,T1e1,T1,2019-10-16 00:00:00,1.341136308,1.910614378,NA,0,0,1
FCR,T1e1,T1,2019-10-23 00:00:00,1.341136308,2.973945954,NA,0,0,1
FCR,T1e1,T1,2019-10-23 00:00:00,1.341136308,2.99282792,NA,0,0,1
FCR,T1e1,T1,2019-10-30 00:00:00,1.341136308,1.039842346,NA,0,0,1
FCR,T1e1,T1,2019-10-30 00:00:00,1.341136308,1.017740809,NA,0,0,1
FCR,T1e1,T1,2019-11-07 00:00:00,1.341136308,1.006570049,NA,0,0,1
FCR,T1e1,T1,2019-11-07 00:00:00,1.341136308,1.011970059,NA,0,0,1
FCR,T1e2,T1,2017-05-08 12:00:00,2.712752987,0.001577656,NA,0,0,1
FCR,T1e2,T1,2017-05-15 12:00:00,2.712752987,0.035759624,11.605,0,0,0
FCR,T1e2,T1,2017-05-22 12:00:00,2.712752987,0,11.395,0,0,0
FCR,T1e2,T1,2017-05-29 12:00:00,2.712752987,1.216396439,8.2893,0,0,0
FCR,T1e2,T1,2017-06-05 12:00:00,2.712752987,3.564412522,3.8953,0,0,0
FCR,T1e2,T1,2017-06-12 12:00:00,2.712752987,13.50328282,5.911,0,0,0
FCR,T1e2,T1,2017-06-19 12:00:00,2.712752987,35.11638478,20.723,0,0,0
FCR,T1e2,T1,2017-06-26 12:00:00,2.712752987,58.23460022,NA,0,0,1
FCR,T1e2,T1,2017-07-05 12:00:00,2.712752987,106.941654,11.594,0,0,0
FCR,T1e2,T1,2017-07-10 12:00:00,2.712752987,163.8461215,7.7377,0,0,0
FCR,T1e2,T1,2017-07-17 12:00:00,2.712752987,26.37416915,9.641,0,0,0
FCR,T1e2,T1,2017-07-24 12:00:00,2.712752987,141.4047091,21.977,0,0,0
FCR,T1e2,T1,2017-07-31 12:00:00,2.712752987,342.4266593,10.401,0,0,0
FCR,T1e2,T1,2017-08-07 12:00:00,2.712752987,140.7253771,11.905,0,0,0
FCR,T1e2,T1,2017-08-22 12:00:00,2.712752987,134.5029291,23.41,0,0,0
FCR,T1e2,T1,2017-09-04 12:00:00,2.712752987,0.192166681,12.709,0,0,0
FCR,T1e2,T1,2017-09-11 12:00:00,2.712752987,25.52843236,8.0971,0,0,0
FCR,T1e2,T1,2017-09-18 12:00:00,2.712752987,11.32788531,9.2171,0,0,0
FCR,T1e2,T1,2017-09-25 12:00:00,2.712752987,21.79650452,19.233,0,0,0
FCR,T1e2,T1,2017-10-02 12:00:00,2.712752987,26.60705945,12.264,0,0,0
FCR,T1e2,T1,2017-10-09 12:00:00,2.712752987,10.38938841,5.0556,0,0,0
FCR,T1e2,T1,2017-10-16 12:00:00,2.712752987,18.42475125,55.773,0,0,0
FCR,T1e2,T1,2017-10-23 12:00:00,2.712752987,0.030679377,17.422,0,0,0
FCR,T1e2,T1,2017-10-30 12:00:00,2.712752987,NA,4.1956,0,1,0
FCR,T1e2,T1,2018-05-07 12:00:00,2.712752987,0.002006826,NA,0,0,1
FCR,T1e2,T1,2018-05-14 12:00:00,2.712752987,3.074653376,NA,0,0,1
FCR,T1e2,T1,2018-05-21 12:00:00,2.712752987,35.01394324,NA,0,0,1
FCR,T1e2,T1,2018-05-28 12:00:00,2.712752987,30.34554258,NA,0,0,1
FCR,T1e2,T1,2018-06-04 12:00:00,2.712752987,57.57009908,NA,0,0,1
FCR,T1e2,T1,2018-06-11 12:00:00,2.712752987,56.09491343,NA,0,0,1
FCR,T1e2,T1,2018-06-18 12:00:00,2.712752987,70.09817963,NA,0,0,1
FCR,T1e2,T1,2018-06-25 12:00:00,2.712752987,149.9467193,NA,0,0,1
FCR,T1e2,T1,2018-07-05 12:00:00,2.712752987,92.03845873,NA,0,0,1
FCR,T1e2,T1,2018-07-09 12:00:00,2.712752987,293.9122232,NA,0,0,1
FCR,T1e2,T1,2018-07-16 12:00:00,2.712752987,158.0119313,NA,0,0,1
FCR,T1e2,T1,2018-07-23 12:00:00,2.712752987,168.9503532,NA,0,0,1
FCR,T1e2,T1,2018-07-30 12:00:00,2.712752987,161.3253712,NA,0,0,1
FCR,T1e2,T1,2018-08-06 12:00:00,2.712752987,124.9351224,NA,0,0,1
FCR,T1e2,T1,2018-08-20 12:00:00,2.712752987,61.4682597,NA,0,0,1
FCR,T1e2,T1,2018-08-27 12:00:00,2.712752987,83.56429034,NA,0,0,1
FCR,T1e2,T1,2019-05-27 00:00:00,2.712752987,20.85737013,NA,0,0,1
FCR,T1e2,T1,2019-05-27 00:00:00,2.712752987,15.99449466,NA,0,0,1
FCR,T1e2,T1,2019-06-03 00:00:00,2.590831505,39.7490441,NA,0,0,1
FCR,T1e2,T1,2019-06-03 00:00:00,2.590831505,43.80396643,NA,0,0,1
FCR,T1e2,T1,2019-06-10 00:00:00,2.712752987,60.33493619,NA,0,0,1
FCR,T1e2,T1,2019-06-10 00:00:00,2.712752987,68.98558736,NA,0,0,1
FCR,T1e2,T1,2019-06-17 00:00:00,2.712752987,46.74266603,NA,0,0,1
FCR,T1e2,T1,2019-06-17 00:00:00,2.712752987,51.98733395,NA,0,0,1
FCR,T1e2,T1,2019-06-24 00:00:00,2.590831505,48.4144304,NA,0,0,1
FCR,T1e2,T1,2019-06-24 00:00:00,2.590831505,53.91824598,NA,0,0,1
FCR,T1e2,T1,2019-07-01 00:00:00,2.712752987,81.02072766,NA,0,0,1
FCR,T1e2,T1,2019-07-01 00:00:00,2.712752987,86.0218194,NA,0,0,1
FCR,T1e2,T1,2019-07-08 00:00:00,2.712752987,102.7670874,NA,0,0,1
FCR,T1e2,T1,2019-07-08 00:00:00,2.712752987,109.8940909,NA,0,0,1
FCR,T1e2,T1,2019-07-15 00:00:00,2.712752987,123.6563255,NA,0,0,1
FCR,T1e2,T1,2019-07-15 00:00:00,2.712752987,108.6519667,NA,0,0,1
FCR,T1e2,T1,2019-07-22 00:00:00,2.712752987,108.6843069,NA,0,0,1
FCR,T1e2,T1,2019-07-22 00:00:00,2.712752987,101.9468836,NA,0,0,1
FCR,T1e2,T1,2019-07-29 00:00:00,2.712752987,129.261172,NA,0,0,1
FCR,T1e2,T1,2019-07-29 00:00:00,2.712752987,115.3542163,NA,0,0,1
FCR,T1e2,T1,2019-08-05 00:00:00,2.712752987,89.95785438,NA,0,0,1
FCR,T1e2,T1,2019-08-05 00:00:00,2.712752987,92.64367317,NA,0,0,1
FCR,T1e2,T1,2019-08-12 00:00:00,2.712752987,112.6589709,NA,0,0,1
FCR,T1e2,T1,2019-08-12 00:00:00,2.712752987,112.8500079,NA,0,0,1
FCR,T1e2,T1,2019-08-19 00:00:00,2.712752987,104.904546,NA,0,0,1
FCR,T1e2,T1,2019-08-19 00:00:00,2.712752987,110.3039687,NA,0,0,1
FCR,T1e2,T1,2019-08-28 00:00:00,2.712752987,71.09306448,NA,0,0,1
FCR,T1e2,T1,2019-08-28 00:00:00,2.712752987,75.34701627,NA,0,0,1
FCR,T1e2,T1,2019-09-02 00:00:00,2.712752987,15.20741584,NA,0,0,1
FCR,T1e2,T1,2019-09-02 00:00:00,2.712752987,13.84508445,NA,0,0,1
FCR,T1e2,T1,2019-09-11 00:00:00,2.712752987,62.1899906,NA,0,0,1
FCR,T1e2,T1,2019-09-11 00:00:00,2.712752987,41.10594914,NA,0,0,1
FCR,T1e2,T1,2019-09-20 00:00:00,2.712752987,63.5621775,NA,0,0,1
FCR,T1e2,T1,2019-09-20 00:00:00,2.712752987,60.15594477,NA,0,0,1
FCR,T1e2,T1,2019-09-27 00:00:00,2.712752987,29.94335068,NA,0,0,1
FCR,T1e2,T1,2019-09-27 00:00:00,2.712752987,37.33209226,NA,0,0,1
FCR,T1e2,T1,2019-10-02 00:00:00,2.712752987,3.01865161,NA,0,0,1
FCR,T1e2,T1,2019-10-02 00:00:00,2.712752987,3.191655801,NA,0,0,1
FCR,T1e2,T1,2019-10-11 00:00:00,2.712752987,39.06892188,NA,0,0,1
FCR,T1e2,T1,2019-10-11 00:00:00,2.712752987,35.69032137,NA,0,0,1
FCR,T1e2,T1,2019-10-16 00:00:00,2.712752987,21.87604847,NA,0,0,1
FCR,T1e2,T1,2019-10-16 00:00:00,2.712752987,22.20647782,NA,0,0,1
FCR,T1e2,T1,2019-10-23 00:00:00,2.712752987,20.51887561,NA,0,0,1
FCR,T1e2,T1,2019-10-23 00:00:00,2.712752987,23.88643972,NA,0,0,1
FCR,T1e2,T1,2019-10-30 00:00:00,2.712752987,1.054968684,NA,0,0,1
FCR,T1e2,T1,2019-10-30 00:00:00,2.712752987,1.210591184,NA,0,0,1
FCR,T1e2,T1,2019-11-07 00:00:00,2.712752987,1.01182515,NA,0,0,1
FCR,T1e2,T1,2019-11-07 00:00:00,2.712752987,1.060329593,NA,0,0,1
FCR,T1e3,T1,2017-05-08 12:00:00,2.590831505,0.003495681,NA,0,0,1
FCR,T1e3,T1,2017-05-15 12:00:00,2.590831505,0.018274918,22.201,0,0,0
FCR,T1e3,T1,2017-05-22 12:00:00,2.590831505,0,7.7521,0,0,0
FCR,T1e3,T1,2017-05-29 12:00:00,2.590831505,0,3.7297,0,0,0
FCR,T1e3,T1,2017-06-05 12:00:00,2.590831505,2.6119113,10.32,0,0,0
FCR,T1e3,T1,2017-06-12 12:00:00,2.590831505,4.492795772,8.5759,0,0,0
FCR,T1e3,T1,2017-06-19 12:00:00,2.590831505,14.61240985,13.603,0,0,0
FCR,T1e3,T1,2017-06-26 12:00:00,2.590831505,33.04731308,NA,0,0,1
FCR,T1e3,T1,2017-07-05 12:00:00,2.590831505,19.56619975,10.028,0,0,0
FCR,T1e3,T1,2017-07-10 12:00:00,2.590831505,131.9908085,7.8913,0,0,0
FCR,T1e3,T1,2017-07-17 12:00:00,2.590831505,115.6703207,15.358,0,0,0
FCR,T1e3,T1,2017-07-24 12:00:00,2.590831505,155.701713,38.865,0,0,0
FCR,T1e3,T1,2017-07-31 12:00:00,2.590831505,217.8621209,16.919,0,0,0
FCR,T1e3,T1,2017-08-07 12:00:00,2.590831505,110.8495363,16.218,0,0,0
FCR,T1e3,T1,2017-08-22 12:00:00,2.590831505,76.77708602,23.842,0,0,0
FCR,T1e3,T1,2017-09-04 12:00:00,2.590831505,21.92520835,12.698,0,0,0
FCR,T1e3,T1,2017-09-11 12:00:00,2.590831505,0.365465865,7.1992,0,0,0
FCR,T1e3,T1,2017-09-18 12:00:00,2.590831505,24.17086314,12.092,0,0,0
FCR,T1e3,T1,2017-09-25 12:00:00,2.590831505,35.83255642,16.685,0,0,0
FCR,T1e3,T1,2017-10-02 12:00:00,2.590831505,26.57825602,17.541,0,0,0
FCR,T1e3,T1,2017-10-09 12:00:00,2.590831505,26.21994948,4.1127,0,0,0
FCR,T1e3,T1,2017-10-16 12:00:00,2.590831505,38.36174293,41.67,0,0,0
FCR,T1e3,T1,2017-10-23 12:00:00,2.590831505,3.922143537,19.22,0,0,0
FCR,T1e3,T1,2017-10-30 12:00:00,2.590831505,NA,2.4317,0,1,0
FCR,T1e3,T1,2018-05-07 12:00:00,2.590831505,16.63931903,NA,0,0,1
FCR,T1e3,T1,2018-05-21 12:00:00,2.590831505,3.450607168,NA,0,0,1
FCR,T1e3,T1,2018-05-28 12:00:00,2.590831505,4.117605174,NA,0,0,1
FCR,T1e3,T1,2018-06-04 12:00:00,2.590831505,5.109711279,NA,0,0,1
FCR,T1e3,T1,2018-06-11 12:00:00,2.590831505,3.571346081,NA,0,0,1
FCR,T1e3,T1,2018-06-18 12:00:00,2.590831505,15.49061939,NA,0,0,1
FCR,T1e3,T1,2018-06-25 12:00:00,2.590831505,47.64397712,NA,0,0,1
FCR,T1e3,T1,2018-07-09 12:00:00,2.590831505,159.2271018,NA,0,0,1
FCR,T1e3,T1,2018-07-16 12:00:00,2.590831505,148.3662,NA,0,0,1
FCR,T1e3,T1,2018-07-23 12:00:00,2.590831505,175.0540746,NA,0,0,1
FCR,T1e3,T1,2018-07-30 12:00:00,2.590831505,138.5698314,NA,0,0,1
FCR,T1e3,T1,2018-08-06 12:00:00,2.590831505,179.8522265,NA,0,0,1
FCR,T1e3,T1,2018-08-20 12:00:00,2.590831505,55.45116126,NA,0,0,1
FCR,T1e3,T1,2018-08-27 12:00:00,2.590831505,101.4234436,NA,0,0,1
FCR,T1e3,T1,2018-09-03 12:00:00,2.590831505,96.48495483,NA,0,0,1
FCR,T1e3,T1,2018-09-10 12:00:00,2.590831505,124.753276,NA,0,0,1
FCR,T1e3,T1,2018-09-17 12:00:00,2.590831505,134.5028573,NA,0,0,1
FCR,T1e3,T1,2018-09-24 12:00:00,2.590831505,5.387439766,NA,0,0,1
FCR,T1e3,T1,2018-10-01 12:00:00,2.590831505,25.29925062,NA,0,0,1
FCR,T1e3,T1,2018-10-08 12:00:00,2.590831505,52.72424248,NA,0,0,1
FCR,T1e3,T1,2018-10-15 12:00:00,2.590831505,22.08107779,NA,0,0,1
FCR,T1e3,T1,2018-10-22 12:00:00,2.590831505,4.040050289,NA,0,0,1
FCR,T1e3,T1,2018-10-29 12:00:00,2.590831505,0.004377077,NA,0,0,1
FCR,T1e3,T1,2019-05-27 00:00:00,2.590831505,0,NA,0,0,1
FCR,T1e3,T1,2019-05-27 00:00:00,2.590831505,0,NA,0,0,1
FCR,T1e3,T1,2019-06-03 00:00:00,2.712752987,0,NA,0,0,1
FCR,T1e3,T1,2019-06-03 00:00:00,2.712752987,0,NA,0,0,1
FCR,T1e3,T1,2019-06-10 00:00:00,2.590831505,0,NA,0,0,1
FCR,T1e3,T1,2019-06-10 00:00:00,2.590831505,0,NA,0,0,1
FCR,T1e3,T1,2019-06-17 00:00:00,2.590831505,0,NA,0,0,1
FCR,T1e3,T1,2019-06-17 00:00:00,2.590831505,0,NA,0,0,1
FCR,T1e3,T1,2019-06-24 00:00:00,2.712752987,0.017512076,NA,0,0,1
FCR,T1e3,T1,2019-06-24 00:00:00,2.712752987,0,NA,0,0,1
FCR,T1e3,T1,2019-07-01 00:00:00,2.590831505,0.354765898,NA,0,0,1
FCR,T1e3,T1,2019-07-01 00:00:00,2.590831505,0.333085926,NA,0,0,1
FCR,T1e3,T1,2019-07-08 00:00:00,2.590831505,3.66631725,NA,0,0,1
FCR,T1e3,T1,2019-07-08 00:00:00,2.590831505,3.839462347,NA,0,0,1
FCR,T1e3,T1,2019-07-15 00:00:00,2.590831505,11.75682168,NA,0,0,1
FCR,T1e3,T1,2019-07-15 00:00:00,2.590831505,11.84184468,NA,0,0,1
FCR,T1e3,T1,2019-07-22 00:00:00,2.590831505,21.88264012,NA,0,0,1
FCR,T1e3,T1,2019-07-22 00:00:00,2.590831505,15.74575607,NA,0,0,1
FCR,T1e3,T1,2019-07-29 00:00:00,2.590831505,16.41979203,NA,0,0,1
FCR,T1e3,T1,2019-07-29 00:00:00,2.590831505,15.4971304,NA,0,0,1
FCR,T1e3,T1,2019-08-05 00:00:00,2.590831505,15.26549042,NA,0,0,1
FCR,T1e3,T1,2019-08-05 00:00:00,2.590831505,14.50232882,NA,0,0,1
FCR,T1e3,T1,2019-08-12 00:00:00,2.590831505,19.90470882,NA,0,0,1
FCR,T1e3,T1,2019-08-12 00:00:00,2.590831505,19.72534642,NA,0,0,1
FCR,T1e3,T1,2019-08-19 00:00:00,2.590831505,19.88749979,NA,0,0,1
FCR,T1e3,T1,2019-08-19 00:00:00,2.590831505,20.54443201,NA,0,0,1
FCR,T1e3,T1,2019-08-28 00:00:00,2.590831505,12.35266984,NA,0,0,1
FCR,T1e3,T1,2019-08-28 00:00:00,2.590831505,9.474982405,NA,0,0,1
FCR,T1e3,T1,2019-09-02 00:00:00,2.590831505,12.08599575,NA,0,0,1
FCR,T1e3,T1,2019-09-02 00:00:00,2.590831505,12.28478795,NA,0,0,1
FCR,T1e3,T1,2019-09-11 00:00:00,2.590831505,7.778088337,NA,0,0,1
FCR,T1e3,T1,2019-09-11 00:00:00,2.590831505,8.603141085,NA,0,0,1
FCR,T1e3,T1,2019-09-20 00:00:00,2.590831505,9.362217034,NA,0,0,1
FCR,T1e3,T1,2019-09-20 00:00:00,2.590831505,9.267064604,NA,0,0,1
FCR,T1e3,T1,2019-09-27 00:00:00,2.590831505,6.086024049,NA,0,0,1
FCR,T1e3,T1,2019-09-27 00:00:00,2.590831505,5.305073718,NA,0,0,1
FCR,T1e3,T1,2019-10-02 00:00:00,2.590831505,2.652925404,NA,0,0,1
FCR,T1e3,T1,2019-10-02 00:00:00,2.590831505,2.787839628,NA,0,0,1
FCR,T1e3,T1,2019-10-11 00:00:00,2.590831505,2.320677217,NA,0,0,1
FCR,T1e3,T1,2019-10-11 00:00:00,2.590831505,2.305904845,NA,0,0,1
FCR,T1e3,T1,2019-10-16 00:00:00,2.590831505,1.965072566,NA,0,0,1
FCR,T1e3,T1,2019-10-16 00:00:00,2.590831505,2.151696884,NA,0,0,1
FCR,T1e3,T1,2019-10-23 00:00:00,2.590831505,1.121183893,NA,0,0,1
FCR,T1e3,T1,2019-10-23 00:00:00,2.590831505,1.500141533,NA,0,0,1
FCR,T1e3,T1,2019-10-30 00:00:00,2.590831505,1.033957455,NA,0,0,1
FCR,T1e3,T1,2019-10-30 00:00:00,2.590831505,1.012950114,NA,0,0,1
FCR,T1e3,T1,2019-11-07 00:00:00,2.590831505,1.000990223,NA,0,0,1
FCR,T1e3,T1,2019-11-07 00:00:00,2.590831505,1.003010331,NA,0,0,1
FCR,T1e4,T1,2017-05-08 12:00:00,2.651792246,0.022955615,NA,0,0,1
FCR,T1e4,T1,2017-05-15 12:00:00,2.651792246,0,23.043,0,0,0
FCR,T1e4,T1,2017-05-22 12:00:00,2.651792246,0,9.4655,0,0,0
FCR,T1e4,T1,2017-05-29 12:00:00,2.651792246,1.75E-05,5.3888,0,0,0
FCR,T1e4,T1,2017-06-05 12:00:00,2.651792246,0,9.3812,0,0,0
FCR,T1e4,T1,2017-06-12 12:00:00,2.651792246,0.00239217,10.232,0,0,0
FCR,T1e4,T1,2017-06-19 12:00:00,2.651792246,4.444401401,7.3771,0,0,0
FCR,T1e4,T1,2017-06-26 12:00:00,2.651792246,10.82262405,NA,0,0,1
FCR,T1e4,T1,2017-07-05 12:00:00,2.651792246,21.83019765,7.6665,0,0,0
FCR,T1e4,T1,2017-07-10 12:00:00,2.651792246,35.0059128,7.1473,0,0,0
FCR,T1e4,T1,2017-07-17 12:00:00,2.651792246,107.9377979,6.8054,0,0,0
FCR,T1e4,T1,2017-07-24 12:00:00,2.651792246,65.6874151,37.177,0,0,0
FCR,T1e4,T1,2017-07-31 12:00:00,2.651792246,160.2004422,4.6302,0,0,0
FCR,T1e4,T1,2017-08-07 12:00:00,2.651792246,120.651456,15.415,0,0,0
FCR,T1e4,T1,2017-08-22 12:00:00,2.651792246,,34.303,0,0,0
FCR,T1e4,T1,2017-09-04 12:00:00,2.651792246,0,8.5674,0,0,0
FCR,T1e4,T1,2017-09-11 12:00:00,2.651792246,6.025173219,12.145,0,0,0
FCR,T1e4,T1,2017-09-18 12:00:00,2.651792246,33.54339595,11.799,0,0,0
FCR,T1e4,T1,2017-09-25 12:00:00,2.651792246,0,21.175,0,0,0
FCR,T1e4,T1,2017-10-02 12:00:00,2.651792246,0.196601397,16.212,0,0,0
FCR,T1e4,T1,2017-10-09 12:00:00,2.651792246,24.21640668,8.0738,0,0,0
FCR,T1e4,T1,2017-10-16 12:00:00,2.651792246,16.52488383,41.085,0,0,0
FCR,T1e4,T1,2017-10-23 12:00:00,2.651792246,1.445071326,24.764,0,0,0
FCR,T1e4,T1,2017-10-30 12:00:00,2.651792246,NA,2.3966,0,1,0
FCR,T1e4,T1,2019-05-27 00:00:00,2.651792246,0.231374768,NA,0,0,1
FCR,T1e4,T1,2019-05-27 00:00:00,2.651792246,0.143195676,NA,0,0,1
FCR,T1e4,T1,2019-06-03 00:00:00,1.341136308,0.110780167,NA,0,0,1
FCR,T1e4,T1,2019-06-03 00:00:00,1.341136308,0.110780167,NA,0,0,1
FCR,T1e4,T1,2019-06-10 00:00:00,2.651792246,1.771737726,NA,0,0,1
FCR,T1e4,T1,2019-06-10 00:00:00,2.651792246,1.846280547,NA,0,0,1
FCR,T1e4,T1,2019-06-17 00:00:00,2.651792246,4.7993696,NA,0,0,1
FCR,T1e4,T1,2019-06-17 00:00:00,2.651792246,5.934342213,NA,0,0,1
FCR,T1e4,T1,2019-06-24 00:00:00,1.341136308,20.3743195,NA,0,0,1
FCR,T1e4,T1,2019-06-24 00:00:00,1.341136308,18.66598919,NA,0,0,1
FCR,T1e4,T1,2019-07-01 00:00:00,2.651792246,46.28798208,NA,0,0,1
FCR,T1e4,T1,2019-07-01 00:00:00,2.651792246,45.07377884,NA,0,0,1
FCR,T1e4,T1,2019-07-08 00:00:00,2.651792246,59.35268291,NA,0,0,1
FCR,T1e4,T1,2019-07-08 00:00:00,2.651792246,54.66255664,NA,0,0,1
FCR,T1e4,T1,2019-07-15 00:00:00,2.651792246,64.08141556,NA,0,0,1
FCR,T1e4,T1,2019-07-15 00:00:00,2.651792246,63.47662558,NA,0,0,1
FCR,T1e4,T1,2019-07-22 00:00:00,2.651792246,37.50647944,NA,0,0,1
FCR,T1e4,T1,2019-07-22 00:00:00,2.651792246,58.10338577,NA,0,0,1
FCR,T1e4,T1,2019-07-29 00:00:00,2.651792246,41.05230203,NA,0,0,1
FCR,T1e4,T1,2019-07-29 00:00:00,2.651792246,43.92472235,NA,0,0,1
FCR,T1e4,T1,2019-08-05 00:00:00,2.651792246,36.54384893,NA,0,0,1
FCR,T1e4,T1,2019-08-05 00:00:00,2.651792246,37.94516082,NA,0,0,1
FCR,T1e4,T1,2019-08-12 00:00:00,2.651792246,50.28722134,NA,0,0,1
FCR,T1e4,T1,2019-08-12 00:00:00,2.651792246,50.38361429,NA,0,0,1
FCR,T1e4,T1,2019-08-19 00:00:00,2.651792246,58.82168215,NA,0,0,1
FCR,T1e4,T1,2019-08-19 00:00:00,2.651792246,56.09340165,NA,0,0,1
FCR,T1e4,T1,2019-08-28 00:00:00,2.651792246,53.02752572,NA,0,0,1
FCR,T1e4,T1,2019-08-28 00:00:00,2.651792246,48.57365783,NA,0,0,1
FCR,T1e4,T1,2019-09-02 00:00:00,2.651792246,36.02538511,NA,0,0,1
FCR,T1e4,T1,2019-09-02 00:00:00,2.651792246,44.82756552,NA,0,0,1
FCR,T1e4,T1,2019-09-11 00:00:00,2.651792246,42.09524896,NA,0,0,1
FCR,T1e4,T1,2019-09-11 00:00:00,2.651792246,39.21985623,NA,0,0,1
FCR,T1e4,T1,2019-09-20 00:00:00,2.651792246,26.56184169,NA,0,0,1
FCR,T1e4,T1,2019-09-20 00:00:00,2.651792246,25.66390346,NA,0,0,1
FCR,T1e4,T1,2019-09-27 00:00:00,2.651792246,24.63035659,NA,0,0,1
FCR,T1e4,T1,2019-09-27 00:00:00,2.651792246,28.4322741,NA,0,0,1
FCR,T1e4,T1,2019-10-02 00:00:00,2.651792246,32.97876033,NA,0,0,1
FCR,T1e4,T1,2019-10-02 00:00:00,2.651792246,37.4470364,NA,0,0,1
FCR,T1e4,T1,2019-10-11 00:00:00,2.651792246,24.93386117,NA,0,0,1
FCR,T1e4,T1,2019-10-11 00:00:00,2.651792246,25.2063799,NA,0,0,1
FCR,T1e4,T1,2019-10-16 00:00:00,2.651792246,5.68306312,NA,0,0,1
FCR,T1e4,T1,2019-10-16 00:00:00,2.651792246,5.459089475,NA,0,0,1
FCR,T1e4,T1,2019-10-23 00:00:00,2.651792246,2.60484006,NA,0,0,1
FCR,T1e4,T1,2019-10-23 00:00:00,2.651792246,1.546619731,NA,0,0,1
FCR,T1e4,T1,2019-10-30 00:00:00,2.651792246,1.574643167,NA,0,0,1
FCR,T1e4,T1,2019-10-30 00:00:00,2.651792246,1.601521587,NA,0,0,1
FCR,T1e4,T1,2019-11-07 00:00:00,2.651792246,1.169648314,NA,0,0,1
FCR,T1e4,T1,2019-11-07 00:00:00,2.651792246,1.172099405,NA,0,0,1
FCR,T2e1,T2,2017-05-08 12:00:00,2.804194099,0.003639736,NA,0,0,1
FCR,T2e1,T2,2017-05-15 12:00:00,2.804194099,0.002012393,22.76,0,0,0
FCR,T2e1,T2,2017-05-22 12:00:00,2.804194099,1.85E-05,13.717,0,0,0
FCR,T2e1,T2,2017-05-29 12:00:00,2.804194099,0,6.532,0,0,0
FCR,T2e1,T2,2017-06-05 12:00:00,2.804194099,0,15.529,0,0,0
FCR,T2e1,T2,2017-06-12 12:00:00,2.804194099,0,14.828,0,0,0
FCR,T2e1,T2,2017-06-19 12:00:00,2.804194099,0.000214923,10.923,0,0,0
FCR,T2e1,T2,2017-06-26 12:00:00,2.804194099,0.003230259,NA,0,0,1
FCR,T2e1,T2,2017-07-05 12:00:00,2.804194099,0.372922937,23.867,0,0,0
FCR,T2e1,T2,2017-07-10 12:00:00,2.804194099,11.2765349,7.1613,0,0,0
FCR,T2e1,T2,2017-07-17 12:00:00,2.804194099,17.05771477,3.8987,0,0,0
FCR,T2e1,T2,2017-07-24 12:00:00,2.804194099,45.23219677,15.593,0,0,0
FCR,T2e1,T2,2017-07-31 12:00:00,2.804194099,72.12215103,5.08,0,0,0
FCR,T2e1,T2,2017-08-07 12:00:00,2.804194099,45.0790572,8.408,0,0,0
FCR,T2e1,T2,2017-08-22 12:00:00,2.804194099,84.62481054,8.4753,0,0,0
FCR,T2e1,T2,2017-09-04 12:00:00,2.804194099,4.864046237,18.28,0,0,0
FCR,T2e1,T2,2017-09-11 12:00:00,2.804194099,2.760758647,3.8193,0,0,0
FCR,T2e1,T2,2017-09-18 12:00:00,2.804194099,1.574285552,27.178,0,0,0
FCR,T2e1,T2,2017-09-25 12:00:00,2.804194099,2.180303772,12.119,0,0,0
FCR,T2e1,T2,2017-10-02 12:00:00,2.804194099,5.805913015,45.679,0,0,0
FCR,T2e1,T2,2017-10-09 12:00:00,2.804194099,NA,NA,0,1,1
FCR,T2e1,T2,2017-10-16 12:00:00,2.804194099,0.351849483,70.953,0,0,0
FCR,T2e1,T2,2017-10-23 12:00:00,2.804194099,0.051276561,16.739,0,0,0
FCR,T2e1,T2,2017-10-30 12:00:00,2.804194099,NA,4.7745,0,1,0
FCR,T2e2,T2,2017-05-08 12:00:00,3.230919288,0.004534082,NA,0,0,1
FCR,T2e2,T2,2017-05-15 12:00:00,3.230919288,0,23.347,0,0,0
FCR,T2e2,T2,2017-05-22 12:00:00,3.230919288,0.00E+00,21.651,0,0,0
FCR,T2e2,T2,2017-05-29 12:00:00,3.230919288,0,7.1322,0,0,0
FCR,T2e2,T2,2017-06-05 12:00:00,3.230919288,0,5.9813,0,0,0
FCR,T2e2,T2,2017-06-12 12:00:00,3.230919288,0.005307728,6.9473,0,0,0
FCR,T2e2,T2,2017-06-19 12:00:00,3.230919288,12.00410498,6.5438,0,0,0
FCR,T2e2,T2,2017-06-26 12:00:00,3.230919288,0,NA,0,0,1
FCR,T2e2,T2,2017-07-05 12:00:00,3.230919288,0,12.725,0,0,0
FCR,T2e2,T2,2017-07-10 12:00:00,3.230919288,0.000205964,6.5006,0,0,0
FCR,T2e2,T2,2017-07-17 12:00:00,3.230919288,0.096340924,13.514,0,0,0
FCR,T2e2,T2,2017-07-24 12:00:00,3.230919288,0.438615333,9.2027,0,0,0
FCR,T2e2,T2,2017-07-31 12:00:00,3.230919288,0.188493434,19.128,0,0,0
FCR,T2e2,T2,2017-08-07 12:00:00,3.230919288,0.09168518,17.615,0,0,0
FCR,T2e2,T2,2017-08-22 12:00:00,3.230919288,1.828286897,25.983,0,0,0
FCR,T2e2,T2,2017-09-04 12:00:00,3.230919288,1.022936883,19.959,0,0,0
FCR,T2e2,T2,2017-09-11 12:00:00,3.230919288,0,5.7261,0,0,0
FCR,T2e2,T2,2017-09-18 12:00:00,3.230919288,0.006384766,12.634,0,0,0
FCR,T2e2,T2,2017-09-25 12:00:00,3.230919288,0.032889835,12.04,0,0,0
FCR,T2e2,T2,2017-10-02 12:00:00,3.230919288,0.064570423,22.546,0,0,0
FCR,T2e2,T2,2017-10-09 12:00:00,3.230919288,NA,NA,0,1,1
FCR,T2e2,T2,2017-10-16 12:00:00,3.230919288,0.054490064,50.323,0,0,0
FCR,T2e2,T2,2017-10-23 12:00:00,3.230919288,0,10.87,0,0,0
FCR,T2e2,T2,2017-10-30 12:00:00,3.230919288,NA,5.1047,0,1,0
FCR,T2e2,T2,2018-05-14 12:00:00,3.230919288,0.000222132,NA,0,0,1
FCR,T2e2,T2,2018-06-18 12:00:00,3.230919288,6.24E-05,NA,0,0,1
FCR,T2e2,T2,2018-07-16 12:00:00,3.230919288,10.81260123,NA,0,0,1
FCR,T2e2,T2,2018-07-23 12:00:00,3.230919288,16.28340109,NA,0,0,1
FCR,T2e2,T2,2018-07-30 12:00:00,3.230919288,26.7560396,NA,0,0,1
FCR,T2e2,T2,2018-08-06 12:00:00,3.230919288,33.54306155,NA,0,0,1
FCR,T2e2,T2,2018-08-20 12:00:00,3.230919288,15.0314732,NA,0,0,1
FCR,T2e2,T2,2018-08-27 12:00:00,3.230919288,18.7588546,NA,0,0,1
FCR,T2e2,T2,2018-09-03 12:00:00,3.230919288,20.44906375,NA,0,0,1
FCR,T2e2,T2,2018-09-10 12:00:00,3.230919288,19.1996701,NA,0,0,1
FCR,T2e2,T2,2018-09-17 12:00:00,3.230919288,26.99342435,NA,0,0,1
FCR,T2e2,T2,2018-09-24 12:00:00,3.230919288,2.538060297,NA,0,0,1
FCR,T2e2,T2,2018-10-01 12:00:00,3.230919288,4.911321897,NA,0,0,1
FCR,T2e2,T2,2018-10-08 12:00:00,3.230919288,0.007601065,NA,0,0,1
FCR,T2e2,T2,2018-10-15 12:00:00,3.230919288,0.662658097,NA,0,0,1
FCR,T2e3,T2,2017-05-08 12:00:00,2.438429651,2.77E-05,NA,0,0,1
FCR,T2e3,T2,2017-05-15 12:00:00,2.438429651,0,24.2,0,0,0
FCR,T2e3,T2,2017-05-22 12:00:00,2.438429651,0.048316211,5.8076,0,0,0
FCR,T2e3,T2,2017-05-29 12:00:00,2.438429651,0,6.4734,0,0,0
FCR,T2e3,T2,2017-06-05 12:00:00,2.438429651,0,14.267,0,0,0
FCR,T2e3,T2,2017-06-12 12:00:00,2.438429651,0,11.609,0,0,0
FCR,T2e3,T2,2017-06-19 12:00:00,2.438429651,0,7.7657,0,0,0
FCR,T2e3,T2,2017-06-26 12:00:00,2.438429651,0,NA,0,0,1
FCR,T2e3,T2,2017-07-05 12:00:00,2.438429651,0,10.675,0,0,0
FCR,T2e3,T2,2017-07-10 12:00:00,2.438429651,0.014906709,7.0257,0,0,0
FCR,T2e3,T2,2017-07-17 12:00:00,2.438429651,0.186925423,18.881,0,0,0
FCR,T2e3,T2,2017-07-24 12:00:00,2.438429651,0.483526742,8.9156,0,0,0
FCR,T2e3,T2,2017-07-31 12:00:00,2.438429651,5.815493586,2.8419,0,0,0
FCR,T2e3,T2,2017-08-07 12:00:00,2.438429651,6.340523893,21.16,0,0,0
FCR,T2e3,T2,2017-08-22 12:00:00,2.438429651,2.476896125,41.37,0,0,0
FCR,T2e3,T2,2017-09-04 12:00:00,2.438429651,2.746274902,14.995,0,0,0
FCR,T2e3,T2,2017-09-11 12:00:00,2.438429651,0,8.7617,0,0,0
FCR,T2e3,T2,2017-09-18 12:00:00,2.438429651,9.81695049,9.1067,0,0,0
FCR,T2e3,T2,2017-09-25 12:00:00,2.438429651,17.46283133,20.331,0,0,0
FCR,T2e3,T2,2017-10-02 12:00:00,2.438429651,15.29680247,9.5554,0,0,0
FCR,T2e3,T2,2017-10-09 12:00:00,2.438429651,NA,NA,0,1,1
FCR,T2e3,T2,2017-10-16 12:00:00,2.438429651,11.96064831,44.096,0,0,0
FCR,T2e3,T2,2017-10-23 12:00:00,2.438429651,3.030730905,11.143,0,0,0
FCR,T2e3,T2,2017-10-30 12:00:00,2.438429651,NA,5.0449,0,1,0
FCR,T2e3,T2,2018-05-07 12:00:00,2.438429651,103.5191803,NA,0,0,1
FCR,T2e3,T2,2018-05-14 12:00:00,2.438429651,132.0507265,NA,0,0,1
FCR,T2e3,T2,2018-05-21 12:00:00,2.438429651,37.61430523,NA,0,0,1
FCR,T2e3,T2,2018-05-28 12:00:00,2.438429651,74.24784862,NA,0,0,1
FCR,T2e3,T2,2018-06-04 12:00:00,2.438429651,7.502272688,NA,0,0,1
FCR,T2e3,T2,2018-06-11 12:00:00,2.438429651,149.2068023,NA,0,0,1
FCR,T2e3,T2,2018-06-18 12:00:00,2.438429651,123.545593,NA,0,0,1
FCR,T2e3,T2,2018-06-25 12:00:00,2.438429651,110.0726892,NA,0,0,1
FCR,T2e3,T2,2018-07-05 12:00:00,2.438429651,130.0762541,NA,0,0,1
FCR,T2e3,T2,2018-07-09 12:00:00,2.438429651,317.8926937,NA,0,0,1
FCR,T2e3,T2,2018-07-16 12:00:00,2.438429651,162.7974573,NA,0,0,1
FCR,T2e3,T2,2018-07-23 12:00:00,2.438429651,163.9306518,NA,0,0,1
FCR,T2e3,T2,2018-07-30 12:00:00,2.438429651,77.08867682,NA,0,0,1
FCR,T2e3,T2,2018-08-06 12:00:00,2.438429651,126.8934758,NA,0,0,1
FCR,T2e3,T2,2018-08-20 12:00:00,2.438429651,63.78140734,NA,0,0,1
FCR,T2e3,T2,2018-08-27 12:00:00,2.438429651,143.9430888,NA,0,0,1
FCR,T2e3,T2,2018-09-03 12:00:00,2.438429651,103.6519795,NA,0,0,1
FCR,T2e3,T2,2018-09-10 12:00:00,2.438429651,186.8895424,NA,0,0,1
FCR,T2e3,T2,2018-09-17 12:00:00,2.438429651,74.27864723,NA,0,0,1
FCR,T2e3,T2,2018-09-24 12:00:00,2.438429651,5.576878506,NA,0,0,1
FCR,T2e3,T2,2018-10-01 12:00:00,2.438429651,30.43494373,NA,0,0,1
FCR,T2e3,T2,2018-10-08 12:00:00,2.438429651,88.42678013,NA,0,0,1
FCR,T2e3,T2,2018-10-15 12:00:00,2.438429651,27.33473908,NA,0,0,1
FCR,T2e3,T2,2018-10-22 12:00:00,2.438429651,12.39909561,NA,0,0,1
FCR,T2e3,T2,2018-10-29 12:00:00,2.438429651,2.410801885,NA,0,0,1
FCR,T2e4,T2,2017-05-08 12:00:00,1.097293343,26.7944388,NA,0,0,1
FCR,T2e4,T2,2017-05-15 12:00:00,1.097293343,8.890479093,21.217,0,0,0
FCR,T2e4,T2,2017-05-22 12:00:00,1.097293343,0.105894177,8.5164,0,0,0
FCR,T2e4,T2,2017-05-29 12:00:00,1.097293343,9.189721805,5.2362,0,0,0
FCR,T2e4,T2,2017-06-05 12:00:00,1.097293343,28.55527156,6.1916,0,0,0
FCR,T2e4,T2,2017-06-12 12:00:00,1.097293343,16.70475482,13.096,0,0,0
FCR,T2e4,T2,2017-06-19 12:00:00,1.097293343,51.74960586,6.918,0,0,0
FCR,T2e4,T2,2017-06-26 12:00:00,1.097293343,52.14114787,NA,0,0,1
FCR,T2e4,T2,2017-07-05 12:00:00,1.097293343,13.68095605,13.503,0,0,0
FCR,T2e4,T2,2017-07-10 12:00:00,1.097293343,47.89983179,6.6684,0,0,0
FCR,T2e4,T2,2017-07-17 12:00:00,1.097293343,52.19390507,4.1702,0,0,0
FCR,T2e4,T2,2017-07-24 12:00:00,1.097293343,18.67498892,33.584,0,0,0
FCR,T2e4,T2,2017-07-31 12:00:00,1.097293343,98.12127933,5.172,0,0,0
FCR,T2e4,T2,2017-08-07 12:00:00,1.097293343,34.06679462,9.2139,0,0,0
FCR,T2e4,T2,2017-08-22 12:00:00,1.097293343,75.13016857,43.292,0,0,0
FCR,T2e4,T2,2017-09-04 12:00:00,1.097293343,40.08652594,16.258,0,0,0
FCR,T2e4,T2,2017-09-11 12:00:00,1.097293343,50.63089613,11.36,0,0,0
FCR,T2e4,T2,2017-09-18 12:00:00,1.097293343,62.20283309,3.0902,0,0,0
FCR,T2e4,T2,2017-09-25 12:00:00,1.097293343,75.53574744,20.456,0,0,0
FCR,T2e4,T2,2017-10-02 12:00:00,1.097293343,50.52702886,14.089,0,0,0
FCR,T2e4,T2,2017-10-09 12:00:00,1.097293343,NA,NA,0,1,1
FCR,T2e4,T2,2017-10-16 12:00:00,1.097293343,37.70075983,24.848,0,0,0
FCR,T2e4,T2,2017-10-23 12:00:00,1.097293343,10.31332471,10.965,0,0,0
FCR,T2e4,T2,2017-10-30 12:00:00,1.097293343,NA,4.0189,0,1,0
FCR,T3e1,T3,2017-05-08 12:00:00,2.895635211,0.011654778,NA,0,0,1
FCR,T3e1,T3,2017-05-15 12:00:00,2.895635211,0,16.986,0,0,0
FCR,T3e1,T3,2017-05-22 12:00:00,2.895635211,0,6.143,0,0,0
FCR,T3e1,T3,2017-05-29 12:00:00,2.895635211,0,2.2525,0,0,0
FCR,T3e1,T3,2017-06-05 12:00:00,2.895635211,0.302261412,8.3244,0,0,0
FCR,T3e1,T3,2017-06-12 12:00:00,2.895635211,0,8.3644,0,0,0
FCR,T3e1,T3,2017-06-19 12:00:00,2.895635211,0,9.2373,0,0,0
FCR,T3e1,T3,2017-06-26 12:00:00,2.895635211,0,NA,0,0,1
FCR,T3e1,T3,2017-07-05 12:00:00,2.895635211,0,28.785,0,0,0
FCR,T3e1,T3,2017-07-10 12:00:00,2.895635211,0,6.1214,0,0,0
FCR,T3e1,T3,2017-07-17 12:00:00,2.895635211,0.08237033,5.4435,0,0,0
FCR,T3e1,T3,2017-07-24 12:00:00,2.895635211,0.103565061,3.9379,0,0,0
FCR,T3e1,T3,2017-07-31 12:00:00,2.895635211,0,6.4486,0,0,0
FCR,T3e1,T3,2017-08-07 12:00:00,2.895635211,0,36.041,0,0,0
FCR,T3e1,T3,2017-08-22 12:00:00,2.895635211,0,19.369,0,0,0
FCR,T3e1,T3,2017-09-04 12:00:00,2.895635211,0,11.643,0,0,0
FCR,T3e1,T3,2017-09-11 12:00:00,2.895635211,0.079523038,5.9801,0,0,0
FCR,T3e1,T3,2017-09-18 12:00:00,2.895635211,0.073667867,7.9542,0,0,0
FCR,T3e1,T3,2017-09-25 12:00:00,2.895635211,0.017444672,16.531,0,0,0
FCR,T3e1,T3,2017-10-02 12:00:00,2.895635211,0.068424931,12.557,0,0,0
FCR,T3e1,T3,2017-10-09 12:00:00,2.895635211,0.046092182,5.816,0,0,0
FCR,T3e1,T3,2017-10-16 12:00:00,2.895635211,0.175912635,19.147,0,0,0
FCR,T3e1,T3,2017-10-23 12:00:00,2.895635211,0,15.015,0,0,0
FCR,T3e1,T3,2017-10-30 12:00:00,2.895635211,NA,3.9945,0,1,0
FCR,T3e2,T3,2017-05-08 12:00:00,5.577907827,0.920373269,NA,0,0,1
FCR,T3e2,T3,2017-05-15 12:00:00,5.577907827,16.40573552,12.922,0,0,0
FCR,T3e2,T3,2017-05-22 12:00:00,5.577907827,0.269696759,5.022,0,0,0
FCR,T3e2,T3,2017-05-29 12:00:00,5.577907827,1.195642288,3.821,0,0,0
FCR,T3e2,T3,2017-06-05 12:00:00,5.577907827,13.05137095,6.6767,0,0,0
FCR,T3e2,T3,2017-06-12 12:00:00,5.577907827,0,9.8769,0,0,0
FCR,T3e2,T3,2017-06-19 12:00:00,5.577907827,5.335968215,14.503,0,0,0
FCR,T3e2,T3,2017-06-26 12:00:00,5.577907827,7.213633637,NA,0,0,1
FCR,T3e2,T3,2017-07-05 12:00:00,5.577907827,3.039755884,13.314,0,0,0
FCR,T3e2,T3,2017-07-10 12:00:00,5.577907827,15.25792879,8.1605,0,0,0
FCR,T3e2,T3,2017-07-17 12:00:00,5.577907827,5.381396745,1.3853,0,0,0
FCR,T3e2,T3,2017-07-24 12:00:00,5.577907827,32.99043208,8.0587,0,0,0
FCR,T3e2,T3,2017-07-31 12:00:00,5.577907827,43.62456366,6.0296,0,0,0
FCR,T3e2,T3,2017-08-07 12:00:00,5.577907827,2.459183748,47.605,0,0,0
FCR,T3e2,T3,2017-08-22 12:00:00,5.577907827,7.077649557,18.773,0,0,0
FCR,T3e2,T3,2017-09-04 12:00:00,5.577907827,3.63299248,11.482,0,0,0
FCR,T3e2,T3,2017-09-11 12:00:00,5.577907827,1.33252726,2.4441,0,0,0
FCR,T3e2,T3,2017-09-18 12:00:00,5.577907827,64.40608281,10.124,0,0,0
FCR,T3e2,T3,2017-09-25 12:00:00,5.577907827,18.34542793,17.933,0,0,0
FCR,T3e2,T3,2017-10-02 12:00:00,5.577907827,14.71259117,11.134,0,0,0
FCR,T3e2,T3,2017-10-09 12:00:00,5.577907827,0.047454041,7.8102,0,0,0
FCR,T3e2,T3,2017-10-16 12:00:00,5.577907827,53.54069912,39.581,0,0,0
FCR,T3e2,T3,2017-10-23 12:00:00,5.577907827,5.634879533,12.941,0,0,0
FCR,T3e2,T3,2017-10-30 12:00:00,5.577907827,NA,,0,1,0
FCR,T3e2,T3,2018-07-09 12:00:00,5.577907827,0.105585311,NA,0,0,1
FCR,T3e2,T3,2018-07-16 12:00:00,5.577907827,0.005878309,NA,0,0,1
FCR,T3e2,T3,2018-09-17 12:00:00,5.577907827,1.419517174,NA,0,0,1
FCR,T3e2,T3,2018-10-01 12:00:00,5.577907827,0.001496817,NA,0,0,1
FCR,T3e2,T3,2018-10-08 12:00:00,5.577907827,0.665373412,NA,0,0,1
FCR,T3e2,T3,2018-10-15 12:00:00,5.577907827,0.184459977,NA,0,0,1
FCR,T3e3,T3,2017-05-08 12:00:00,6.035113387,0.048098169,NA,0,0,1
FCR,T3e3,T3,2017-05-15 12:00:00,6.035113387,0.280469512,6.6447,0,0,0
FCR,T3e3,T3,2017-05-22 12:00:00,6.035113387,0,10.336,0,0,0
FCR,T3e3,T3,2017-05-29 12:00:00,6.035113387,4.46E-05,4.4541,0,0,0
FCR,T3e3,T3,2017-06-05 12:00:00,6.035113387,0,9.8058,0,0,0
FCR,T3e3,T3,2017-06-12 12:00:00,6.035113387,0.000458188,8.3129,0,0,0
FCR,T3e3,T3,2017-06-19 12:00:00,6.035113387,0.05108131,10.663,0,0,0
FCR,T3e3,T3,2017-06-26 12:00:00,6.035113387,0.016239173,NA,0,0,1
FCR,T3e3,T3,2017-07-05 12:00:00,6.035113387,0,10.444,0,0,0
FCR,T3e3,T3,2017-07-10 12:00:00,6.035113387,0.000263515,6.274,0,0,0
FCR,T3e3,T3,2017-07-17 12:00:00,6.035113387,0.03784643,3.9459,0,0,0
FCR,T3e3,T3,2017-07-24 12:00:00,6.035113387,0.08710821,8.9591,0,0,0
FCR,T3e3,T3,2017-07-31 12:00:00,6.035113387,0.007958335,4.8552,0,0,0
FCR,T3e3,T3,2017-08-07 12:00:00,6.035113387,0,15.84,0,0,0
FCR,T3e3,T3,2017-08-22 12:00:00,6.035113387,0,22.546,0,0,0
FCR,T3e3,T3,2017-09-04 12:00:00,6.035113387,0,11.928,0,0,0
FCR,T3e3,T3,2017-09-11 12:00:00,6.035113387,0.840931016,1.83,0,0,0
FCR,T3e3,T3,2017-09-18 12:00:00,6.035113387,,6.1959,0,0,0
FCR,T3e3,T3,2017-09-25 12:00:00,6.035113387,0,16.535,0,0,0
FCR,T3e3,T3,2017-10-02 12:00:00,6.035113387,,10.07,0,0,0
FCR,T3e3,T3,2017-10-09 12:00:00,6.035113387,0,5.3715,0,0,0
FCR,T3e3,T3,2017-10-16 12:00:00,6.035113387,0,37.457,0,0,0
FCR,T3e3,T3,2017-10-23 12:00:00,6.035113387,0,12.526,0,0,0
FCR,T3e3,T3,2017-10-30 12:00:00,6.035113387,NA,4.6528,0,1,0
FCR,T3e3,T3,2018-07-05 12:00:00,6.035113387,0.006371593,NA,0,0,1
FCR,T3e3,T3,2018-08-20 12:00:00,6.035113387,0.00659549,NA,0,0,1
FCR,T3e3,T3,2018-08-27 12:00:00,6.035113387,0.212752372,NA,0,0,1
FCR,T3e3,T3,2018-09-03 12:00:00,6.035113387,0.004468096,NA,0,0,1
FCR,T3e3,T3,2018-09-10 12:00:00,6.035113387,0.150621632,NA,0,0,1
FCR,T3e3,T3,2018-09-17 12:00:00,6.035113387,0.032918106,NA,0,0,1
FCR,T3e3,T3,2018-09-24 12:00:00,6.035113387,0.004298734,NA,0,0,1
FCR,T3e3,T3,2018-10-08 12:00:00,6.035113387,0.321062342,NA,0,0,1
FCR,T3e4,T3,2017-05-08 12:00:00,5.577907827,0.034027819,NA,0,0,1
FCR,T3e4,T3,2017-05-15 12:00:00,5.577907827,0.010303231,5.4402,0,0,0
FCR,T3e4,T3,2017-05-22 12:00:00,5.577907827,0,4.7628,0,0,0
FCR,T3e4,T3,2017-05-29 12:00:00,5.577907827,0.581839663,4.6074,0,0,0
FCR,T3e4,T3,2017-06-05 12:00:00,5.577907827,0,19.064,0,0,0
FCR,T3e4,T3,2017-06-12 12:00:00,5.577907827,0.067178771,9.1049,0,0,0
FCR,T3e4,T3,2017-06-19 12:00:00,5.577907827,8.423675438,22.151,0,0,0
FCR,T3e4,T3,2017-06-26 12:00:00,5.577907827,14.85812897,NA,0,0,1
FCR,T3e4,T3,2017-07-05 12:00:00,5.577907827,17.49796865,9.3192,0,0,0
FCR,T3e4,T3,2017-07-10 12:00:00,5.577907827,43.07374758,3.6863,0,0,0
FCR,T3e4,T3,2017-07-17 12:00:00,5.577907827,100.4491283,4.4904,0,0,0
FCR,T3e4,T3,2017-07-24 12:00:00,5.577907827,105.2372384,7.4379,0,0,0
FCR,T3e4,T3,2017-07-31 12:00:00,5.577907827,29.99321339,5.5668,0,0,0
FCR,T3e4,T3,2017-08-07 12:00:00,5.577907827,58.97780115,10.462,0,0,0
FCR,T3e4,T3,2017-08-22 12:00:00,5.577907827,58.95226193,15.95,0,0,0
FCR,T3e4,T3,2017-09-04 12:00:00,5.577907827,10.19557834,10.438,0,0,0
FCR,T3e4,T3,2017-09-11 12:00:00,5.577907827,16.72443409,5.5714,0,0,0
FCR,T3e4,T3,2017-09-18 12:00:00,5.577907827,37.90618152,2.4759,0,0,0
FCR,T3e4,T3,2017-09-25 12:00:00,5.577907827,60.61464589,20.067,0,0,0
FCR,T3e4,T3,2017-10-02 12:00:00,5.577907827,23.92540565,4.6606,0,0,0
FCR,T3e4,T3,2017-10-09 12:00:00,5.577907827,0,6.6521,0,0,0
FCR,T3e4,T3,2017-10-16 12:00:00,5.577907827,0,43.374,0,0,0
FCR,T3e4,T3,2017-10-23 12:00:00,5.577907827,0,,0,0,0
FCR,T3e4,T3,2017-10-30 12:00:00,5.577907827,NA,4.171,0,1,0
FCR,T4e1,T4,2017-05-08 12:00:00,2.072665204,3.19E-05,NA,0,0,1
FCR,T4e1,T4,2017-05-15 12:00:00,2.072665204,0.005599181,15.542,0,0,0
FCR,T4e1,T4,2017-05-22 12:00:00,2.072665204,0,12.77,0,0,0
FCR,T4e1,T4,2017-05-29 12:00:00,2.072665204,0.044417266,2.2088,0,0,0
FCR,T4e1,T4,2017-06-05 12:00:00,2.072665204,0.0021,6.071,0,0,0
FCR,T4e1,T4,2017-06-12 12:00:00,2.072665204,0.028665632,6.8255,0,0,0
FCR,T4e1,T4,2017-06-19 12:00:00,2.072665204,1.349772382,19.087,0,0,0
FCR,T4e1,T4,2017-06-26 12:00:00,2.072665204,1.935038925,NA,0,0,1
FCR,T4e1,T4,2017-07-05 12:00:00,2.072665204,0.044986345,1.6578,0,0,0
FCR,T4e1,T4,2017-07-10 12:00:00,2.072665204,0.002332731,3.0145,0,0,0
FCR,T4e1,T4,2017-07-17 12:00:00,2.072665204,0.183770561,4.0136,0,0,0
FCR,T4e1,T4,2017-07-24 12:00:00,2.072665204,0.269635257,6.4718,0,0,0
FCR,T4e1,T4,2017-07-31 12:00:00,2.072665204,0.664495929,8.5776,0,0,0
FCR,T4e1,T4,2017-08-07 12:00:00,2.072665204,1.452352691,21.355,0,0,0
FCR,T4e1,T4,2017-08-22 12:00:00,2.072665204,5.903962694,13.314,0,0,0
FCR,T4e1,T4,2017-09-04 12:00:00,2.072665204,1.163404318,9.8119,0,0,0
FCR,T4e1,T4,2017-09-11 12:00:00,2.072665204,0.317158414,4.1111,0,0,0
FCR,T4e1,T4,2017-09-18 12:00:00,2.072665204,0.416163739,2.2499,0,0,0
FCR,T4e1,T4,2017-09-25 12:00:00,2.072665204,0,11.935,0,0,0
FCR,T4e1,T4,2017-10-02 12:00:00,2.072665204,3.620088335,6.1175,0,0,0
FCR,T4e1,T4,2017-10-09 12:00:00,2.072665204,NA,NA,0,1,1
FCR,T4e1,T4,2017-10-16 12:00:00,2.072665204,2.598642138,15.046,0,0,0
FCR,T4e1,T4,2017-10-23 12:00:00,2.072665204,0,12.411,0,0,0
FCR,T4e1,T4,2017-10-30 12:00:00,2.072665204,NA,4.1739,0,1,0
FCR,T4e2,T4,2017-05-08 12:00:00,2.072665204,3.72E-05,NA,0,0,1
FCR,T4e2,T4,2017-05-15 12:00:00,2.072665204,0,10.772,0,0,0
FCR,T4e2,T4,2017-05-22 12:00:00,2.072665204,17.0235047,15.903,0,0,0
FCR,T4e2,T4,2017-05-29 12:00:00,2.072665204,0,1.3319,0,0,0
FCR,T4e2,T4,2017-06-05 12:00:00,2.072665204,0,8.0479,0,0,0
FCR,T4e2,T4,2017-06-12 12:00:00,2.072665204,0,10.283,0,0,0
FCR,T4e2,T4,2017-06-19 12:00:00,2.072665204,0.218569022,19.888,0,0,0
FCR,T4e2,T4,2017-06-26 12:00:00,2.072665204,0,NA,0,0,1
FCR,T4e2,T4,2017-07-05 12:00:00,2.072665204,0,8.0705,0,0,0
FCR,T4e2,T4,2017-07-10 12:00:00,2.072665204,0,4.537,0,0,0
FCR,T4e2,T4,2017-07-17 12:00:00,2.072665204,0.356947922,3.4626,0,0,0
FCR,T4e2,T4,2017-07-24 12:00:00,2.072665204,0.168638382,7.8598,0,0,0
FCR,T4e2,T4,2017-07-31 12:00:00,2.072665204,0.004319408,5.9384,0,0,0
FCR,T4e2,T4,2017-08-07 12:00:00,2.072665204,0,17.073,0,0,0
FCR,T4e2,T4,2017-08-22 12:00:00,2.072665204,0,13.482,0,0,0
FCR,T4e2,T4,2017-09-04 12:00:00,2.072665204,0.011991094,14.168,0,0,0
FCR,T4e2,T4,2017-09-11 12:00:00,2.072665204,2.440675531,3.4785,0,0,0
FCR,T4e2,T4,2017-09-18 12:00:00,2.072665204,1.250067154,2.0872,0,0,0
FCR,T4e2,T4,2017-09-25 12:00:00,2.072665204,2.137814699,11.089,0,0,0
FCR,T4e2,T4,2017-10-02 12:00:00,2.072665204,6.5868468,9.145,0,0,0
FCR,T4e2,T4,2017-10-09 12:00:00,2.072665204,NA,NA,0,1,1
FCR,T4e2,T4,2017-10-16 12:00:00,2.072665204,5.946451323,33.176,0,0,0
FCR,T4e2,T4,2017-10-23 12:00:00,2.072665204,6.844628653,7.0057,0,0,0
FCR,T4e2,T4,2017-10-30 12:00:00,2.072665204,NA,4.2456,0,1,0
FCR,T4e2,T4,2018-05-28 12:00:00,4.968300415,0.020392263,NA,0,0,1
FCR,T4e2,T4,2018-06-04 12:00:00,4.968300415,0.026314775,NA,0,0,1
FCR,T4e2,T4,2018-06-11 12:00:00,4.968300415,0.013178854,NA,0,0,1
FCR,T4e2,T4,2018-06-18 12:00:00,4.968300415,0.002204765,NA,0,0,1
FCR,T4e2,T4,2018-07-09 12:00:00,4.968300415,0.08528936,NA,0,0,1
FCR,T4e2,T4,2018-07-16 12:00:00,4.968300415,0.042203207,NA,0,0,1
FCR,T4e2,T4,2018-07-23 12:00:00,4.968300415,0.196659327,NA,0,0,1
FCR,T4e2,T4,2018-07-30 12:00:00,4.968300415,0.120941009,NA,0,0,1
FCR,T4e2,T4,2018-08-06 12:00:00,4.968300415,0.005442156,NA,0,0,1
FCR,T4e2,T4,2018-08-20 12:00:00,4.968300415,0.007018012,NA,0,0,1
FCR,T4e2,T4,2018-08-27 12:00:00,4.968300415,1.86339469,NA,0,0,1
FCR,T4e2,T4,2018-09-03 12:00:00,4.968300415,0.456758349,NA,0,0,1
FCR,T4e2,T4,2018-09-10 12:00:00,4.968300415,0.452680029,NA,0,0,1
FCR,T4e2,T4,2018-09-17 12:00:00,4.968300415,0.497845429,NA,0,0,1
FCR,T4e2,T4,2018-09-24 12:00:00,4.968300415,0.023999476,NA,0,0,1
FCR,T4e2,T4,2018-10-01 12:00:00,4.968300415,0.135982826,NA,0,0,1
FCR,T4e2,T4,2018-10-08 12:00:00,4.968300415,6.375937619,NA,0,0,1
FCR,T4e2,T4,2018-10-15 12:00:00,4.968300415,0.017469763,NA,0,0,1
FCR,T4e2,T4,2018-10-22 12:00:00,4.968300415,1.205730049,NA,0,0,1
FCR,T4e3,T4,2017-05-08 12:00:00,5.913191904,0.002665103,NA,0,0,1
FCR,T4e3,T4,2017-05-15 12:00:00,5.913191904,0,10.125,0,0,0
FCR,T4e3,T4,2017-05-22 12:00:00,5.913191904,0,11.159,0,0,0
FCR,T4e3,T4,2017-05-29 12:00:00,5.913191904,0,3.4931,0,0,0
FCR,T4e3,T4,2017-06-05 12:00:00,5.913191904,0,8.9679,0,0,0
FCR,T4e3,T4,2017-06-12 12:00:00,5.913191904,0,12.459,0,0,0
FCR,T4e3,T4,2017-06-19 12:00:00,5.913191904,0.114498109,7.5613,0,0,0
FCR,T4e3,T4,2017-06-26 12:00:00,5.913191904,3.30E-05,NA,0,0,1
FCR,T4e3,T4,2017-07-05 12:00:00,5.913191904,0,5.0243,0,0,0
FCR,T4e3,T4,2017-07-10 12:00:00,5.913191904,0.000136113,3.5587,0,0,0
FCR,T4e3,T4,2017-07-17 12:00:00,5.913191904,0.028808345,3.6696,0,0,0
FCR,T4e3,T4,2017-07-24 12:00:00,5.913191904,0.164144393,8.1223,0,0,0
FCR,T4e3,T4,2017-07-31 12:00:00,5.913191904,0.009227591,2.8294,0,0,0
FCR,T4e3,T4,2017-08-07 12:00:00,5.913191904,0,17.496,0,0,0
FCR,T4e3,T4,2017-08-22 12:00:00,5.913191904,0,18.841,0,0,0
FCR,T4e3,T4,2017-09-04 12:00:00,5.913191904,0,6.4536,0,0,0
FCR,T4e3,T4,2017-09-11 12:00:00,5.913191904,0,4.6394,0,0,0
FCR,T4e3,T4,2017-09-18 12:00:00,5.913191904,0,1.8182,0,0,0
FCR,T4e3,T4,2017-09-25 12:00:00,5.913191904,0,12.575,0,0,0
FCR,T4e3,T4,2017-10-02 12:00:00,5.913191904,0,5.7816,0,0,0
FCR,T4e3,T4,2017-10-09 12:00:00,5.913191904,NA,NA,0,1,1
FCR,T4e3,T4,2017-10-16 12:00:00,5.913191904,0,21.44,0,0,0
FCR,T4e3,T4,2017-10-23 12:00:00,5.913191904,0,7.0544,0,0,0
FCR,T4e3,T4,2017-10-30 12:00:00,5.913191904,NA,4.1736,0,1,0
FCR,T4e3,T4,2018-05-21 12:00:00,2.072665204,0.012285965,NA,0,0,1
FCR,T4e3,T4,2018-05-28 12:00:00,5.913191904,6.79E-05,NA,0,0,1
FCR,T4e3,T4,2018-06-25 12:00:00,5.913191904,0.094857557,NA,0,0,1
FCR,T4e3,T4,2018-07-05 12:00:00,5.913191904,0.001778613,NA,0,0,1
FCR,T4e3,T4,2018-09-03 12:00:00,5.913191904,0.422043951,NA,0,0,1
FCR,T4e3,T4,2018-09-17 12:00:00,5.913191904,0.359936379,NA,0,0,1
FCR,T4e3,T4,2018-10-15 12:00:00,5.913191904,7.59E-05,NA,0,0,1
FCR,T4e3,T4,2018-10-22 12:00:00,5.913191904,4.161650142,NA,0,0,1
FCR,T4e3,T4,2018-10-29 12:00:00,5.913191904,6.73E-05,NA,0,0,1
FCR,T4e4,T4,2017-05-08 12:00:00,4.968300415,6.96E-06,NA,0,0,1
FCR,T4e4,T4,2017-05-15 12:00:00,4.968300415,0.006568357,7.0779,0,0,0
FCR,T4e4,T4,2017-05-22 12:00:00,4.968300415,0,11.663,0,0,0
FCR,T4e4,T4,2017-05-29 12:00:00,4.968300415,0,3.1297,0,0,0
FCR,T4e4,T4,2017-06-05 12:00:00,4.968300415,0,10.661,0,0,0
FCR,T4e4,T4,2017-06-12 12:00:00,4.968300415,0,6.027,0,0,0
FCR,T4e4,T4,2017-06-19 12:00:00,4.968300415,0.005026725,12.545,0,0,0
FCR,T4e4,T4,2017-06-26 12:00:00,4.968300415,0,NA,0,0,1
FCR,T4e4,T4,2017-07-05 12:00:00,4.968300415,0,5.9303,0,0,0
FCR,T4e4,T4,2017-07-10 12:00:00,4.968300415,2.07E-05,2.8724,0,0,0
FCR,T4e4,T4,2017-07-17 12:00:00,4.968300415,0.02776416,2.8608,0,0,0
FCR,T4e4,T4,2017-07-24 12:00:00,4.968300415,0.057357609,2.8559,0,0,0
FCR,T4e4,T4,2017-07-31 12:00:00,4.968300415,0.002099512,4.2129,0,0,0
FCR,T4e4,T4,2017-08-07 12:00:00,4.968300415,0,23.417,0,0,0
FCR,T4e4,T4,2017-08-22 12:00:00,4.968300415,0,17.1,0,0,0
FCR,T4e4,T4,2017-09-04 12:00:00,4.968300415,0,8.8216,0,0,0
FCR,T4e4,T4,2017-09-11 12:00:00,4.968300415,0.000733355,5.2271,0,0,0
FCR,T4e4,T4,2017-09-18 12:00:00,4.968300415,0,2.4245,0,0,0
FCR,T4e4,T4,2017-09-25 12:00:00,4.968300415,0,12.508,0,0,0
FCR,T4e4,T4,2017-10-02 12:00:00,4.968300415,0,5.8428,0,0,0
FCR,T4e4,T4,2017-10-09 12:00:00,4.968300415,NA,NA,0,1,1
FCR,T4e4,T4,2017-10-16 12:00:00,4.968300415,0.013812069,17.778,0,0,0
FCR,T4e4,T4,2017-10-23 12:00:00,4.968300415,0,6.2407,0,0,0
FCR,T4e4,T4,2017-10-30 12:00:00,4.968300415,NA,3.98256,0,1,0
FCR,T5e1,T5,2017-05-08 12:00:00,6.919044136,1.80E-05,NA,0,0,1
FCR,T5e1,T5,2017-05-15 12:00:00,6.919044136,0,10.979,0,0,0
FCR,T5e1,T5,2017-05-22 12:00:00,6.919044136,0,11.769,0,0,0
FCR,T5e1,T5,2017-05-29 12:00:00,6.919044136,0,3.0678,0,0,0
FCR,T5e1,T5,2017-06-05 12:00:00,6.919044136,0,12.825,0,0,0
FCR,T5e1,T5,2017-06-12 12:00:00,6.919044136,0,12.254,0,0,0
FCR,T5e1,T5,2017-06-19 12:00:00,6.919044136,0.131775224,13.818,0,0,0
FCR,T5e1,T5,2017-06-26 12:00:00,6.919044136,0.042666441,13.56,0,0,0
FCR,T5e1,T5,2017-07-05 12:00:00,6.919044136,0,3.2885,0,0,0
FCR,T5e1,T5,2017-07-10 12:00:00,6.919044136,0,3.6042,0,0,0
FCR,T5e1,T5,2017-07-17 12:00:00,6.919044136,0.021931331,5.9577,0,0,0
FCR,T5e1,T5,2017-07-24 12:00:00,6.919044136,0.06245164,4.1595,0,0,0
FCR,T5e1,T5,2017-07-31 12:00:00,6.919044136,0,16.657,0,0,0
FCR,T5e1,T5,2017-08-07 12:00:00,6.919044136,0,19.108,0,0,0
FCR,T5e1,T5,2017-08-14 12:00:00,6.919044136,0,9.0904,0,0,0
FCR,T5e1,T5,2017-08-22 12:00:00,6.919044136,0,11.946,0,0,0
FCR,T5e1,T5,2017-09-04 12:00:00,6.919044136,0,NA,0,0,1
FCR,T5e1,T5,2017-09-11 12:00:00,6.919044136,0.009115809,4.3001,0,0,0
FCR,T5e1,T5,2017-09-18 12:00:00,6.919044136,0,2.9296,0,0,0
FCR,T5e1,T5,2017-09-25 12:00:00,6.919044136,0,3.1964,0,0,0
FCR,T5e1,T5,2017-10-02 12:00:00,6.919044136,0,12.102,0,0,0
FCR,T5e1,T5,2017-10-09 12:00:00,6.919044136,0,17.7225,0,0,0
FCR,T5e1,T5,2017-10-16 12:00:00,6.919044136,0,23.343,0,0,0
FCR,T5e1,T5,2017-10-23 12:00:00,6.919044136,0,8.5625,0,0,0
FCR,T5e2,T5,2017-05-08 12:00:00,9.723238235,0.173075694,NA,0,0,1
FCR,T5e2,T5,2017-05-15 12:00:00,9.723238235,0.062711668,16.675,0,0,0
FCR,T5e2,T5,2017-05-22 12:00:00,9.723238235,0.004036264,12.858,0,0,0
FCR,T5e2,T5,2017-05-29 12:00:00,9.723238235,11.44479217,3.4824,0,0,0
FCR,T5e2,T5,2017-06-05 12:00:00,9.723238235,26.49616755,13.338,0,0,0
FCR,T5e2,T5,2017-06-12 12:00:00,9.723238235,21.34099268,17.088,0,0,0
FCR,T5e2,T5,2017-06-19 12:00:00,9.723238235,30.56768297,15.0325,0,0,0
FCR,T5e2,T5,2017-06-26 12:00:00,9.723238235,61.80419213,13.939,0,0,0
FCR,T5e2,T5,2017-07-05 12:00:00,9.723238235,19.42205252,7.4361,0,0,0
FCR,T5e2,T5,2017-07-10 12:00:00,9.723238235,30.74032402,3.3856,0,0,0
FCR,T5e2,T5,2017-07-17 12:00:00,9.723238235,33.193724,3.245,0,0,0
FCR,T5e2,T5,2017-07-24 12:00:00,9.723238235,31.69009002,6.3289,0,0,0
FCR,T5e2,T5,2017-07-31 12:00:00,9.723238235,22.11445457,62.296,0,0,0
FCR,T5e2,T5,2017-08-07 12:00:00,9.723238235,43.05614326,16.86,0,0,0
FCR,T5e2,T5,2017-08-14 12:00:00,9.723238235,24.78656726,NA,0,0,1
FCR,T5e2,T5,2017-08-22 12:00:00,9.723238235,29.33593646,7.1798,0,0,0
FCR,T5e2,T5,2017-09-04 12:00:00,9.723238235,0,9.1891,0,0,0
FCR,T5e2,T5,2017-09-11 12:00:00,9.723238235,40.15517024,3.1872,0,0,0
FCR,T5e2,T5,2017-09-18 12:00:00,9.723238235,39.85730543,5.9665,0,0,0
FCR,T5e2,T5,2017-09-25 12:00:00,9.723238235,43.43995448,10.126,0,0,0
FCR,T5e2,T5,2017-10-02 12:00:00,9.723238235,21.69582003,10.252,0,0,0
FCR,T5e2,T5,2017-10-09 12:00:00,9.723238235,34.74049466,9.7615,0,0,0
FCR,T5e2,T5,2017-10-16 12:00:00,9.723238235,38.1740243,20.361,0,0,0
FCR,T5e2,T5,2017-10-23 12:00:00,9.723238235,7.401953743,8.3459,0,0,0
FCR,T5e2,T5,2018-08-06 12:00:00,9.723238235,0.003202377,NA,0,0,1
FCR,T5e2,T5,2018-09-03 12:00:00,9.723238235,0.260256305,NA,0,0,1
FCR,T5e2,T5,2018-09-17 12:00:00,9.723238235,33.70828954,NA,0,0,1
FCR,T5e2,T5,2018-10-08 12:00:00,9.723238235,0.000278054,NA,0,0,1
FCR,T5e2,T5,2018-10-15 12:00:00,9.723238235,4.01E-06,NA,0,0,1
FCR,T5e2,T5,2018-10-22 12:00:00,9.723238235,0.054507175,NA,0,0,1
FCR,T5e3,T5,2017-05-08 12:00:00,8.717386003,0.001343835,NA,0,0,1
FCR,T5e3,T5,2017-05-15 12:00:00,8.717386003,4.49E-05,17.372,0,0,0
FCR,T5e3,T5,2017-05-22 12:00:00,8.717386003,0,5.3318,0,0,0
FCR,T5e3,T5,2017-05-29 12:00:00,8.717386003,0.016925501,5.8118,0,0,0
FCR,T5e3,T5,2017-06-05 12:00:00,8.717386003,33.47065748,9.746,0,0,0
FCR,T5e3,T5,2017-06-12 12:00:00,8.717386003,6.286324973,11.906,0,0,0
FCR,T5e3,T5,2017-06-19 12:00:00,8.717386003,67.69726728,32.854,0,0,0
FCR,T5e3,T5,2017-06-26 12:00:00,8.717386003,100.7285517,16.521,0,0,0
FCR,T5e3,T5,2017-07-05 12:00:00,8.717386003,13.24967018,4.2823,0,0,0
FCR,T5e3,T5,2017-07-10 12:00:00,8.717386003,28.97543571,3.9278,0,0,0
FCR,T5e3,T5,2017-07-17 12:00:00,8.717386003,23.42449363,4.3057,0,0,0
FCR,T5e3,T5,2017-07-24 12:00:00,8.717386003,41.19750563,4.8965,0,0,0
FCR,T5e3,T5,2017-07-31 12:00:00,8.717386003,16.98086249,33.553,0,0,0
FCR,T5e3,T5,2017-08-07 12:00:00,8.717386003,60.05691416,16.935,0,0,0
FCR,T5e3,T5,2017-08-14 12:00:00,8.717386003,22.59195079,11.471,0,0,0
FCR,T5e3,T5,2017-08-22 12:00:00,8.717386003,23.54646838,NA,0,0,1
FCR,T5e3,T5,2017-09-04 12:00:00,8.717386003,0,14.726,0,0,0
FCR,T5e3,T5,2017-09-11 12:00:00,8.717386003,40.57932201,2.3185,0,0,0
FCR,T5e3,T5,2017-09-18 12:00:00,8.717386003,25.42118078,4.2245,0,0,0
FCR,T5e3,T5,2017-09-25 12:00:00,8.717386003,38.84321599,13.147,0,0,0
FCR,T5e3,T5,2017-10-02 12:00:00,8.717386003,,10.027,0,0,0
FCR,T5e3,T5,2017-10-09 12:00:00,8.717386003,29.48941498,9.1239,0,0,0
FCR,T5e3,T5,2017-10-16 12:00:00,8.717386003,32.15031078,18.131,0,0,0
FCR,T5e3,T5,2017-10-23 12:00:00,8.717386003,0.388434364,8.3325,0,0,0
FCR,T5e3,T5,2018-06-04 12:00:00,8.717386003,0.032254631,NA,0,0,1
FCR,T5e3,T5,2018-06-18 12:00:00,8.717386003,0.530668528,NA,0,0,1
FCR,T5e3,T5,2018-06-25 12:00:00,8.717386003,7.879274877,NA,0,0,1
FCR,T5e3,T5,2018-07-05 12:00:00,8.717386003,0.737200484,NA,0,0,1
FCR,T5e3,T5,2018-07-09 12:00:00,8.717386003,14.44487857,NA,0,0,1
FCR,T5e3,T5,2018-07-16 12:00:00,8.717386003,0.040516406,NA,0,0,1
FCR,T5e3,T5,2018-07-23 12:00:00,8.717386003,19.13802593,NA,0,0,1
FCR,T5e3,T5,2018-07-30 12:00:00,8.717386003,0.006783119,NA,0,0,1
FCR,T5e3,T5,2018-08-06 12:00:00,8.717386003,3.27089373,NA,0,0,1
FCR,T5e3,T5,2018-08-20 12:00:00,8.717386003,0.000399149,NA,0,0,1
FCR,T5e3,T5,2018-08-27 12:00:00,8.717386003,1.177794623,NA,0,0,1
FCR,T5e3,T5,2018-09-03 12:00:00,8.717386003,0.007265684,NA,0,0,1
FCR,T5e3,T5,2018-09-10 12:00:00,8.717386003,11.01247524,NA,0,0,1
FCR,T5e3,T5,2018-10-08 12:00:00,8.717386003,1.52351659,NA,0,0,1
FCR,T5e3,T5,2018-10-15 12:00:00,8.717386003,0.464204368,NA,0,0,1
FCR,T5e3,T5,2018-10-22 12:00:00,8.717386003,5.771947361,NA,0,0,1
FCR,T5e3,T5,2018-10-29 12:00:00,8.717386003,5.912220419,NA,0,0,1
FCR,T5e4,T5,2017-05-08 12:00:00,2.560351134,2.86E-04,NA,0,0,1
FCR,T5e4,T5,2017-05-15 12:00:00,2.560351134,0,8.1735,0,0,0
FCR,T5e4,T5,2017-05-22 12:00:00,2.560351134,1.17E-05,7.8064,0,0,0
FCR,T5e4,T5,2017-05-29 12:00:00,2.560351134,0.018197228,4.2287,0,0,0
FCR,T5e4,T5,2017-06-05 12:00:00,2.560351134,0,9.2004,0,0,0
FCR,T5e4,T5,2017-06-12 12:00:00,2.560351134,0,5.0805,0,0,0
FCR,T5e4,T5,2017-06-19 12:00:00,2.560351134,0,24.366,0,0,0
FCR,T5e4,T5,2017-06-26 12:00:00,2.560351134,0,14.68965,0,0,0
FCR,T5e4,T5,2017-07-05 12:00:00,2.560351134,0.035888819,5.0133,0,0,0
FCR,T5e4,T5,2017-07-10 12:00:00,2.560351134,0.338296778,6.1692,0,0,0
FCR,T5e4,T5,2017-07-17 12:00:00,2.560351134,0.045621741,2.6613,0,0,0
FCR,T5e4,T5,2017-07-24 12:00:00,2.560351134,0.531163272,6.5884,0,0,0
FCR,T5e4,T5,2017-07-31 12:00:00,2.560351134,0.021820148,4.1341,0,0,0
FCR,T5e4,T5,2017-08-07 12:00:00,2.560351134,0,49.021,0,0,0
FCR,T5e4,T5,2017-08-14 12:00:00,2.560351134,0,24.938,0,0,0
FCR,T5e4,T5,2017-08-22 12:00:00,2.560351134,0,11.846,0,0,0
FCR,T5e4,T5,2017-09-04 12:00:00,2.560351134,0,8.4755,0,0,0
FCR,T5e4,T5,2017-09-11 12:00:00,2.560351134,1.972808929,3.1147,0,0,0
FCR,T5e4,T5,2017-09-18 12:00:00,2.560351134,0,2.9642,0,0,0
FCR,T5e4,T5,2017-09-25 12:00:00,2.560351134,0,4.4858,0,0,0
FCR,T5e4,T5,2017-10-02 12:00:00,2.560351134,0,8.7556,0,0,0
FCR,T5e4,T5,2017-10-09 12:00:00,2.560351134,0,18.3408,0,0,0
FCR,T5e4,T5,2017-10-16 12:00:00,2.560351134,0,27.926,0,0,0
FCR,T5e4,T5,2017-10-23 12:00:00,2.560351134,0,6.0153,0,0,0
