"DateTime","depth","temp","DateTime_H"
"2016-12-02 14:35:12",0.1,8.7574,2016-12-02 14:00:00
"2016-12-02 14:35:12",1,8.7036,2016-12-02 14:00:00
"2016-12-02 14:35:12",2,8.6171,2016-12-02 14:00:00
"2016-12-02 14:35:12",3,8.4897,2016-12-02 14:00:00
"2016-12-02 14:35:12",4,8.3821,2016-12-02 14:00:00
"2016-12-02 14:35:12",5,8.1329,2016-12-02 14:00:00
"2016-12-02 14:35:12",6,8.0515,2016-12-02 14:00:00
"2016-12-02 14:35:12",7,8.0219,2016-12-02 14:00:00
"2016-12-02 14:35:12",8,8.0107,2016-12-02 14:00:00
"2016-12-02 14:35:12",9,8.0059,2016-12-02 14:00:00
"2016-12-02 14:35:12",9.2,8.005,2016-12-02 14:00:00
"2017-02-06 09:30:00",0.1,4.45,2017-02-06 09:00:00
"2017-02-06 09:30:00",1,4.2,2017-02-06 09:00:00
"2017-02-06 09:30:00",2,4.1,2017-02-06 09:00:00
"2017-02-06 09:30:00",3,4.1,2017-02-06 09:00:00
"2017-02-06 09:30:00",4,4.1,2017-02-06 09:00:00
"2017-02-06 09:30:00",5,4.1,2017-02-06 09:00:00
"2017-02-06 09:30:00",6,4.1,2017-02-06 09:00:00
"2017-02-27 09:50:00",0.1,7.8,2017-02-27 09:00:00
"2017-02-27 09:50:00",1,8.9,2017-02-27 09:00:00
"2017-02-27 09:50:00",2,8.8,2017-02-27 09:00:00
"2017-02-27 09:50:00",3,8.2,2017-02-27 09:00:00
"2017-02-27 09:50:00",4,7.4,2017-02-27 09:00:00
"2017-02-27 09:50:00",5,7.1,2017-02-27 09:00:00
"2017-02-27 09:50:00",6,6.9,2017-02-27 09:00:00
"2017-02-27 09:50:00",8,6.6,2017-02-27 09:00:00
"2017-02-27 09:50:00",9,6.5,2017-02-27 09:00:00
"2017-02-27 09:50:00",9.2,6.5,2017-02-27 09:00:00
"2017-03-12 12:00:00",0.1,7.8657,2017-03-12 12:00:00
"2017-03-12 12:00:00",1,7.9477,2017-03-12 12:00:00
"2017-03-12 12:00:00",2,7.9806,2017-03-12 12:00:00
"2017-03-12 12:00:00",3,8.0272,2017-03-12 12:00:00
"2017-03-12 12:00:00",4,8.0348,2017-03-12 12:00:00
"2017-03-12 12:00:00",5,8.0632,2017-03-12 12:00:00
"2017-03-12 12:00:00",6,8.0734,2017-03-12 12:00:00
"2017-03-12 12:00:00",7,8.0211,2017-03-12 12:00:00
"2017-03-12 12:00:00",8,7.9196,2017-03-12 12:00:00
"2017-03-12 12:00:00",9,7.9164,2017-03-12 12:00:00
"2017-03-12 12:00:00",9.2,7.9143,2017-03-12 12:00:00
"2017-03-13 11:00:00",0.1,8.1,2017-03-13 11:00:00
"2017-03-13 11:00:00",2,8.1,2017-03-13 11:00:00
"2017-03-13 11:00:00",4,8,2017-03-13 11:00:00
"2017-03-13 11:00:00",5,7.9,2017-03-13 11:00:00
"2017-03-13 11:00:00",6,7.8,2017-03-13 11:00:00
"2017-03-13 11:00:00",8,7.6,2017-03-13 11:00:00
"2017-03-13 11:00:00",9,7.5,2017-03-13 11:00:00
"2017-03-13 11:00:00",9.2,7.5,2017-03-13 11:00:00
"2017-03-26 12:00:00",0.1,11.696,2017-03-26 12:00:00
"2017-03-26 12:00:00",1,11.7836,2017-03-26 12:00:00
"2017-03-26 12:00:00",2,11.7219,2017-03-26 12:00:00
"2017-03-26 12:00:00",3,10.4396,2017-03-26 12:00:00
"2017-03-26 12:00:00",4,9.2932,2017-03-26 12:00:00
"2017-03-26 12:00:00",5,8.5213,2017-03-26 12:00:00
"2017-03-26 12:00:00",6,8.2932,2017-03-26 12:00:00
"2017-03-26 12:00:00",7,7.7588,2017-03-26 12:00:00
"2017-03-26 12:00:00",8,7.3781,2017-03-26 12:00:00
"2017-03-26 12:00:00",9,7.0476,2017-03-26 12:00:00
"2017-03-26 12:00:00",9.2,7.0409,2017-03-26 12:00:00
"2017-03-27 11:00:00",0.1,12.4,2017-03-27 11:00:00
"2017-03-27 12:00:00",1,11.8,2017-03-27 12:00:00
"2017-03-27 12:00:00",2,11.3,2017-03-27 12:00:00
"2017-03-27 12:00:00",3,9.6,2017-03-27 12:00:00
"2017-03-27 12:00:00",4,8.7,2017-03-27 12:00:00
"2017-03-27 12:00:00",5,8.2,2017-03-27 12:00:00
"2017-03-27 12:00:00",6,7.8,2017-03-27 12:00:00
"2017-03-27 12:00:00",8,5.1,2017-03-27 12:00:00
"2017-03-27 12:00:00",9,6.8,2017-03-27 12:00:00
"2017-03-27 12:00:00",9.2,6.8,2017-03-27 12:00:00
"2017-04-09 12:00:00",0.1,13.4659,2017-04-09 12:00:00
"2017-04-09 12:00:00",1,13.7861,2017-04-09 12:00:00
"2017-04-09 12:00:00",2,13.19,2017-04-09 12:00:00
"2017-04-09 12:00:00",3,12.13,2017-04-09 12:00:00
"2017-04-09 12:00:00",4,11.4403,2017-04-09 12:00:00
"2017-04-09 12:00:00",5,10.6928,2017-04-09 12:00:00
"2017-04-09 12:00:00",6,9.1368,2017-04-09 12:00:00
"2017-04-09 12:00:00",7,8.4274,2017-04-09 12:00:00
"2017-04-09 12:00:00",8,8.3368,2017-04-09 12:00:00
"2017-04-09 12:00:00",9,8.0856,2017-04-09 12:00:00
"2017-04-09 12:00:00",9.2,8.0262,2017-04-09 12:00:00
"2017-04-10 11:45:00",0.1,13.9,2017-04-10 11:00:00
"2017-04-10 11:45:00",1,13.1,2017-04-10 11:00:00
"2017-04-10 11:45:00",2,12.7,2017-04-10 11:00:00
"2017-04-10 11:45:00",3,11.7,2017-04-10 11:00:00
"2017-04-10 11:45:00",4,11,2017-04-10 11:00:00
"2017-04-10 11:45:00",5,9.5,2017-04-10 11:00:00
"2017-04-10 11:45:00",6,8.5,2017-04-10 11:00:00
"2017-04-10 11:45:00",8,8.1,2017-04-10 11:00:00
"2017-04-10 11:45:00",9,7.8,2017-04-10 11:00:00
"2017-04-10 11:45:00",9.2,7.8,2017-04-10 11:00:00
"2017-04-16 12:00:00",0.1,19.0712,2017-04-16 12:00:00
"2017-04-16 12:00:00",1,17.6792,2017-04-16 12:00:00
"2017-04-16 12:00:00",2,13.854,2017-04-16 12:00:00
"2017-04-16 12:00:00",3,11.6361,2017-04-16 12:00:00
"2017-04-16 12:00:00",4,10.5119,2017-04-16 12:00:00
"2017-04-16 12:00:00",5,9.0327,2017-04-16 12:00:00
"2017-04-16 12:00:00",6,8.3336,2017-04-16 12:00:00
"2017-04-16 12:00:00",7,8.15,2017-04-16 12:00:00
"2017-04-16 12:00:00",8,8.0752,2017-04-16 12:00:00
"2017-04-16 12:00:00",9,8.0094,2017-04-16 12:00:00
"2017-04-16 12:00:00",9.2,8.0004,2017-04-16 12:00:00
"2017-04-17 10:04:00",0.1,18.05,2017-04-17 10:00:00
"2017-04-17 10:04:00",2,17.3,2017-04-17 10:00:00
"2017-04-17 10:04:00",4,12,2017-04-17 10:00:00
"2017-04-17 10:04:00",5,10.3,2017-04-17 10:00:00
"2017-04-17 10:04:00",6,8.9,2017-04-17 10:00:00
"2017-04-17 10:04:00",8,8.3,2017-04-17 10:00:00
"2017-04-17 10:04:00",9,8.1,2017-04-17 10:00:00
"2017-04-17 10:04:00",9.2,8.1,2017-04-17 10:00:00
"2017-04-23 12:00:00",0.1,16.1635,2017-04-23 12:00:00
"2017-04-23 12:00:00",1,16.0313,2017-04-23 12:00:00
"2017-04-23 12:00:00",2,14.2371,2017-04-23 12:00:00
"2017-04-23 12:00:00",3,12.2878,2017-04-23 12:00:00
"2017-04-23 12:00:00",4,10.4422,2017-04-23 12:00:00
"2017-04-23 12:00:00",5,8.9724,2017-04-23 12:00:00
"2017-04-23 12:00:00",6,8.9102,2017-04-23 12:00:00
"2017-04-23 12:00:00",7,8.9566,2017-04-23 12:00:00
"2017-04-23 12:00:00",8,8.9704,2017-04-23 12:00:00
"2017-04-23 12:00:00",9,8.9402,2017-04-23 12:00:00
"2017-04-23 12:00:00",9.2,8.9413,2017-04-23 12:00:00
"2017-04-30 12:00:00",0.1,19.4914,2017-04-30 12:00:00
"2017-04-30 12:00:00",1,17.6644,2017-04-30 12:00:00
"2017-04-30 12:00:00",2,14.4583,2017-04-30 12:00:00
"2017-04-30 12:00:00",3,12.0095,2017-04-30 12:00:00
"2017-04-30 12:00:00",4,10.2747,2017-04-30 12:00:00
"2017-04-30 12:00:00",5,9.3758,2017-04-30 12:00:00
"2017-04-30 12:00:00",6,9.351,2017-04-30 12:00:00
"2017-04-30 12:00:00",7,9.3382,2017-04-30 12:00:00
"2017-04-30 12:00:00",8,9.3325,2017-04-30 12:00:00
"2017-04-30 12:00:00",9,9.3285,2017-04-30 12:00:00
"2017-04-30 12:00:00",9.2,9.3533,2017-04-30 12:00:00
"2017-05-01 12:00:00",0.1,19.65,2017-05-01 12:00:00
"2017-05-01 12:00:00",2,17.5,2017-05-01 12:00:00
"2017-05-01 12:00:00",4,11.8,2017-05-01 12:00:00
"2017-05-01 12:00:00",5,9.4,2017-05-01 12:00:00
"2017-05-01 12:00:00",6,9.3,2017-05-01 12:00:00
"2017-05-01 12:00:00",8,9.3,2017-05-01 12:00:00
"2017-05-01 12:00:00",9,9.3,2017-05-01 12:00:00
"2017-05-01 12:00:00",9.2,9.3,2017-05-01 12:00:00
"2017-05-04 12:00:00",0.1,17.1867,2017-05-04 12:00:00
"2017-05-04 12:00:00",1,16.3492,2017-05-04 12:00:00
"2017-05-04 12:00:00",2,15.0129,2017-05-04 12:00:00
"2017-05-04 12:00:00",3,11.982,2017-05-04 12:00:00
"2017-05-04 12:00:00",4,10.2193,2017-05-04 12:00:00
"2017-05-04 12:00:00",5,9.5569,2017-05-04 12:00:00
"2017-05-04 12:00:00",6,9.567,2017-05-04 12:00:00
"2017-05-04 12:00:00",7,9.5404,2017-05-04 12:00:00
"2017-05-04 12:00:00",8,9.5348,2017-05-04 12:00:00
"2017-05-04 12:00:00",9,9.5336,2017-05-04 12:00:00
"2017-05-04 12:00:00",9.2,9.5331,2017-05-04 12:00:00
"2017-05-07 12:00:00",0.1,14.9571,2017-05-07 12:00:00
"2017-05-07 12:00:00",1,14.8675,2017-05-07 12:00:00
"2017-05-07 12:00:00",2,14.698,2017-05-07 12:00:00
"2017-05-07 12:00:00",3,12.4828,2017-05-07 12:00:00
"2017-05-07 12:00:00",4,9.7701,2017-05-07 12:00:00
"2017-05-07 12:00:00",5,9.6964,2017-05-07 12:00:00
"2017-05-07 12:00:00",6,9.6778,2017-05-07 12:00:00
"2017-05-07 12:00:00",7,9.6684,2017-05-07 12:00:00
"2017-05-07 12:00:00",8,9.6652,2017-05-07 12:00:00
"2017-05-07 12:00:00",9,9.6664,2017-05-07 12:00:00
"2017-05-07 12:00:00",9.2,9.6671,2017-05-07 12:00:00
"2017-05-08 09:39:00",0.1,14.95,2017-05-08 09:00:00
"2017-05-08 09:39:00",1,15,2017-05-08 09:00:00
"2017-05-08 09:39:00",2,14.8,2017-05-08 09:00:00
"2017-05-08 09:39:00",3,13.7,2017-05-08 09:00:00
"2017-05-08 09:39:00",4,12.4,2017-05-08 09:00:00
"2017-05-08 09:39:00",5,9.8,2017-05-08 09:00:00
"2017-05-08 09:39:00",6,9.7,2017-05-08 09:00:00
"2017-05-08 09:39:00",8,9.7,2017-05-08 09:00:00
"2017-05-08 09:39:00",9,9.6,2017-05-08 09:00:00
"2017-05-08 09:39:00",9.2,9.6,2017-05-08 09:00:00
"2017-05-09 12:00:00",0.1,15.0035,2017-05-09 12:00:00
"2017-05-09 12:00:00",1,14.794,2017-05-09 12:00:00
"2017-05-09 12:00:00",2,13.5531,2017-05-09 12:00:00
"2017-05-09 12:00:00",3,12.9311,2017-05-09 12:00:00
"2017-05-09 12:00:00",4,10.0481,2017-05-09 12:00:00
"2017-05-09 12:00:00",5,9.7849,2017-05-09 12:00:00
"2017-05-09 12:00:00",6,9.779,2017-05-09 12:00:00
"2017-05-09 12:00:00",7,9.7753,2017-05-09 12:00:00
"2017-05-09 12:00:00",8,9.7712,2017-05-09 12:00:00
"2017-05-09 12:00:00",9,9.7689,2017-05-09 12:00:00
"2017-05-09 12:00:00",9.2,9.7672,2017-05-09 12:00:00
"2017-05-14 12:00:00",0.1,17.5529,2017-05-14 12:00:00
"2017-05-14 12:00:00",1,17.4872,2017-05-14 12:00:00
"2017-05-14 12:00:00",2,14.8232,2017-05-14 12:00:00
"2017-05-14 12:00:00",3,12.5661,2017-05-14 12:00:00
"2017-05-14 12:00:00",4,10.6059,2017-05-14 12:00:00
"2017-05-14 12:00:00",5,9.9775,2017-05-14 12:00:00
"2017-05-14 12:00:00",6,9.9663,2017-05-14 12:00:00
"2017-05-14 12:00:00",7,9.9595,2017-05-14 12:00:00
"2017-05-14 12:00:00",8,9.9554,2017-05-14 12:00:00
"2017-05-14 12:00:00",9,9.9756,2017-05-14 12:00:00
"2017-05-14 12:00:00",9.2,9.9536,2017-05-14 12:00:00
"2017-05-15 11:07:00",0.1,17.3,2017-05-15 11:00:00
"2017-05-15 11:07:00",1,17.6,2017-05-15 11:00:00
"2017-05-15 11:07:00",2,17.6,2017-05-15 11:00:00
"2017-05-15 11:07:00",3,14.4,2017-05-15 11:00:00
"2017-05-15 11:07:00",4,12.9,2017-05-15 11:00:00
"2017-05-15 11:07:00",5,10.2,2017-05-15 11:00:00
"2017-05-15 11:07:00",6,10,2017-05-15 11:00:00
"2017-05-15 11:07:00",8,9.9,2017-05-15 11:00:00
"2017-05-15 11:07:00",9,9.9,2017-05-15 11:00:00
"2017-05-15 11:07:00",9.2,9.9,2017-05-15 11:00:00
"2017-05-18 12:01:00",0.1,22.3,2017-05-18 12:00:00
"2017-05-18 12:01:00",1,22.1,2017-05-18 12:00:00
"2017-05-18 12:01:00",2,18.3,2017-05-18 12:00:00
"2017-05-18 12:01:00",3,14.9,2017-05-18 12:00:00
"2017-05-18 12:01:00",4,13.1,2017-05-18 12:00:00
"2017-05-18 12:01:00",5,10.7,2017-05-18 12:00:00
"2017-05-18 12:01:00",6,10.2,2017-05-18 12:00:00
"2017-05-18 12:01:00",8,10.1,2017-05-18 12:00:00
"2017-05-18 12:01:00",9,10,2017-05-18 12:00:00
"2017-05-18 12:01:00",9.2,10,2017-05-18 12:00:00
"2017-05-22 09:35:00",0.1,19.3,2017-05-22 09:00:00
"2017-05-22 09:35:00",1,20.3,2017-05-22 09:00:00
"2017-05-22 09:35:00",2,20.3,2017-05-22 09:00:00
"2017-05-22 09:35:00",3,15.8,2017-05-22 09:00:00
"2017-05-22 09:35:00",4,13.3,2017-05-22 09:00:00
"2017-05-22 09:35:00",5,10.9,2017-05-22 09:00:00
"2017-05-22 09:35:00",6,10.5,2017-05-22 09:00:00
"2017-05-22 09:35:00",8,10.2,2017-05-22 09:00:00
"2017-05-22 09:35:00",9,10.2,2017-05-22 09:00:00
"2017-05-22 09:35:00",9.2,10.2,2017-05-22 09:00:00
"2017-05-25 12:00:00",0.1,18.3,2017-05-25 12:00:00
"2017-05-25 12:00:00",1,18.1,2017-05-25 12:00:00
"2017-05-25 12:00:00",2,17.4,2017-05-25 12:00:00
"2017-05-25 12:00:00",3,16.1,2017-05-25 12:00:00
"2017-05-25 12:00:00",4,14.1,2017-05-25 12:00:00
"2017-05-25 12:00:00",5,11.3,2017-05-25 12:00:00
"2017-05-25 12:00:00",6,10.5,2017-05-25 12:00:00
"2017-05-25 12:00:00",8,10.3,2017-05-25 12:00:00
"2017-05-25 12:00:00",9,10.3,2017-05-25 12:00:00
"2017-05-25 12:00:00",9.2,10.3,2017-05-25 12:00:00
"2017-05-29 10:00:00",0.1,20.6,2017-05-29 10:00:00
"2017-05-29 10:00:00",1,20.5,2017-05-29 10:00:00
"2017-05-29 10:00:00",2,17.6,2017-05-29 10:00:00
"2017-05-29 10:00:00",3,16,2017-05-29 10:00:00
"2017-05-29 10:00:00",4,13.6,2017-05-29 10:00:00
"2017-05-29 10:00:00",5,10.9,2017-05-29 10:00:00
"2017-05-29 10:00:00",6,10.6,2017-05-29 10:00:00
"2017-05-29 10:00:00",8,10.5,2017-05-29 10:00:00
"2017-05-29 10:00:00",9,10.5,2017-05-29 10:00:00
"2017-05-29 10:00:00",9.2,10.5,2017-05-29 10:00:00
"2017-05-30 14:10:00",0.1,21.1,2017-05-30 14:00:00
"2017-05-30 14:10:00",1,18.6,2017-05-30 14:00:00
"2017-05-30 14:10:00",2,17.6,2017-05-30 14:00:00
"2017-05-30 14:10:00",3,17,2017-05-30 14:00:00
"2017-05-30 14:10:00",4,16.3,2017-05-30 14:00:00
"2017-05-30 14:10:00",5,15.3,2017-05-30 14:00:00
"2017-05-30 16:08:00",6,14.5,2017-05-30 16:00:00
"2017-05-30 16:08:00",7,10.8,2017-05-30 16:00:00
"2017-05-30 14:10:00",8,10.9,2017-05-30 14:00:00
"2017-05-30 14:10:00",9,10.7,2017-05-30 14:00:00
"2017-05-30 14:10:00",9.2,10.7,2017-05-30 14:00:00
"2017-06-01 11:45:00",0.1,21.9,2017-06-01 11:00:00
"2017-06-01 11:45:00",1,19.2,2017-06-01 11:00:00
"2017-06-01 11:45:00",2,18.1,2017-06-01 11:00:00
"2017-06-01 11:45:00",3,17.3,2017-06-01 11:00:00
"2017-06-01 11:45:00",4,16.2,2017-06-01 11:00:00
"2017-06-01 11:45:00",5,15.3,2017-06-01 11:00:00
"2017-06-01 11:45:00",6,13.5,2017-06-01 11:00:00
"2017-06-01 11:45:00",7,11.5,2017-06-01 11:00:00
"2017-06-01 11:45:00",8,11,2017-06-01 11:00:00
"2017-06-01 11:45:00",9,10.9,2017-06-01 11:00:00
"2017-06-01 11:45:00",9.2,10.9,2017-06-01 11:00:00
"2017-06-05 11:00:00",0.1,21.8,2017-06-05 11:00:00
"2017-06-05 11:00:00",1,22.1,2017-06-05 11:00:00
"2017-06-05 11:00:00",2,22,2017-06-05 11:00:00
"2017-06-05 11:00:00",3,18.3,2017-06-05 11:00:00
"2017-06-05 11:00:00",4,16.5,2017-06-05 11:00:00
"2017-06-05 11:00:00",5,15.2,2017-06-05 11:00:00
"2017-06-05 11:00:00",6,13,2017-06-05 11:00:00
"2017-06-05 11:00:00",8,11.4,2017-06-05 11:00:00
"2017-06-05 11:00:00",9,11.3,2017-06-05 11:00:00
"2017-06-05 11:00:00",9.2,11.3,2017-06-05 11:00:00
"2017-06-08 09:34:00",0.1,20.1,2017-06-08 09:00:00
"2017-06-08 09:34:00",1,20.1,2017-06-08 09:00:00
"2017-06-08 09:34:00",2,20,2017-06-08 09:00:00
"2017-06-08 09:34:00",3,18.3,2017-06-08 09:00:00
"2017-06-08 09:34:00",4,16.7,2017-06-08 09:00:00
"2017-06-08 09:34:00",5,14.9,2017-06-08 09:00:00
"2017-06-08 09:34:00",6,12,2017-06-08 09:00:00
"2017-06-08 09:34:00",8,11.6,2017-06-08 09:00:00
"2017-06-08 09:34:00",9,11.5,2017-06-08 09:00:00
"2017-06-08 09:34:00",9.2,11.5,2017-06-08 09:00:00
"2017-06-12 10:45:00",0.1,23.1,2017-06-12 10:00:00
"2017-06-12 10:45:00",1,23,2017-06-12 10:00:00
"2017-06-12 10:45:00",2,21.7,2017-06-12 10:00:00
"2017-06-12 10:45:00",3,18.9,2017-06-12 10:00:00
"2017-06-12 10:45:00",4,17.2,2017-06-12 10:00:00
"2017-06-12 10:45:00",5,15.1,2017-06-12 10:00:00
"2017-06-12 10:45:00",6,12.3,2017-06-12 10:00:00
"2017-06-12 10:45:00",8,11.9,2017-06-12 10:00:00
"2017-06-12 10:45:00",9,11.8,2017-06-12 10:00:00
"2017-06-12 10:45:00",9.2,11.8,2017-06-12 10:00:00
"2017-06-19 11:10:00",0.1,25.5,2017-06-19 11:00:00
"2017-06-19 11:10:00",1,24.7,2017-06-19 11:00:00
"2017-06-19 11:10:00",2,24,2017-06-19 11:00:00
"2017-06-19 11:10:00",3,20.1,2017-06-19 11:00:00
"2017-06-19 11:10:00",4,18,2017-06-19 11:00:00
"2017-06-19 11:10:00",5,15.3,2017-06-19 11:00:00
"2017-06-19 11:10:00",6,13,2017-06-19 11:00:00
"2017-06-19 11:10:00",8,12.5,2017-06-19 11:00:00
"2017-06-19 11:10:00",9,12.4,2017-06-19 11:00:00
"2017-06-19 11:10:00",9.2,12.4,2017-06-19 11:00:00
"2017-06-26 10:00:00",0.1,24.2,2017-06-26 10:00:00
"2017-06-26 10:00:00",1,24.1,2017-06-26 10:00:00
"2017-06-26 10:00:00",2,23.8,2017-06-26 10:00:00
"2017-06-26 10:00:00",3,21.1,2017-06-26 10:00:00
"2017-06-26 10:00:00",4,18.4,2017-06-26 10:00:00
"2017-06-26 10:00:00",5,15.1,2017-06-26 10:00:00
"2017-06-26 10:00:00",6,13,2017-06-26 10:00:00
"2017-06-26 10:00:00",8,12.7,2017-06-26 10:00:00
"2017-06-26 10:00:00",9,12.6,2017-06-26 10:00:00
"2017-06-26 10:00:00",9.2,12.6,2017-06-26 10:00:00
"2017-06-28 12:00:00",0.1,23.6346,2017-06-28 12:00:00
"2017-06-28 12:00:00",1,23.2851,2017-06-28 12:00:00
"2017-06-28 12:00:00",2,21.8394,2017-06-28 12:00:00
"2017-06-28 12:00:00",3,18.6588,2017-06-28 12:00:00
"2017-06-28 12:00:00",4,16.1564,2017-06-28 12:00:00
"2017-06-28 12:00:00",5,12.8227,2017-06-28 12:00:00
"2017-06-28 12:00:00",6,12.7361,2017-06-28 12:00:00
"2017-06-28 12:00:00",7,12.7299,2017-06-28 12:00:00
"2017-06-28 12:00:00",8,12.723,2017-06-28 12:00:00
"2017-06-28 12:00:00",9,12.7255,2017-06-28 12:00:00
"2017-06-28 12:00:00",9.2,12.7221,2017-06-28 12:00:00
"2017-07-04 12:00:00",0.1,25.5055,2017-07-04 12:00:00
"2017-07-04 12:00:00",1,25.4863,2017-07-04 12:00:00
"2017-07-04 12:00:00",2,22.5444,2017-07-04 12:00:00
"2017-07-04 12:00:00",3,19.0543,2017-07-04 12:00:00
"2017-07-04 12:00:00",4,15.754,2017-07-04 12:00:00
"2017-07-04 12:00:00",5,13.1168,2017-07-04 12:00:00
"2017-07-04 12:00:00",6,12.9296,2017-07-04 12:00:00
"2017-07-04 12:00:00",7,12.896,2017-07-04 12:00:00
"2017-07-04 12:00:00",8,12.8954,2017-07-04 12:00:00
"2017-07-04 12:00:00",9,12.8766,2017-07-04 12:00:00
"2017-07-04 12:00:00",9.2,12.8747,2017-07-04 12:00:00
"2017-07-05 12:00:00",0.1,22.05,2017-07-05 12:00:00
"2017-07-05 12:00:00",1,25.3,2017-07-05 12:00:00
"2017-07-05 12:00:00",2,25.1,2017-07-05 12:00:00
"2017-07-05 12:00:00",3,22.4,2017-07-05 12:00:00
"2017-07-05 12:00:00",4,19,2017-07-05 12:00:00
"2017-07-05 12:00:00",5,15.2,2017-07-05 12:00:00
"2017-07-05 12:00:00",6,13.4,2017-07-05 12:00:00
"2017-07-05 12:00:00",8,12.9,2017-07-05 12:00:00
"2017-07-05 12:00:00",9,12.8,2017-07-05 12:00:00
"2017-07-05 12:00:00",9.2,12.8,2017-07-05 12:00:00
"2017-07-09 12:00:00",0.1,25.4938,2017-07-09 12:00:00
"2017-07-09 12:00:00",1,25.6214,2017-07-09 12:00:00
"2017-07-09 12:00:00",2,22.8529,2017-07-09 12:00:00
"2017-07-09 12:00:00",3,19.2278,2017-07-09 12:00:00
"2017-07-09 12:00:00",4,15.7186,2017-07-09 12:00:00
"2017-07-09 12:00:00",5,13.0406,2017-07-09 12:00:00
"2017-07-09 12:00:00",6,12.9852,2017-07-09 12:00:00
"2017-07-09 12:00:00",7,12.9481,2017-07-09 12:00:00
"2017-07-09 12:00:00",8,12.9478,2017-07-09 12:00:00
"2017-07-09 12:00:00",9,12.9457,2017-07-09 12:00:00
"2017-07-09 12:00:00",9.2,12.9703,2017-07-09 12:00:00
"2017-07-10 12:00:00",0.1,25.7259,2017-07-10 12:00:00
"2017-07-10 12:00:00",1,25.5406,2017-07-10 12:00:00
"2017-07-10 12:00:00",2,22.111,2017-07-10 12:00:00
"2017-07-10 12:00:00",3,19.8463,2017-07-10 12:00:00
"2017-07-10 12:00:00",4,17.6337,2017-07-10 12:00:00
"2017-07-10 12:00:00",5,15.5131,2017-07-10 12:00:00
"2017-07-10 12:00:00",6,13.0838,2017-07-10 12:00:00
"2017-07-10 12:00:00",7,13.0311,2017-07-10 12:00:00
"2017-07-10 12:00:00",8,13.0294,2017-07-10 12:00:00
"2017-07-10 12:00:00",9,13.0223,2017-07-10 12:00:00
"2017-07-10 12:00:00",9.2,13.0193,2017-07-10 12:00:00
"2017-07-11 12:00:00",0.1,26.2851,2017-07-11 12:00:00
"2017-07-11 12:00:00",1,25.7886,2017-07-11 12:00:00
"2017-07-11 12:00:00",2,22.8037,2017-07-11 12:00:00
"2017-07-11 12:00:00",3,20.3994,2017-07-11 12:00:00
"2017-07-11 12:00:00",4,18.2674,2017-07-11 12:00:00
"2017-07-11 12:00:00",5,16.3745,2017-07-11 12:00:00
"2017-07-11 12:00:00",6,13.2291,2017-07-11 12:00:00
"2017-07-11 12:00:00",7,13.1159,2017-07-11 12:00:00
"2017-07-11 12:00:00",8,13.1205,2017-07-11 12:00:00
"2017-07-11 12:00:00",9,13.1013,2017-07-11 12:00:00
"2017-07-11 12:00:00",9.2,13.0952,2017-07-11 12:00:00
"2017-07-12 12:00:00",0.1,26.8109,2017-07-12 12:00:00
"2017-07-12 12:00:00",1,25.3243,2017-07-12 12:00:00
"2017-07-12 12:00:00",2,22.8427,2017-07-12 12:00:00
"2017-07-12 12:00:00",3,20.6384,2017-07-12 12:00:00
"2017-07-12 12:00:00",4,18.9252,2017-07-12 12:00:00
"2017-07-12 12:00:00",5,17.078,2017-07-12 12:00:00
"2017-07-12 12:00:00",6,13.2516,2017-07-12 12:00:00
"2017-07-12 12:00:00",7,13.2025,2017-07-12 12:00:00
"2017-07-12 12:00:00",8,13.1937,2017-07-12 12:00:00
"2017-07-12 12:00:00",9,13.1899,2017-07-12 12:00:00
"2017-07-12 12:00:00",9.2,13.1884,2017-07-12 12:00:00
"2017-07-13 12:30:00",0.1,28.8,2017-07-13 12:00:00
"2017-07-13 12:30:00",1,27.4,2017-07-13 12:00:00
"2017-07-13 12:30:00",2,24.6,2017-07-13 12:00:00
"2017-07-13 12:30:00",3,23.7,2017-07-13 12:00:00
"2017-07-13 12:30:00",4,20.9,2017-07-13 12:00:00
"2017-07-13 12:30:00",5,18.9,2017-07-13 12:00:00
"2017-07-13 12:30:00",6,15.1,2017-07-13 12:00:00
"2017-07-13 12:30:00",8,13.3,2017-07-13 12:00:00
"2017-07-13 12:30:00",9,13.2,2017-07-13 12:00:00
"2017-07-13 12:30:00",9.2,13.2,2017-07-13 12:00:00
"2017-07-17 10:00:00",0.1,27,2017-07-17 10:00:00
"2017-07-17 10:00:00",1,26.6,2017-07-17 10:00:00
"2017-07-17 10:00:00",2,26,2017-07-17 10:00:00
"2017-07-17 10:00:00",3,24.8,2017-07-17 10:00:00
"2017-07-17 10:00:00",4,20.9,2017-07-17 10:00:00
"2017-07-17 10:00:00",5,18.5,2017-07-17 10:00:00
"2017-07-17 10:00:00",6,15,2017-07-17 10:00:00
"2017-07-17 10:00:00",8,14.8,2017-07-17 10:00:00
"2017-07-17 10:00:00",9,13.8,2017-07-17 10:00:00
"2017-07-17 10:00:00",9.2,13.8,2017-07-17 10:00:00
"2017-07-24 11:00:00",0.1,28.6,2017-07-24 11:00:00
"2017-07-24 11:00:00",1,28.5,2017-07-24 11:00:00
"2017-07-24 11:00:00",2,26.6,2017-07-24 11:00:00
"2017-07-24 11:00:00",3,24.3,2017-07-24 11:00:00
"2017-07-24 11:00:00",4,21.6,2017-07-24 11:00:00
"2017-07-24 11:00:00",5,18.3,2017-07-24 11:00:00
"2017-07-24 11:00:00",6,14.5,2017-07-24 11:00:00
"2017-07-24 11:00:00",8,14.2,2017-07-24 11:00:00
"2017-07-24 11:00:00",9,14.1,2017-07-24 11:00:00
"2017-07-24 11:00:00",9.2,14.1,2017-07-24 11:00:00
"2017-07-31 10:30:00",0.1,24.6,2017-07-31 10:00:00
"2017-07-31 10:30:00",1,24.5,2017-07-31 10:00:00
"2017-07-31 10:30:00",2,24.3,2017-07-31 10:00:00
"2017-07-31 10:30:00",3,23.6,2017-07-31 10:00:00
"2017-07-31 10:30:00",4,20.8,2017-07-31 10:00:00
"2017-07-31 10:30:00",5,17.9,2017-07-31 10:00:00
"2017-07-31 10:30:00",6,15,2017-07-31 10:00:00
"2017-07-31 10:30:00",8,14.4,2017-07-31 10:00:00
"2017-07-31 10:30:00",9,14.3,2017-07-31 10:00:00
"2017-07-31 10:30:00",9.2,14.3,2017-07-31 10:00:00
"2017-08-07 10:00:00",0.1,24.3,2017-08-07 10:00:00
"2017-08-07 10:00:00",1,24.4,2017-08-07 10:00:00
"2017-08-07 10:00:00",2,24.3,2017-08-07 10:00:00
"2017-08-07 10:00:00",3,23.7,2017-08-07 10:00:00
"2017-08-07 10:00:00",4,20.7,2017-08-07 10:00:00
"2017-08-07 10:00:00",5,17.6,2017-08-07 10:00:00
"2017-08-07 10:00:00",6,15,2017-08-07 10:00:00
"2017-08-07 10:00:00",8,14.7,2017-08-07 10:00:00
"2017-08-07 10:00:00",9,14.6,2017-08-07 10:00:00
"2017-08-07 10:00:00",9.2,14.6,2017-08-07 10:00:00
"2017-08-14 10:30:00",0.1,24.8,2017-08-14 10:00:00
"2017-08-14 10:30:00",1,24.9,2017-08-14 10:00:00
"2017-08-14 10:30:00",2,24.9,2017-08-14 10:00:00
"2017-08-14 10:30:00",3,23.7,2017-08-14 10:00:00
"2017-08-14 10:30:00",4,21.6,2017-08-14 10:00:00
"2017-08-14 10:30:00",5,17.5,2017-08-14 10:00:00
"2017-08-14 10:30:00",6,15.3,2017-08-14 10:00:00
"2017-08-14 10:30:00",8,15,2017-08-14 10:00:00
"2017-08-14 10:30:00",9,14.8,2017-08-14 10:00:00
"2017-08-14 10:30:00",9.2,14.8,2017-08-14 10:00:00
"2017-08-21 10:30:00",0.1,27.3,2017-08-21 10:00:00
"2017-08-21 10:30:00",1,26.7,2017-08-21 10:00:00
"2017-08-21 10:30:00",2,26.5,2017-08-21 10:00:00
"2017-08-21 10:30:00",3,24.7,2017-08-21 10:00:00
"2017-08-21 10:30:00",4,21.7,2017-08-21 10:00:00
"2017-08-21 10:30:00",5,17.8,2017-08-21 10:00:00
"2017-08-21 10:30:00",6,15.3,2017-08-21 10:00:00
"2017-08-21 10:30:00",8,15.1,2017-08-21 10:00:00
"2017-08-21 10:30:00",9,15,2017-08-21 10:00:00
"2017-08-21 10:30:00",9.2,15,2017-08-21 10:00:00
"2017-08-27 12:00:00",4,17.7315,2017-08-27 12:00:00
"2017-08-27 12:00:00",5,16.9827,2017-08-27 12:00:00
"2017-08-27 12:00:00",6,16.9827,2017-08-27 12:00:00
"2017-08-27 12:00:00",7,16.9827,2017-08-27 12:00:00
"2017-08-27 12:00:00",8,16.9827,2017-08-27 12:00:00
"2017-08-27 12:00:00",9,16.9827,2017-08-27 12:00:00
"2017-08-27 12:00:00",9.2,16.9827,2017-08-27 12:00:00
"2017-08-28 12:00:00",0.1,17.5,2017-08-28 12:00:00
"2017-08-28 12:53:00",1,24.1,2017-08-28 12:00:00
"2017-08-28 12:53:00",2,23.8,2017-08-28 12:00:00
"2017-08-28 12:53:00",3,23.7,2017-08-28 12:00:00
"2017-08-28 12:53:00",4,22.4,2017-08-28 12:00:00
"2017-08-28 12:53:00",5,17.5,2017-08-28 12:00:00
"2017-08-28 12:53:00",6,15.3,2017-08-28 12:00:00
"2017-08-28 12:53:00",8,15.1,2017-08-28 12:00:00
"2017-08-28 12:53:00",9,15.1,2017-08-28 12:00:00
"2017-08-28 12:53:00",9.2,15.1,2017-08-28 12:00:00
"2017-09-03 12:00:00",4,18.9307,2017-09-03 12:00:00
"2017-09-03 12:00:00",5,18.632,2017-09-03 12:00:00
"2017-09-03 12:00:00",6,18.632,2017-09-03 12:00:00
"2017-09-03 12:00:00",7,18.632,2017-09-03 12:00:00
"2017-09-03 12:00:00",8,18.632,2017-09-03 12:00:00
"2017-09-03 12:00:00",9,18.632,2017-09-03 12:00:00
"2017-09-03 12:00:00",9.2,18.632,2017-09-03 12:00:00
"2017-09-04 10:05:00",0.1,22,2017-09-04 10:00:00
"2017-09-04 10:05:00",1,21.5,2017-09-04 10:00:00
"2017-09-04 10:05:00",2,21.3,2017-09-04 10:00:00
"2017-09-04 10:05:00",3,20.9,2017-09-04 10:00:00
"2017-09-04 10:05:00",4,20.6,2017-09-04 10:00:00
"2017-09-04 10:05:00",5,17.7,2017-09-04 10:00:00
"2017-09-04 10:05:00",6,15.6,2017-09-04 10:00:00
"2017-09-04 10:05:00",8,15.3,2017-09-04 10:00:00
"2017-09-04 10:05:00",9,15.2,2017-09-04 10:00:00
"2017-09-04 10:05:00",9.2,15.2,2017-09-04 10:00:00
"2017-09-11 12:00:00",0.1,16.7,2017-09-11 12:00:00
"2017-09-11 12:00:00",1,19.5,2017-09-11 12:00:00
"2017-09-11 12:00:00",2,19.5,2017-09-11 12:00:00
"2017-09-11 12:00:00",3,19.5,2017-09-11 12:00:00
"2017-09-11 12:00:00",4,19.4,2017-09-11 12:00:00
"2017-09-11 12:00:00",5,17.5,2017-09-11 12:00:00
"2017-09-11 12:00:00",6,15.6,2017-09-11 12:00:00
"2017-09-11 12:00:00",8,15.3,2017-09-11 12:00:00
"2017-09-11 12:00:00",9,15.3,2017-09-11 12:00:00
"2017-09-11 12:00:00",9.2,15.3,2017-09-11 12:00:00
"2017-09-18 12:00:00",0.1,18.4,2017-09-18 12:00:00
"2017-09-18 12:48:00",1,21.5,2017-09-18 12:00:00
"2017-09-18 12:48:00",2,20.9,2017-09-18 12:00:00
"2017-09-18 12:48:00",3,19.7,2017-09-18 12:00:00
"2017-09-18 12:48:00",4,19.1,2017-09-18 12:00:00
"2017-09-18 12:48:00",5,17.9,2017-09-18 12:00:00
"2017-09-18 12:48:00",6,15.9,2017-09-18 12:00:00
"2017-09-18 12:48:00",8,15.5,2017-09-18 12:00:00
"2017-09-18 12:48:00",9,15.4,2017-09-18 12:00:00
"2017-09-18 12:48:00",9.2,15.4,2017-09-18 12:00:00
"2017-09-25 12:00:00",0.1,19.2,2017-09-25 12:00:00
"2017-09-25 12:35:00",1,23.1,2017-09-25 12:00:00
"2017-09-25 12:35:00",2,22.4,2017-09-25 12:00:00
"2017-09-25 12:35:00",3,20.9,2017-09-25 12:00:00
"2017-09-25 12:35:00",4,19.9,2017-09-25 12:00:00
"2017-09-25 12:35:00",5,17.6,2017-09-25 12:00:00
"2017-09-25 12:35:00",6,15.7,2017-09-25 12:00:00
"2017-09-25 12:35:00",8,15.5,2017-09-25 12:00:00
"2017-09-25 12:35:00",9,15.5,2017-09-25 12:00:00
"2017-09-25 12:35:00",9.2,15.5,2017-09-25 12:00:00
"2017-10-02 12:00:00",0.1,13.7,2017-10-02 12:00:00
"2017-10-02 12:07:00",1,20,2017-10-02 12:00:00
"2017-10-02 12:07:00",2,19.9,2017-10-02 12:00:00
"2017-10-02 12:07:00",3,19.7,2017-10-02 12:00:00
"2017-10-02 12:07:00",4,19.6,2017-10-02 12:00:00
"2017-10-02 12:07:00",5,17.7,2017-10-02 12:00:00
"2017-10-02 12:07:00",6,16.2,2017-10-02 12:00:00
"2017-10-02 12:07:00",8,15.8,2017-10-02 12:00:00
"2017-10-02 12:07:00",9,15.7,2017-10-02 12:00:00
"2017-10-02 12:07:00",9.2,15.7,2017-10-02 12:00:00
"2017-10-09 12:00:00",0.1,20.7,2017-10-09 12:00:00
"2017-10-09 12:51:00",1,20.9,2017-10-09 12:00:00
"2017-10-09 12:51:00",2,20.7,2017-10-09 12:00:00
"2017-10-09 12:51:00",3,20.2,2017-10-09 12:00:00
"2017-10-09 12:51:00",4,19.5,2017-10-09 12:00:00
"2017-10-09 12:51:00",5,17.7,2017-10-09 12:00:00
"2017-10-09 12:51:00",6,16.1,2017-10-09 12:00:00
"2017-10-09 12:51:00",8,15.8,2017-10-09 12:00:00
"2017-10-09 12:51:00",9,15.8,2017-10-09 12:00:00
"2017-10-09 12:51:00",9.2,15.8,2017-10-09 12:00:00
"2017-10-16 12:00:00",0.1,14.5,2017-10-16 12:00:00
"2017-10-16 13:18:00",1,20.2,2017-10-16 13:00:00
"2017-10-16 13:18:00",2,20.2,2017-10-16 13:00:00
"2017-10-16 13:18:00",3,20.2,2017-10-16 13:00:00
"2017-10-16 13:18:00",4,19.7,2017-10-16 13:00:00
"2017-10-16 13:18:00",5,18.1,2017-10-16 13:00:00
"2017-10-16 13:18:00",6,16.1,2017-10-16 13:00:00
"2017-10-16 13:18:00",8,15.9,2017-10-16 13:00:00
"2017-10-16 13:18:00",9,15.8,2017-10-16 13:00:00
"2017-10-16 13:18:00",9.2,15.8,2017-10-16 13:00:00
"2017-10-23 12:00:00",0.1,15.2,2017-10-23 12:00:00
"2017-10-23 12:00:00",1,13.4,2017-10-23 12:00:00
"2017-10-23 12:50:00",2,17.4,2017-10-23 12:00:00
"2017-10-23 12:50:00",3,17.4,2017-10-23 12:00:00
"2017-10-23 12:50:00",4,17.3,2017-10-23 12:00:00
"2017-10-23 12:50:00",5,17,2017-10-23 12:00:00
"2017-10-23 12:50:00",6,16,2017-10-23 12:00:00
"2017-10-23 12:00:00",8,12.4,2017-10-23 12:00:00
"2017-10-23 12:00:00",9,12.3,2017-10-23 12:00:00
"2017-10-23 12:00:00",9.2,12.3,2017-10-23 12:00:00
"2017-10-30 12:00:00",0.1,9,2017-10-30 12:00:00
"2017-10-30 12:58:00",1,14.2,2017-10-30 12:00:00
"2017-10-30 12:58:00",2,14.1,2017-10-30 12:00:00
"2017-10-30 12:58:00",3,14,2017-10-30 12:00:00
"2017-10-30 12:58:00",4,13.8,2017-10-30 12:00:00
"2017-10-30 12:58:00",5,13.7,2017-10-30 12:00:00
"2017-10-30 12:58:00",6,13.6,2017-10-30 12:00:00
"2017-10-30 12:58:00",8,13.6,2017-10-30 12:00:00
"2017-10-30 12:58:00",9,13.6,2017-10-30 12:00:00
"2017-10-30 12:58:00",9.2,13.6,2017-10-30 12:00:00
"2017-11-06 12:00:00",0.1,14.3,2017-11-06 12:00:00
"2017-11-06 12:33:00",1,14,2017-11-06 12:00:00
"2017-11-06 12:33:00",2,13.8,2017-11-06 12:00:00
"2017-11-06 12:33:00",3,13.7,2017-11-06 12:00:00
"2017-11-06 12:33:00",4,13.4,2017-11-06 12:00:00
"2017-11-06 12:33:00",5,13.3,2017-11-06 12:00:00
"2017-11-06 12:33:00",6,13.3,2017-11-06 12:00:00
"2017-11-06 12:33:00",8,13.3,2017-11-06 12:00:00
"2017-11-06 12:33:00",9,13.3,2017-11-06 12:00:00
"2017-11-06 12:33:00",9.2,13.3,2017-11-06 12:00:00
"2017-12-10 12:00:00",0.1,6.1414,2017-12-10 12:00:00
"2017-12-10 12:00:00",1,6.0014,2017-12-10 12:00:00
"2017-12-10 12:00:00",2,5.9348,2017-12-10 12:00:00
"2017-12-10 12:00:00",3,5.9146,2017-12-10 12:00:00
"2017-12-10 12:00:00",4,5.8869,2017-12-10 12:00:00
"2017-12-10 12:00:00",5,5.8872,2017-12-10 12:00:00
"2017-12-10 12:00:00",6,5.8869,2017-12-10 12:00:00
"2017-12-10 12:00:00",7,5.8721,2017-12-10 12:00:00
"2017-12-10 12:00:00",8,5.8736,2017-12-10 12:00:00
"2017-12-10 12:00:00",9,5.8721,2017-12-10 12:00:00
"2017-12-10 12:00:00",9.2,5.8736,2017-12-10 12:00:00
"2017-12-11 12:00:00",0.1,4.1,2017-12-11 12:00:00
"2017-12-11 13:33:00",1,6.5,2017-12-11 13:00:00
"2017-12-11 13:33:00",2,6.2,2017-12-11 13:00:00
"2017-12-11 13:33:00",3,6.1,2017-12-11 13:00:00
"2017-12-11 13:33:00",4,6,2017-12-11 13:00:00
"2017-12-11 13:33:00",5,5.9,2017-12-11 13:00:00
"2017-12-11 13:33:00",6,5.9,2017-12-11 13:00:00
"2017-12-11 13:33:00",8,5.9,2017-12-11 13:00:00
"2017-12-11 13:33:00",9,5.8,2017-12-11 13:00:00
"2017-12-11 13:33:00",9.2,5.8,2017-12-11 13:00:00
"2018-01-15 12:30:00",0.1,2.4,2018-01-15 12:00:00
"2018-01-15 12:30:00",1,2.6,2018-01-15 12:00:00
"2018-01-15 12:30:00",2,2.8,2018-01-15 12:00:00
"2018-01-15 12:30:00",3,2.9,2018-01-15 12:00:00
"2018-01-15 12:30:00",4,2.9,2018-01-15 12:00:00
"2018-01-15 12:30:00",5,2.9,2018-01-15 12:00:00
"2018-01-15 12:30:00",6,3.1,2018-01-15 12:00:00
"2018-01-15 12:30:00",8,3.2,2018-01-15 12:00:00
"2018-01-15 12:30:00",9,3.2,2018-01-15 12:00:00
"2018-01-15 12:30:00",9.2,3.2,2018-01-15 12:00:00
"2018-02-19 10:30:00",0.1,6.5,2018-02-19 10:00:00
"2018-02-19 10:30:00",1,6.3,2018-02-19 10:00:00
"2018-02-19 10:30:00",2,6.1,2018-02-19 10:00:00
"2018-02-19 10:30:00",3,5.9,2018-02-19 10:00:00
"2018-02-19 10:30:00",5,5.6,2018-02-19 10:00:00
"2018-02-19 10:30:00",6,5.5,2018-02-19 10:00:00
"2018-02-19 10:30:00",9,5.1,2018-02-19 10:00:00
"2018-02-19 10:30:00",9.2,5.1,2018-02-19 10:00:00
"2018-03-19 10:30:00",0.1,9.1,2018-03-19 10:00:00
"2018-03-19 10:30:00",2,6.8,2018-03-19 10:00:00
"2018-03-19 10:30:00",4,5.9,2018-03-19 10:00:00
"2018-03-19 10:30:00",5,5.8,2018-03-19 10:00:00
"2018-03-19 10:30:00",6,5.7,2018-03-19 10:00:00
"2018-03-19 10:30:00",8,5.7,2018-03-19 10:00:00
"2018-03-19 10:30:00",9,5.6,2018-03-19 10:00:00
"2018-03-19 10:30:00",9.2,5.6,2018-03-19 10:00:00
"2018-04-04 10:45:00",0.1,10.9,2018-04-04 10:00:00
"2018-04-04 10:45:00",1,10.9,2018-04-04 10:00:00
"2018-04-04 10:45:00",2,10.1,2018-04-04 10:00:00
"2018-04-04 10:45:00",3,8.3,2018-04-04 10:00:00
"2018-04-04 10:45:00",4,7.2,2018-04-04 10:00:00
"2018-04-04 10:45:00",5,7,2018-04-04 10:00:00
"2018-04-04 10:45:00",6,6.5,2018-04-04 10:00:00
"2018-04-04 10:45:00",8,6.3,2018-04-04 10:00:00
"2018-04-04 10:45:00",9,6.2,2018-04-04 10:00:00
"2018-04-04 10:45:00",9.2,6.2,2018-04-04 10:00:00
"2018-04-10 11:15:00",0.1,9.8,2018-04-10 11:00:00
"2018-04-10 11:15:00",1,9.9,2018-04-10 11:00:00
"2018-04-10 11:15:00",2,9.7,2018-04-10 11:00:00
"2018-04-10 11:15:00",3,9.5,2018-04-10 11:00:00
"2018-04-10 11:15:00",4,9.4,2018-04-10 11:00:00
"2018-04-10 11:15:00",5,8,2018-04-10 11:00:00
"2018-04-10 11:15:00",6,7.2,2018-04-10 11:00:00
"2018-04-10 11:15:00",8,6.7,2018-04-10 11:00:00
"2018-04-10 11:15:00",9,6.6,2018-04-10 11:00:00
"2018-04-10 11:15:00",9.2,6.6,2018-04-10 11:00:00
"2018-04-20 19:53:23",0.1,14.7479,2018-04-20 19:00:00
"2018-04-20 19:53:23",1,14.7933,2018-04-20 19:00:00
"2018-04-20 19:53:23",2,13.0031,2018-04-20 19:00:00
"2018-04-20 19:53:23",3,11.9593,2018-04-20 19:00:00
"2018-04-20 19:53:23",4,8.6759,2018-04-20 19:00:00
"2018-04-20 19:53:23",5,7.5213,2018-04-20 19:00:00
"2018-04-20 19:53:23",6,7.186,2018-04-20 19:00:00
"2018-04-20 19:53:23",7,7.0986,2018-04-20 19:00:00
"2018-04-20 19:53:23",8,7.0108,2018-04-20 19:00:00
"2018-04-20 19:53:23",9,6.9276,2018-04-20 19:00:00
"2018-04-20 19:53:23",9.2,6.9252,2018-04-20 19:00:00
"2018-04-23 14:48:55",0.1,13.5212,2018-04-23 14:00:00
"2018-04-23 14:48:55",1,13.5172,2018-04-23 14:00:00
"2018-04-23 16:38:42",2,13.2017,2018-04-23 16:00:00
"2018-04-23 16:38:42",3,10.5236,2018-04-23 16:00:00
"2018-04-23 14:48:55",4,8.3889,2018-04-23 14:00:00
"2018-04-23 16:38:42",5,8.2353,2018-04-23 16:00:00
"2018-04-23 14:48:55",6,7.4956,2018-04-23 14:00:00
"2018-04-23 16:38:42",7,7.3437,2018-04-23 16:00:00
"2018-04-23 16:38:42",8,7.1058,2018-04-23 16:00:00
"2018-04-23 14:48:55",9,7.0848,2018-04-23 14:00:00
"2018-04-23 16:38:42",9.2,7.0453,2018-04-23 16:00:00
"2018-04-23 17:01:58",0.1,13.6454,2018-04-23 17:00:00
"2018-04-23 18:07:14",1,13.5007,2018-04-23 18:00:00
"2018-04-23 17:01:58",2,12.7374,2018-04-23 17:00:00
"2018-04-23 17:01:58",3,10.5552,2018-04-23 17:00:00
"2018-04-23 17:01:58",4,9.2676,2018-04-23 17:00:00
"2018-04-23 17:01:58",5,8.4113,2018-04-23 17:00:00
"2018-04-23 17:01:58",6,8.0122,2018-04-23 17:00:00
"2018-04-23 17:01:58",7,7.1671,2018-04-23 17:00:00
"2018-04-23 17:01:58",8,7.1701,2018-04-23 17:00:00
"2018-04-23 17:01:58",9,7.0808,2018-04-23 17:00:00
"2018-04-23 17:01:58",9.2,7.071,2018-04-23 17:00:00
"2018-04-30 14:39:40",0.1,14.217,2018-04-30 14:00:00
"2018-04-30 14:39:40",1,14.1616,2018-04-30 14:00:00
"2018-04-30 14:39:40",2,14.1139,2018-04-30 14:00:00
"2018-04-30 14:39:40",3,13.6391,2018-04-30 14:00:00
"2018-04-30 14:39:40",4,9.6818,2018-04-30 14:00:00
"2018-04-30 14:39:40",5,8.2838,2018-04-30 14:00:00
"2018-04-30 14:39:40",6,8.1558,2018-04-30 14:00:00
"2018-04-30 14:39:40",7,8.1419,2018-04-30 14:00:00
"2018-04-30 14:39:40",8,8.1402,2018-04-30 14:00:00
"2018-04-30 14:39:40",9,8.1391,2018-04-30 14:00:00
"2018-04-30 14:39:40",9.2,8.1399,2018-04-30 14:00:00
"2018-04-30 21:04:05",0.1,15.2336,2018-04-30 21:00:00
"2018-04-30 21:04:05",1,15.0933,2018-04-30 21:00:00
"2018-04-30 21:04:05",2,14.5657,2018-04-30 21:00:00
"2018-04-30 21:04:05",3,11.4832,2018-04-30 21:00:00
"2018-04-30 21:04:05",4,9.3011,2018-04-30 21:00:00
"2018-04-30 21:04:05",5,8.1914,2018-04-30 21:00:00
"2018-04-30 21:04:05",6,8.1876,2018-04-30 21:00:00
"2018-04-30 21:04:05",7,8.1743,2018-04-30 21:00:00
"2018-04-30 21:04:05",8,8.1709,2018-04-30 21:00:00
"2018-04-30 21:04:05",9,8.171,2018-04-30 21:00:00
"2018-04-30 21:04:05",9.2,8.1711,2018-04-30 21:00:00
"2018-05-04 17:50:57",0.1,19.5629,2018-05-04 17:00:00
"2018-05-04 17:50:57",1,16.6785,2018-05-04 17:00:00
"2018-05-04 17:50:57",2,15.309,2018-05-04 17:00:00
"2018-05-04 17:50:57",3,13.4197,2018-05-04 17:00:00
"2018-05-04 17:50:57",4,10.1153,2018-05-04 17:00:00
"2018-05-04 17:50:57",5,8.7247,2018-05-04 17:00:00
"2018-05-04 17:50:57",6,8.5743,2018-05-04 17:00:00
"2018-05-04 17:50:57",7,8.5465,2018-05-04 17:00:00
"2018-05-04 17:50:57",8,8.5393,2018-05-04 17:00:00
"2018-05-04 17:50:57",9,8.5287,2018-05-04 17:00:00
"2018-05-04 17:50:57",9.2,8.5244,2018-05-04 17:00:00
"2018-05-07 16:09:52",0.1,19.9079,2018-05-07 16:00:00
"2018-05-07 16:09:52",1,19.9103,2018-05-07 16:00:00
"2018-05-07 16:09:52",2,16.23,2018-05-07 16:00:00
"2018-05-07 16:09:52",3,13.5431,2018-05-07 16:00:00
"2018-05-07 16:09:52",4,10.0026,2018-05-07 16:00:00
"2018-05-07 16:09:52",5,8.8285,2018-05-07 16:00:00
"2018-05-07 16:09:52",6,8.813,2018-05-07 16:00:00
"2018-05-07 16:09:52",7,8.8057,2018-05-07 16:00:00
"2018-05-07 16:09:52",8,8.811,2018-05-07 16:00:00
"2018-05-07 16:09:52",9,8.8068,2018-05-07 16:00:00
"2018-05-07 16:09:52",9.2,8.8081,2018-05-07 16:00:00
"2018-05-11 16:02:06",0.1,22.0623,2018-05-11 16:00:00
"2018-05-11 16:02:06",1,20.9199,2018-05-11 16:00:00
"2018-05-11 16:02:06",2,18.6709,2018-05-11 16:00:00
"2018-05-11 16:02:06",3,14.9881,2018-05-11 16:00:00
"2018-05-11 16:02:06",4,10.767,2018-05-11 16:00:00
"2018-05-11 16:02:06",5,9.1762,2018-05-11 16:00:00
"2018-05-11 16:02:06",6,9.1478,2018-05-11 16:00:00
"2018-05-11 16:02:06",7,9.1608,2018-05-11 16:00:00
"2018-05-11 16:02:06",8,9.1173,2018-05-11 16:00:00
"2018-05-11 16:02:06",9,9.1063,2018-05-11 16:00:00
"2018-05-11 16:02:06",9.2,9.1077,2018-05-11 16:00:00
"2018-05-14 13:41:17",0.1,23.642,2018-05-14 13:00:00
"2018-05-14 13:41:17",1,23.5748,2018-05-14 13:00:00
"2018-05-14 13:41:17",2,18.5294,2018-05-14 13:00:00
"2018-05-14 13:41:17",3,14.4529,2018-05-14 13:00:00
"2018-05-14 13:41:17",4,10.8503,2018-05-14 13:00:00
"2018-05-14 13:41:17",5,9.3757,2018-05-14 13:00:00
"2018-05-14 13:41:17",6,9.3341,2018-05-14 13:00:00
"2018-05-14 13:41:17",7,9.3337,2018-05-14 13:00:00
"2018-05-14 13:41:17",8,9.3245,2018-05-14 13:00:00
"2018-05-14 13:41:17",9,9.3224,2018-05-14 13:00:00
"2018-05-14 13:41:17",9.2,9.3224,2018-05-14 13:00:00
"2018-05-14 17:35:25",0.1,24.3799,2018-05-14 17:00:00
"2018-05-14 17:35:25",1,21.9423,2018-05-14 17:00:00
"2018-05-14 17:35:25",2,17.9078,2018-05-14 17:00:00
"2018-05-14 17:35:25",3,15.5545,2018-05-14 17:00:00
"2018-05-14 17:35:25",4,11.2468,2018-05-14 17:00:00
"2018-05-14 17:35:25",5,9.4214,2018-05-14 17:00:00
"2018-05-14 17:35:25",6,9.3489,2018-05-14 17:00:00
"2018-05-14 17:35:25",7,9.3552,2018-05-14 17:00:00
"2018-05-14 17:35:25",8,9.3362,2018-05-14 17:00:00
"2018-05-14 17:35:25",9,9.3321,2018-05-14 17:00:00
"2018-05-14 17:35:25",9.2,9.3316,2018-05-14 17:00:00
"2018-05-17 16:02:50",0.1,22.6666,2018-05-17 16:00:00
"2018-05-17 16:02:50",1,21.7405,2018-05-17 16:00:00
"2018-05-17 16:02:50",2,18.3273,2018-05-17 16:00:00
"2018-05-17 16:02:50",3,15.0278,2018-05-17 16:00:00
"2018-05-17 16:02:50",4,10.7391,2018-05-17 16:00:00
"2018-05-17 16:02:50",5,9.5192,2018-05-17 16:00:00
"2018-05-17 16:02:50",6,9.5233,2018-05-17 16:00:00
"2018-05-17 16:02:50",7,9.5116,2018-05-17 16:00:00
"2018-05-17 16:02:50",8,9.5081,2018-05-17 16:00:00
"2018-05-17 16:02:50",9,9.501,2018-05-17 16:00:00
"2018-05-17 16:02:50",9.2,9.5007,2018-05-17 16:00:00
"2018-05-21 09:49:00",0.1,22,2018-05-21 09:00:00
"2018-05-21 09:49:00",1,19.8,2018-05-21 09:00:00
"2018-05-21 09:49:00",2,17.8,2018-05-21 09:00:00
"2018-05-21 09:49:00",3,16.6,2018-05-21 09:00:00
"2018-05-21 09:49:00",4,13.9,2018-05-21 09:00:00
"2018-05-21 09:49:00",5,10.8,2018-05-21 09:00:00
"2018-05-21 09:49:00",6,9.9,2018-05-21 09:00:00
"2018-05-21 09:49:00",8,9.7,2018-05-21 09:00:00
"2018-05-21 09:49:00",9,9.6,2018-05-21 09:00:00
"2018-05-21 09:49:00",9.2,9.6,2018-05-21 09:00:00
"2018-05-21 18:36:49",0.1,21.0907,2018-05-21 18:00:00
"2018-05-21 18:36:49",1,18.8061,2018-05-21 18:00:00
"2018-05-21 18:36:49",2,17.1403,2018-05-21 18:00:00
"2018-05-21 18:36:49",3,14.657,2018-05-21 18:00:00
"2018-05-21 18:36:49",4,9.8873,2018-05-21 18:00:00
"2018-05-21 18:36:49",5,9.7046,2018-05-21 18:00:00
"2018-05-21 18:36:49",6,9.6668,2018-05-21 18:00:00
"2018-05-21 18:36:49",7,9.6626,2018-05-21 18:00:00
"2018-05-21 18:36:49",8,9.6576,2018-05-21 18:00:00
"2018-05-21 18:36:49",9,9.6577,2018-05-21 18:00:00
"2018-05-21 18:36:49",9.2,9.6494,2018-05-21 18:00:00
"2018-05-28 13:58:43",0.1,23.1231,2018-05-28 13:00:00
"2018-05-28 13:58:43",1,20.331,2018-05-28 13:00:00
"2018-05-28 13:58:43",2,17.3756,2018-05-28 13:00:00
"2018-05-28 13:58:43",3,14.7044,2018-05-28 13:00:00
"2018-05-28 13:58:43",4,10.4925,2018-05-28 13:00:00
"2018-05-28 13:58:43",5,9.9252,2018-05-28 13:00:00
"2018-05-28 13:58:43",6,9.8907,2018-05-28 13:00:00
"2018-05-28 13:58:43",7,9.8641,2018-05-28 13:00:00
"2018-05-28 13:58:43",8,9.8412,2018-05-28 13:00:00
"2018-05-28 13:58:43",9,9.786,2018-05-28 13:00:00
"2018-05-28 13:58:43",9.2,9.7672,2018-05-28 13:00:00
"2018-05-30 16:00:50",0.1,22.5203,2018-05-30 16:00:00
"2018-05-30 16:00:50",1,20.0947,2018-05-30 16:00:00
"2018-05-30 16:00:50",2,17.9244,2018-05-30 16:00:00
"2018-05-30 16:00:50",3,14.2953,2018-05-30 16:00:00
"2018-05-30 16:00:50",4,10.9614,2018-05-30 16:00:00
"2018-05-30 16:00:50",5,10.0198,2018-05-30 16:00:00
"2018-05-30 16:00:50",6,10.0032,2018-05-30 16:00:00
"2018-05-30 16:00:50",7,9.9852,2018-05-30 16:00:00
"2018-05-30 16:00:50",8,9.9763,2018-05-30 16:00:00
"2018-05-30 16:00:50",9,9.9673,2018-05-30 16:00:00
"2018-05-30 16:00:50",9.2,9.9658,2018-05-30 16:00:00
"2018-05-31 17:04:23",0.1,22.6763,2018-05-31 17:00:00
"2018-05-31 17:04:23",1,20.8529,2018-05-31 17:00:00
"2018-05-31 17:04:23",2,18.1587,2018-05-31 17:00:00
"2018-05-31 17:04:23",3,15.0648,2018-05-31 17:00:00
"2018-05-31 17:04:23",4,11.0123,2018-05-31 17:00:00
"2018-05-31 17:04:23",5,10.066,2018-05-31 17:00:00
"2018-05-31 17:04:23",6,10.0416,2018-05-31 17:00:00
"2018-05-31 17:04:23",7,10.0311,2018-05-31 17:00:00
"2018-05-31 17:04:23",8,10.0187,2018-05-31 17:00:00
"2018-05-31 17:04:23",9,10.0039,2018-05-31 17:00:00
"2018-05-31 17:04:23",9.2,10.0043,2018-05-31 17:00:00
"2018-06-04 15:25:14",0.1,23.4003,2018-06-04 15:00:00
"2018-06-04 15:25:14",1,23.1671,2018-06-04 15:00:00
"2018-06-04 15:25:14",2,19.0698,2018-06-04 15:00:00
"2018-06-04 15:25:14",3,15.2755,2018-06-04 15:00:00
"2018-06-04 15:25:14",4,10.9423,2018-06-04 15:00:00
"2018-06-04 15:25:14",5,10.1873,2018-06-04 15:00:00
"2018-06-04 15:25:14",6,10.1557,2018-06-04 15:00:00
"2018-06-04 15:25:14",7,10.1465,2018-06-04 15:00:00
"2018-06-04 15:25:14",8,10.1491,2018-06-04 15:00:00
"2018-06-04 15:25:14",9,10.1344,2018-06-04 15:00:00
"2018-06-04 15:25:14",9.2,10.132,2018-06-04 15:00:00
"2018-06-07 14:05:47",0.1,23.0855,2018-06-07 14:00:00
"2018-06-07 14:05:47",1,22.7822,2018-06-07 14:00:00
"2018-06-07 14:05:47",2,19.5111,2018-06-07 14:00:00
"2018-06-07 14:05:47",3,15.8177,2018-06-07 14:00:00
"2018-06-07 14:05:47",4,11.7473,2018-06-07 14:00:00
"2018-06-07 14:05:47",5,10.2928,2018-06-07 14:00:00
"2018-06-07 14:05:47",6,10.2672,2018-06-07 14:00:00
"2018-06-07 14:05:47",7,10.2681,2018-06-07 14:00:00
"2018-06-07 14:05:47",8,10.2547,2018-06-07 14:00:00
"2018-06-07 14:05:47",9,10.2495,2018-06-07 14:00:00
"2018-06-07 14:05:47",9.2,10.2494,2018-06-07 14:00:00
"2018-06-11 13:39:59",0.1,24.6738,2018-06-11 13:00:00
"2018-06-11 13:39:59",1,24.68,2018-06-11 13:00:00
"2018-06-11 13:39:59",2,19.9714,2018-06-11 13:00:00
"2018-06-11 13:39:59",3,15.522,2018-06-11 13:00:00
"2018-06-11 13:39:59",4,11.8206,2018-06-11 13:00:00
"2018-06-11 13:39:59",5,10.446,2018-06-11 13:00:00
"2018-06-11 13:39:59",6,10.4183,2018-06-11 13:00:00
"2018-06-11 13:39:59",7,10.4097,2018-06-11 13:00:00
"2018-06-11 13:39:59",8,10.3974,2018-06-11 13:00:00
"2018-06-11 13:39:59",9,10.3943,2018-06-11 13:00:00
"2018-06-11 13:39:59",9.2,10.3928,2018-06-11 13:00:00
"2018-06-14 17:39:24",0.1,24.7688,2018-06-14 17:00:00
"2018-06-14 17:39:24",1,23.1242,2018-06-14 17:00:00
"2018-06-14 17:39:24",2,19.2105,2018-06-14 17:00:00
"2018-06-14 17:39:24",3,16.1489,2018-06-14 17:00:00
"2018-06-14 17:39:24",4,11.2865,2018-06-14 17:00:00
"2018-06-14 17:39:24",5,10.5465,2018-06-14 17:00:00
"2018-06-14 17:39:24",6,10.5288,2018-06-14 17:00:00
"2018-06-14 17:39:24",7,10.5143,2018-06-14 17:00:00
"2018-06-14 17:39:24",8,10.5067,2018-06-14 17:00:00
"2018-06-14 17:39:24",9,10.4999,2018-06-14 17:00:00
"2018-06-14 17:39:24",9.2,10.4964,2018-06-14 17:00:00
"2018-06-18 13:48:57",0.1,26.1952,2018-06-18 13:00:00
"2018-06-18 13:48:57",1,24.4994,2018-06-18 13:00:00
"2018-06-18 13:48:57",2,21.0731,2018-06-18 13:00:00
"2018-06-18 13:48:57",3,15.523,2018-06-18 13:00:00
"2018-06-18 13:48:57",4,12.3363,2018-06-18 13:00:00
"2018-06-18 13:48:57",5,10.7101,2018-06-18 13:00:00
"2018-06-18 13:48:57",6,10.6534,2018-06-18 13:00:00
"2018-06-18 13:48:57",7,10.6419,2018-06-18 13:00:00
"2018-06-18 13:48:57",8,10.6374,2018-06-18 13:00:00
"2018-06-18 13:48:57",9,10.6298,2018-06-18 13:00:00
"2018-06-18 13:48:57",9.2,10.6306,2018-06-18 13:00:00
"2018-06-18 19:23:14",0.1,27.2422,2018-06-18 19:00:00
"2018-06-18 19:23:14",1,24.3627,2018-06-18 19:00:00
"2018-06-18 19:23:14",2,20.661,2018-06-18 19:00:00
"2018-06-18 19:23:14",3,17.0584,2018-06-18 19:00:00
"2018-06-18 19:23:14",4,11.9234,2018-06-18 19:00:00
"2018-06-18 19:23:14",5,10.6849,2018-06-18 19:00:00
"2018-06-18 19:23:14",6,10.6578,2018-06-18 19:00:00
"2018-06-18 19:23:14",7,10.6472,2018-06-18 19:00:00
"2018-06-18 19:23:14",8,10.6371,2018-06-18 19:00:00
"2018-06-18 19:23:14",9,10.6338,2018-06-18 19:00:00
"2018-06-18 19:23:14",9.2,10.6402,2018-06-18 19:00:00
"2018-06-21 18:00:29",0.1,27.3263,2018-06-21 18:00:00
"2018-06-21 18:00:29",1,26.4212,2018-06-21 18:00:00
"2018-06-21 18:00:29",2,21.3279,2018-06-21 18:00:00
"2018-06-21 18:00:29",3,16.2883,2018-06-21 18:00:00
"2018-06-21 18:00:29",4,11.9344,2018-06-21 18:00:00
"2018-06-21 18:00:29",5,10.8356,2018-06-21 18:00:00
"2018-06-21 18:00:29",6,10.7826,2018-06-21 18:00:00
"2018-06-21 18:00:29",7,10.7697,2018-06-21 18:00:00
"2018-06-21 18:00:29",8,10.7619,2018-06-21 18:00:00
"2018-06-21 18:00:29",9,10.7562,2018-06-21 18:00:00
"2018-06-21 18:00:29",9.2,10.7551,2018-06-21 18:00:00
"2018-06-25 14:39:56",0.1,26.2219,2018-06-25 14:00:00
"2018-06-25 14:39:56",1,26.2063,2018-06-25 14:00:00
"2018-06-25 14:39:56",2,22.1904,2018-06-25 14:00:00
"2018-06-25 14:39:56",3,16.6097,2018-06-25 14:00:00
"2018-06-25 14:39:56",4,12.5342,2018-06-25 14:00:00
"2018-06-25 14:39:56",5,10.9147,2018-06-25 14:00:00
"2018-06-25 14:39:56",6,10.8697,2018-06-25 14:00:00
"2018-06-25 14:39:56",7,10.8612,2018-06-25 14:00:00
"2018-06-25 14:39:56",8,10.8568,2018-06-25 14:00:00
"2018-06-25 14:39:56",9,10.8517,2018-06-25 14:00:00
"2018-06-25 14:39:56",9.2,10.8532,2018-06-25 14:00:00
"2018-06-28 13:39:10",0.1,23.952,2018-06-28 13:00:00
"2018-06-28 13:39:10",1,23.8528,2018-06-28 13:00:00
"2018-06-28 13:39:10",2,21.5672,2018-06-28 13:00:00
"2018-06-28 13:39:10",3,16.3711,2018-06-28 13:00:00
"2018-06-28 13:39:10",4,12.2333,2018-06-28 13:00:00
"2018-06-28 13:39:10",5,10.9828,2018-06-28 13:00:00
"2018-06-28 13:39:10",6,10.9636,2018-06-28 13:00:00
"2018-06-28 13:39:10",7,10.9397,2018-06-28 13:00:00
"2018-06-28 13:39:10",8,10.9347,2018-06-28 13:00:00
"2018-06-28 13:39:10",9,10.9393,2018-06-28 13:00:00
"2018-06-28 13:39:10",9.2,10.9293,2018-06-28 13:00:00
"2018-07-02 13:56:46",0.1,27.452,2018-07-02 13:00:00
"2018-07-02 13:56:46",1,25.5154,2018-07-02 13:00:00
"2018-07-02 13:56:46",2,22.3412,2018-07-02 13:00:00
"2018-07-02 13:56:46",3,17.0682,2018-07-02 13:00:00
"2018-07-02 13:56:46",4,12.3326,2018-07-02 13:00:00
"2018-07-02 13:56:46",5,11.0898,2018-07-02 13:00:00
"2018-07-02 13:56:46",6,11.067,2018-07-02 13:00:00
"2018-07-02 13:56:46",7,11.0537,2018-07-02 13:00:00
"2018-07-02 13:56:46",8,11.0488,2018-07-02 13:00:00
"2018-07-02 13:56:46",9,11.0438,2018-07-02 13:00:00
"2018-07-02 13:56:46",9.2,11.0335,2018-07-02 13:00:00
"2018-07-05 16:25:55",0.1,28.8083,2018-07-05 16:00:00
"2018-07-05 16:25:55",1,27.0201,2018-07-05 16:00:00
"2018-07-05 16:25:55",2,23.3335,2018-07-05 16:00:00
"2018-07-05 16:25:55",3,16.9997,2018-07-05 16:00:00
"2018-07-05 16:25:55",4,12.6726,2018-07-05 16:00:00
"2018-07-05 16:25:55",5,11.1754,2018-07-05 16:00:00
"2018-07-05 16:25:55",6,11.1374,2018-07-05 16:00:00
"2018-07-05 16:25:55",7,11.1322,2018-07-05 16:00:00
"2018-07-05 16:25:55",8,11.1226,2018-07-05 16:00:00
"2018-07-05 16:25:55",9,11.1156,2018-07-05 16:00:00
"2018-07-05 16:25:55",9.2,11.1156,2018-07-05 16:00:00
"2018-07-09 13:48:10",0.1,25.5168,2018-07-09 13:00:00
"2018-07-09 13:48:10",1,25.7468,2018-07-09 13:00:00
"2018-07-09 13:48:10",2,23.366,2018-07-09 13:00:00
"2018-07-09 13:48:10",3,17.1679,2018-07-09 13:00:00
"2018-07-09 13:48:10",4,13.1413,2018-07-09 13:00:00
"2018-07-09 13:48:10",5,11.2763,2018-07-09 13:00:00
"2018-07-09 13:48:10",6,11.2514,2018-07-09 13:00:00
"2018-07-09 13:48:10",7,11.2508,2018-07-09 13:00:00
"2018-07-09 13:48:10",8,11.2456,2018-07-09 13:00:00
"2018-07-09 13:48:10",9,11.2399,2018-07-09 13:00:00
"2018-07-09 13:48:10",9.2,11.2374,2018-07-09 13:00:00
"2018-07-16 13:45:00",0.1,27.3995,2018-07-16 13:00:00
"2018-07-16 13:45:00",1,27.2692,2018-07-16 13:00:00
"2018-07-16 13:45:00",2,24.402,2018-07-16 13:00:00
"2018-07-16 13:45:00",3,18.2176,2018-07-16 13:00:00
"2018-07-16 13:45:00",4,13.0874,2018-07-16 13:00:00
"2018-07-16 13:45:00",5,11.6187,2018-07-16 13:00:00
"2018-07-16 13:45:00",6,11.4468,2018-07-16 13:00:00
"2018-07-16 13:45:00",7,11.441,2018-07-16 13:00:00
"2018-07-16 13:45:00",8,11.4284,2018-07-16 13:00:00
"2018-07-16 13:45:00",9,11.4164,2018-07-16 13:00:00
"2018-07-16 13:45:00",9.2,11.4163,2018-07-16 13:00:00
"2018-07-19 14:09:16",0.1,26.9707,2018-07-19 14:00:00
"2018-07-19 14:09:16",1,26.7712,2018-07-19 14:00:00
"2018-07-19 14:09:16",2,24.2766,2018-07-19 14:00:00
"2018-07-19 14:09:16",3,17.4784,2018-07-19 14:00:00
"2018-07-19 14:09:16",4,13.2426,2018-07-19 14:00:00
"2018-07-19 14:09:16",5,11.5261,2018-07-19 14:00:00
"2018-07-19 14:09:16",6,11.5051,2018-07-19 14:00:00
"2018-07-19 14:09:16",7,11.4985,2018-07-19 14:00:00
"2018-07-19 14:09:16",8,11.4922,2018-07-19 14:00:00
"2018-07-19 14:09:16",9,11.4887,2018-07-19 14:00:00
"2018-07-19 14:09:16",9.2,11.4889,2018-07-19 14:00:00
"2018-07-23 13:37:18",0.1,24.9385,2018-07-23 13:00:00
"2018-07-23 13:37:18",1,25.1816,2018-07-23 13:00:00
"2018-07-23 13:37:18",2,25.037,2018-07-23 13:00:00
"2018-07-23 13:37:18",3,18.0925,2018-07-23 13:00:00
"2018-07-23 13:37:18",4,13.4979,2018-07-23 13:00:00
"2018-07-23 13:37:18",5,11.7926,2018-07-23 13:00:00
"2018-07-23 13:37:18",6,11.6998,2018-07-23 13:00:00
"2018-07-23 13:37:18",7,11.7081,2018-07-23 13:00:00
"2018-07-23 13:37:18",8,11.7081,2018-07-23 13:00:00
"2018-07-23 13:37:18",9,11.7081,2018-07-23 13:00:00
"2018-07-23 13:37:18",9.2,11.7081,2018-07-23 13:00:00
"2018-07-26 19:31:27",0.1,26.9256,2018-07-26 19:00:00
"2018-07-26 19:31:27",1,25.3062,2018-07-26 19:00:00
"2018-07-26 19:31:27",2,23.3636,2018-07-26 19:00:00
"2018-07-26 19:31:27",3,19.8275,2018-07-26 19:00:00
"2018-07-26 19:31:27",4,14.0782,2018-07-26 19:00:00
"2018-07-26 19:31:27",5,11.8548,2018-07-26 19:00:00
"2018-07-26 19:31:27",6,11.8174,2018-07-26 19:00:00
"2018-07-26 19:31:27",7,11.8101,2018-07-26 19:00:00
"2018-07-26 19:31:27",8,11.8019,2018-07-26 19:00:00
"2018-07-26 19:31:27",9,11.8012,2018-07-26 19:00:00
"2018-07-26 19:31:27",9.2,11.7983,2018-07-26 19:00:00
"2018-07-30 14:35:09",0.1,25.6653,2018-07-30 14:00:00
"2018-07-30 14:35:09",1,25.2657,2018-07-30 14:00:00
"2018-07-30 14:35:09",2,24.9674,2018-07-30 14:00:00
"2018-07-30 14:35:09",3,19.2407,2018-07-30 14:00:00
"2018-07-30 14:35:09",4,13.5263,2018-07-30 14:00:00
"2018-07-30 14:35:09",5,11.9385,2018-07-30 14:00:00
"2018-07-30 14:35:09",6,11.9403,2018-07-30 14:00:00
"2018-07-30 14:35:09",7,11.9149,2018-07-30 14:00:00
"2018-07-30 14:35:09",8,11.9273,2018-07-30 14:00:00
"2018-07-30 14:35:09",9,11.9169,2018-07-30 14:00:00
"2018-07-30 14:35:09",9.2,11.9123,2018-07-30 14:00:00
"2018-08-02 16:29:49",0.1,25.3842,2018-08-02 16:00:00
"2018-08-02 16:29:49",1,25.0658,2018-08-02 16:00:00
"2018-08-02 16:29:49",2,23.7597,2018-08-02 16:00:00
"2018-08-02 16:29:49",3,18.8057,2018-08-02 16:00:00
"2018-08-02 16:29:49",4,12.8469,2018-08-02 16:00:00
"2018-08-02 16:29:49",5,11.9402,2018-08-02 16:00:00
"2018-08-02 16:29:49",6,11.8849,2018-08-02 16:00:00
"2018-08-02 16:29:49",7,11.8389,2018-08-02 16:00:00
"2018-08-02 16:29:49",8,11.769,2018-08-02 16:00:00
"2018-08-02 16:29:49",9,11.6836,2018-08-02 16:00:00
"2018-08-02 16:29:49",9.2,11.6675,2018-08-02 16:00:00
"2018-08-06 13:37:13",0.1,25.983,2018-08-06 13:00:00
"2018-08-06 13:37:13",1,26.1238,2018-08-06 13:00:00
"2018-08-06 13:37:13",2,23.7704,2018-08-06 13:00:00
"2018-08-06 13:37:13",3,19.4151,2018-08-06 13:00:00
"2018-08-06 13:37:13",4,14.5314,2018-08-06 13:00:00
"2018-08-06 13:37:13",5,12.2504,2018-08-06 13:00:00
"2018-08-06 13:37:13",6,11.9243,2018-08-06 13:00:00
"2018-08-06 13:37:13",7,11.8404,2018-08-06 13:00:00
"2018-08-06 13:37:13",8,11.7922,2018-08-06 13:00:00
"2018-08-06 13:37:13",9,11.6471,2018-08-06 13:00:00
"2018-08-06 13:37:13",9.2,11.694,2018-08-06 13:00:00
"2018-08-10 14:30:05",0.1,26.3496,2018-08-10 14:00:00
"2018-08-09 17:53:55",1,26.3115,2018-08-09 17:00:00
"2018-08-09 17:53:55",4,13.8063,2018-08-09 17:00:00
"2018-08-10 14:30:05",5,12.1267,2018-08-10 14:00:00
"2018-08-09 17:53:55",6,11.9189,2018-08-09 17:00:00
"2018-08-09 17:53:55",7,11.7527,2018-08-09 17:00:00
"2018-08-10 16:22:13",8,11.7977,2018-08-10 16:00:00
"2018-08-09 17:53:55",9,11.5729,2018-08-09 17:00:00
"2018-08-10 16:22:13",9.2,11.7885,2018-08-10 16:00:00
"2018-08-10 18:34:03",0.1,27.4757,2018-08-10 18:00:00
"2018-08-10 18:34:03",1,26.6027,2018-08-10 18:00:00
"2018-08-10 18:34:03",4,14.6728,2018-08-10 18:00:00
"2018-08-10 18:34:03",5,12.1768,2018-08-10 18:00:00
"2018-08-10 18:34:03",6,11.8504,2018-08-10 18:00:00
"2018-08-10 18:34:03",7,11.8129,2018-08-10 18:00:00
"2018-08-10 18:34:03",8,11.8059,2018-08-10 18:00:00
"2018-08-10 18:34:03",9,11.8044,2018-08-10 18:00:00
"2018-08-10 18:34:03",9.2,11.8018,2018-08-10 18:00:00
"2018-08-13 12:00:00",0.1,26.6,2018-08-13 12:00:00
"2018-08-13 12:00:00",1,26.3,2018-08-13 12:00:00
"2018-08-13 12:00:00",2,26.2,2018-08-13 12:00:00
"2018-08-13 12:00:00",3,23.3,2018-08-13 12:00:00
"2018-08-13 12:00:00",4,18.5,2018-08-13 12:00:00
"2018-08-13 12:00:00",5,13.6,2018-08-13 12:00:00
"2018-08-13 12:00:00",6,12.3,2018-08-13 12:00:00
"2018-08-13 12:00:00",7,12.1,2018-08-13 12:00:00
"2018-08-13 12:00:00",8,12,2018-08-13 12:00:00
"2018-08-13 12:00:00",9,12,2018-08-13 12:00:00
"2018-08-13 12:00:00",9.2,12,2018-08-13 12:00:00
"2018-08-14 15:59:03",0.1,26.5094,2018-08-14 15:00:00
"2018-08-14 15:59:03",1,25.4828,2018-08-14 15:00:00
"2018-08-14 15:59:03",4,14.398,2018-08-14 15:00:00
"2018-08-14 15:59:03",5,12.2288,2018-08-14 15:00:00
"2018-08-14 15:59:03",6,12.0343,2018-08-14 15:00:00
"2018-08-14 15:59:03",7,12.0246,2018-08-14 15:00:00
"2018-08-14 15:59:03",8,11.966,2018-08-14 15:00:00
"2018-08-14 15:59:03",9,11.9201,2018-08-14 15:00:00
"2018-08-14 15:59:03",9.2,11.8724,2018-08-14 15:00:00
"2018-08-16 21:51:19",0.1,26.9415,2018-08-16 21:00:00
"2018-08-16 21:51:19",1,26.2019,2018-08-16 21:00:00
"2018-08-16 21:51:19",2,25.066,2018-08-16 21:00:00
"2018-08-16 21:51:19",4,14.4286,2018-08-16 21:00:00
"2018-08-16 21:51:19",5,12.6938,2018-08-16 21:00:00
"2018-08-16 21:51:19",6,12.1104,2018-08-16 21:00:00
"2018-08-16 21:51:19",7,11.9949,2018-08-16 21:00:00
"2018-08-16 21:51:19",8,11.9332,2018-08-16 21:00:00
"2018-08-16 21:51:19",9,11.9162,2018-08-16 21:00:00
"2018-08-16 21:51:19",9.2,11.8425,2018-08-16 21:00:00
"2018-08-20 15:22:31",0.1,25.8962,2018-08-20 15:00:00
"2018-08-20 15:22:31",1,25.8152,2018-08-20 15:00:00
"2018-08-20 15:22:31",2,24.688,2018-08-20 15:00:00
"2018-08-20 15:22:31",3,19.641,2018-08-20 15:00:00
"2018-08-20 15:22:31",4,14.7346,2018-08-20 15:00:00
"2018-08-20 15:22:31",5,12.4773,2018-08-20 15:00:00
"2018-08-20 15:22:31",6,12.0788,2018-08-20 15:00:00
"2018-08-20 15:22:31",7,11.9617,2018-08-20 15:00:00
"2018-08-20 15:22:31",8,11.9482,2018-08-20 15:00:00
"2018-08-20 15:22:31",9,11.7712,2018-08-20 15:00:00
"2018-08-20 15:22:31",9.2,11.7359,2018-08-20 15:00:00
"2018-08-24 20:27:13",0.1,24.372,2018-08-24 20:00:00
"2018-08-24 20:27:13",1,23.8242,2018-08-24 20:00:00
"2018-08-24 20:27:13",2,23.5643,2018-08-24 20:00:00
"2018-08-24 20:27:13",4,15.0275,2018-08-24 20:00:00
"2018-08-24 20:27:13",5,12.5633,2018-08-24 20:00:00
"2018-08-24 20:27:13",6,12.0887,2018-08-24 20:00:00
"2018-08-24 20:27:13",7,11.9176,2018-08-24 20:00:00
"2018-08-24 20:27:13",8,11.9384,2018-08-24 20:00:00
"2018-08-24 20:27:13",9,11.7638,2018-08-24 20:00:00
"2018-08-24 20:27:13",9.2,11.7267,2018-08-24 20:00:00
"2018-08-27 15:43:24",0.1,26.0445,2018-08-27 15:00:00
"2018-08-27 15:43:24",1,24.5103,2018-08-27 15:00:00
"2018-08-27 15:43:24",2,23.6773,2018-08-27 15:00:00
"2018-08-27 15:43:24",3,21.1225,2018-08-27 15:00:00
"2018-08-27 15:43:24",4,15.0212,2018-08-27 15:00:00
"2018-08-27 15:43:24",5,12.7215,2018-08-27 15:00:00
"2018-08-27 15:43:24",6,12.0126,2018-08-27 15:00:00
"2018-08-27 15:43:24",7,11.907,2018-08-27 15:00:00
"2018-08-27 15:43:24",8,11.8437,2018-08-27 15:00:00
"2018-08-27 15:43:24",9,11.7345,2018-08-27 15:00:00
"2018-08-27 15:43:24",9.2,11.6988,2018-08-27 15:00:00
"2018-09-03 13:41:19",0.1,26.117,2018-09-03 13:00:00
"2018-09-03 13:41:19",1,25.9928,2018-09-03 13:00:00
"2018-09-03 13:41:19",2,24.4267,2018-09-03 13:00:00
"2018-09-03 13:41:19",3,21.1584,2018-09-03 13:00:00
"2018-09-03 13:41:19",4,16.2578,2018-09-03 13:00:00
"2018-09-03 13:41:19",5,12.8333,2018-09-03 13:00:00
"2018-09-03 13:41:19",6,12.0282,2018-09-03 13:00:00
"2018-09-03 13:41:19",7,11.9807,2018-09-03 13:00:00
"2018-09-03 13:41:19",8,11.959,2018-09-03 13:00:00
"2018-09-03 13:41:19",9,11.8747,2018-09-03 13:00:00
"2018-09-03 13:41:19",9.2,11.9416,2018-09-03 13:00:00
"2018-09-03 17:21:31",0.1,26.8473,2018-09-03 17:00:00
"2018-09-03 17:21:31",1,26.0739,2018-09-03 17:00:00
"2018-09-03 17:21:31",2,24.592,2018-09-03 17:00:00
"2018-09-03 17:21:31",4,16.2103,2018-09-03 17:00:00
"2018-09-03 17:21:31",5,12.8623,2018-09-03 17:00:00
"2018-09-03 17:21:31",6,12.1025,2018-09-03 17:00:00
"2018-09-03 17:21:31",7,11.9944,2018-09-03 17:00:00
"2018-09-03 17:21:31",8,11.9719,2018-09-03 17:00:00
"2018-09-03 17:21:31",9,11.9602,2018-09-03 17:00:00
"2018-09-03 17:21:31",9.2,11.957,2018-09-03 17:00:00
"2018-09-07 19:22:22",0.1,28.0762,2018-09-07 19:00:00
"2018-09-07 19:22:22",1,26.5807,2018-09-07 19:00:00
"2018-09-07 19:22:22",2,25.3733,2018-09-07 19:00:00
"2018-09-07 19:22:22",4,15.3696,2018-09-07 19:00:00
"2018-09-07 19:22:22",5,13.1274,2018-09-07 19:00:00
"2018-09-07 19:22:22",6,12.4849,2018-09-07 19:00:00
"2018-09-07 19:22:22",7,12.4849,2018-09-07 19:00:00
"2018-09-07 19:22:22",8,12.4849,2018-09-07 19:00:00
"2018-09-07 19:22:22",9,12.4849,2018-09-07 19:00:00
"2018-09-07 19:22:22",9.2,12.4849,2018-09-07 19:00:00
"2018-09-10 12:30:00",0.1,23.2,2018-09-10 12:00:00
"2018-09-10 12:30:00",1,23.7,2018-09-10 12:00:00
"2018-09-10 12:30:00",2,23.7,2018-09-10 12:00:00
"2018-09-10 12:30:00",3,23.1,2018-09-10 12:00:00
"2018-09-10 12:30:00",4,21.6,2018-09-10 12:00:00
"2018-09-10 12:30:00",5,15.5,2018-09-10 12:00:00
"2018-09-10 12:30:00",6,12.8,2018-09-10 12:00:00
"2018-09-10 12:30:00",8,12.3,2018-09-10 12:00:00
"2018-09-10 12:30:00",9,12.2,2018-09-10 12:00:00
"2018-09-10 12:30:00",9.2,12.2,2018-09-10 12:00:00
"2018-09-10 17:24:46",0.1,23.9868,2018-09-10 17:00:00
"2018-09-10 17:24:46",1,23.9721,2018-09-10 17:00:00
"2018-09-10 17:24:46",4,15.7725,2018-09-10 17:00:00
"2018-09-10 17:24:46",5,12.5049,2018-09-10 17:00:00
"2018-09-10 17:24:46",6,12.263,2018-09-10 17:00:00
"2018-09-10 17:24:46",7,12.273,2018-09-10 17:00:00
"2018-09-10 17:24:46",8,12.2574,2018-09-10 17:00:00
"2018-09-10 17:24:46",9,12.2505,2018-09-10 17:00:00
"2018-09-10 17:24:46",9.2,12.2489,2018-09-10 17:00:00
"2018-09-12 20:26:48",0.1,24.3203,2018-09-12 20:00:00
"2018-09-12 20:26:48",1,23.7735,2018-09-12 20:00:00
"2018-09-12 20:26:48",4,16.5377,2018-09-12 20:00:00
"2018-09-12 20:26:48",5,13.1156,2018-09-12 20:00:00
"2018-09-12 20:26:48",6,12.3071,2018-09-12 20:00:00
"2018-09-12 20:26:48",7,12.255,2018-09-12 20:00:00
"2018-09-12 20:26:48",8,12.2276,2018-09-12 20:00:00
"2018-09-12 20:26:48",9,12.1695,2018-09-12 20:00:00
"2018-09-12 20:26:48",9.2,12.1712,2018-09-12 20:00:00
"2018-09-17 12:55:00",0.1,23.4,2018-09-17 12:00:00
"2018-09-17 12:55:00",1,22.8,2018-09-17 12:00:00
"2018-09-17 12:55:00",2,22.6,2018-09-17 12:00:00
"2018-09-17 12:55:00",3,22.3,2018-09-17 12:00:00
"2018-09-17 12:55:00",4,21.8,2018-09-17 12:00:00
"2018-09-17 12:55:00",5,19.1,2018-09-17 12:00:00
"2018-09-17 12:55:00",6,16.5,2018-09-17 12:00:00
"2018-09-17 12:55:00",8,14.1,2018-09-17 12:00:00
"2018-09-17 12:55:00",9,13.3,2018-09-17 12:00:00
"2018-09-17 12:55:00",9.2,13.3,2018-09-17 12:00:00
"2018-09-17 17:52:17",0.1,22.8417,2018-09-17 17:00:00
"2018-09-17 17:52:17",1,22.5649,2018-09-17 17:00:00
"2018-09-17 17:52:17",2,22.3991,2018-09-17 17:00:00
"2018-09-17 17:52:17",3,22.0024,2018-09-17 17:00:00
"2018-09-17 17:52:17",4,21.1957,2018-09-17 17:00:00
"2018-09-17 17:52:17",5,17.4184,2018-09-17 17:00:00
"2018-09-17 17:52:17",6,15.4742,2018-09-17 17:00:00
"2018-09-17 17:52:17",7,13.8652,2018-09-17 17:00:00
"2018-09-17 17:52:17",8,13.457,2018-09-17 17:00:00
"2018-09-17 17:52:17",9,13.0473,2018-09-17 17:00:00
"2018-09-17 17:52:17",9.2,12.9026,2018-09-17 17:00:00
"2018-09-21 20:01:59",0.1,24.7236,2018-09-21 20:00:00
"2018-09-21 20:01:59",1,23.8721,2018-09-21 20:00:00
"2018-09-21 20:01:59",2,22.9537,2018-09-21 20:00:00
"2018-09-21 20:01:59",3,21.9539,2018-09-21 20:00:00
"2018-09-21 20:01:59",4,21.0497,2018-09-21 20:00:00
"2018-09-21 20:01:59",5,18.4301,2018-09-21 20:00:00
"2018-09-21 20:01:59",6,16.2588,2018-09-21 20:00:00
"2018-09-21 20:01:59",7,14.8175,2018-09-21 20:00:00
"2018-09-21 20:01:59",8,13.9144,2018-09-21 20:00:00
"2018-09-21 20:01:59",9,13.3754,2018-09-21 20:00:00
"2018-09-21 20:01:59",9.2,13.1795,2018-09-21 20:00:00
"2018-09-24 11:37:00",0.1,21.8,2018-09-24 11:00:00
"2018-09-24 11:37:00",1,21.9,2018-09-24 11:00:00
"2018-09-24 11:37:00",2,21.9,2018-09-24 11:00:00
"2018-09-24 11:37:00",3,21.6,2018-09-24 11:00:00
"2018-09-24 11:37:00",4,21.1,2018-09-24 11:00:00
"2018-09-24 11:37:00",5,20,2018-09-24 11:00:00
"2018-09-24 11:37:00",6,17.7,2018-09-24 11:00:00
"2018-09-24 11:37:00",8,14.6,2018-09-24 11:00:00
"2018-09-24 11:37:00",9,13.9,2018-09-24 11:00:00
"2018-09-24 11:37:00",9.2,13.9,2018-09-24 11:00:00
"2018-09-24 17:47:13",0.1,21.4644,2018-09-24 17:00:00
"2018-09-24 17:47:13",1,22.0204,2018-09-24 17:00:00
"2018-09-24 17:47:13",2,22.0182,2018-09-24 17:00:00
"2018-09-24 17:47:13",3,21.3074,2018-09-24 17:00:00
"2018-09-24 17:47:13",4,20.7827,2018-09-24 17:00:00
"2018-09-24 17:47:13",5,18.7085,2018-09-24 17:00:00
"2018-09-24 17:47:13",6,16.341,2018-09-24 17:00:00
"2018-09-24 17:47:13",7,14.8888,2018-09-24 17:00:00
"2018-09-24 17:47:13",8,13.946,2018-09-24 17:00:00
"2018-09-24 17:47:13",9,13.3283,2018-09-24 17:00:00
"2018-09-24 17:47:13",9.2,13.0637,2018-09-24 17:00:00
"2018-10-01 16:48:50",0.1,21.3117,2018-10-01 16:00:00
"2018-10-01 16:48:50",1,20.8297,2018-10-01 16:00:00
"2018-10-01 16:48:50",2,20.6061,2018-10-01 16:00:00
"2018-10-01 16:48:50",3,20.2613,2018-10-01 16:00:00
"2018-10-01 16:48:50",4,19.7447,2018-10-01 16:00:00
"2018-10-01 16:48:50",5,18.6563,2018-10-01 16:00:00
"2018-10-01 16:48:50",6,16.1534,2018-10-01 16:00:00
"2018-10-01 16:48:50",7,14.7027,2018-10-01 16:00:00
"2018-10-01 16:48:50",8,13.8051,2018-10-01 16:00:00
"2018-10-01 16:48:50",9,13.1904,2018-10-01 16:00:00
"2018-10-01 16:48:50",9.2,13.0143,2018-10-01 16:00:00
"2018-10-05 19:39:48",0.1,24.0209,2018-10-05 19:00:00
"2018-10-05 19:39:48",1,21.9599,2018-10-05 19:00:00
"2018-10-05 19:39:48",4,19.5836,2018-10-05 19:00:00
"2018-10-05 19:39:48",5,18.197,2018-10-05 19:00:00
"2018-10-05 19:39:48",6,16.0229,2018-10-05 19:00:00
"2018-10-05 19:39:48",7,14.5311,2018-10-05 19:00:00
"2018-10-05 19:39:48",8,13.7411,2018-10-05 19:00:00
"2018-10-05 19:39:48",9,13.1556,2018-10-05 19:00:00
"2018-10-05 19:39:48",9.2,13.1345,2018-10-05 19:00:00
"2018-10-08 16:19:43",0.1,23.8171,2018-10-08 16:00:00
"2018-10-08 16:19:43",1,22.8504,2018-10-08 16:00:00
"2018-10-08 16:19:43",2,22.4168,2018-10-08 16:00:00
"2018-10-08 16:19:43",4,19.4689,2018-10-08 16:00:00
"2018-10-08 16:19:43",5,18.2405,2018-10-08 16:00:00
"2018-10-08 16:19:43",6,16.0861,2018-10-08 16:00:00
"2018-10-08 16:19:43",7,14.6983,2018-10-08 16:00:00
"2018-10-08 16:19:43",8,13.6523,2018-10-08 16:00:00
"2018-10-08 16:19:43",9,13.0627,2018-10-08 16:00:00
"2018-10-08 16:19:43",9.2,12.9274,2018-10-08 16:00:00
"2018-10-15 12:14:00",0.1,17.7,2018-10-15 12:00:00
"2018-10-15 12:14:00",1,17.4,2018-10-15 12:00:00
"2018-10-15 12:14:00",2,17.2,2018-10-15 12:00:00
"2018-10-15 12:14:00",3,17.1,2018-10-15 12:00:00
"2018-10-15 12:14:00",4,17,2018-10-15 12:00:00
"2018-10-15 12:14:00",5,16.8,2018-10-15 12:00:00
"2018-10-15 12:14:00",6,16.7,2018-10-15 12:00:00
"2018-10-15 12:14:00",8,14.7,2018-10-15 12:00:00
"2018-10-15 12:14:00",9,13.8,2018-10-15 12:00:00
"2018-10-15 12:14:00",9.2,13.8,2018-10-15 12:00:00
"2018-10-15 17:33:24",3,17.1265,2018-10-15 17:00:00
"2018-10-15 17:33:24",4,16.9933,2018-10-15 17:00:00
"2018-10-15 17:33:24",5,16.7872,2018-10-15 17:00:00
"2018-10-15 17:33:24",6,16.3957,2018-10-15 17:00:00
"2018-10-15 17:33:24",7,14.7128,2018-10-15 17:00:00
"2018-10-15 17:33:24",8,13.7387,2018-10-15 17:00:00
"2018-10-15 17:33:24",9,13.1973,2018-10-15 17:00:00
"2018-10-15 17:33:24",9.2,13.0267,2018-10-15 17:00:00
"2018-10-19 19:18:46",0.1,16.0301,2018-10-19 19:00:00
"2018-10-19 19:18:46",1,15.879,2018-10-19 19:00:00
"2018-10-19 19:18:46",2,15.8211,2018-10-19 19:00:00
"2018-10-19 19:18:46",3,15.6579,2018-10-19 19:00:00
"2018-10-19 19:18:46",4,15.5326,2018-10-19 19:00:00
"2018-10-19 19:18:46",5,15.4,2018-10-19 19:00:00
"2018-10-19 19:18:46",6,15.3407,2018-10-19 19:00:00
"2018-10-19 19:18:46",7,15.1936,2018-10-19 19:00:00
"2018-10-19 19:18:46",8,13.6846,2018-10-19 19:00:00
"2018-10-19 19:18:46",9,13.0269,2018-10-19 19:00:00
"2018-10-19 19:18:46",9.2,12.9678,2018-10-19 19:00:00
"2018-10-21 14:10:00",0.1,15.3,2018-10-21 14:00:00
"2018-10-21 14:10:00",1,15.3,2018-10-21 14:00:00
"2018-10-21 14:10:00",2,15.3,2018-10-21 14:00:00
"2018-10-21 14:10:00",3,15.3,2018-10-21 14:00:00
"2018-10-21 14:10:00",4,14.9,2018-10-21 14:00:00
"2018-10-21 14:10:00",5,14.8,2018-10-21 14:00:00
"2018-10-21 14:10:00",6,14.8,2018-10-21 14:00:00
"2018-10-21 14:10:00",7,14.8,2018-10-21 14:00:00
"2018-10-21 14:10:00",8,14.7,2018-10-21 14:00:00
"2018-10-21 14:10:00",9,13.4,2018-10-21 14:00:00
"2018-10-21 14:10:00",9.2,13.4,2018-10-21 14:00:00
"2018-10-22 15:47:38",0.1,14.4926,2018-10-22 15:00:00
"2018-10-22 15:47:38",1,14.3858,2018-10-22 15:00:00
"2018-10-22 15:47:38",2,14.3723,2018-10-22 15:00:00
"2018-10-22 15:47:38",3,14.3652,2018-10-22 15:00:00
"2018-10-22 15:47:38",4,14.3432,2018-10-22 15:00:00
"2018-10-22 15:47:38",5,14.278,2018-10-22 15:00:00
"2018-10-22 15:47:38",6,14.2302,2018-10-22 15:00:00
"2018-10-22 15:47:38",7,14.0459,2018-10-22 15:00:00
"2018-10-22 15:47:38",8,14.0077,2018-10-22 15:00:00
"2018-10-22 15:47:38",9,12.9634,2018-10-22 15:00:00
"2018-10-22 15:47:38",9.2,12.9014,2018-10-22 15:00:00
"2018-10-29 15:36:16",0.1,12.3892,2018-10-29 15:00:00
"2018-10-29 15:36:16",1,12.0927,2018-10-29 15:00:00
"2018-10-29 15:36:16",2,12.0219,2018-10-29 15:00:00
"2018-10-29 15:36:16",3,12.0028,2018-10-29 15:00:00
"2018-10-29 15:36:16",4,12.0003,2018-10-29 15:00:00
"2018-10-29 15:36:16",5,12.0006,2018-10-29 15:00:00
"2018-10-29 15:36:16",6,11.9965,2018-10-29 15:00:00
"2018-10-29 15:36:16",7,11.989,2018-10-29 15:00:00
"2018-10-29 15:36:16",8,11.9797,2018-10-29 15:00:00
"2018-10-29 15:36:16",9,11.969,2018-10-29 15:00:00
"2018-10-29 15:36:16",9.2,11.9695,2018-10-29 15:00:00
"2018-11-02 19:27:53",0.1,12.7126,2018-11-02 19:00:00
"2018-11-02 19:27:53",1,12.5746,2018-11-02 19:00:00
"2018-11-02 19:27:53",2,12.3447,2018-11-02 19:00:00
"2018-11-02 19:27:53",3,11.8157,2018-11-02 19:00:00
"2018-11-02 19:27:53",4,11.7434,2018-11-02 19:00:00
"2018-11-02 19:27:53",5,11.7185,2018-11-02 19:00:00
"2018-11-02 19:27:53",6,11.6685,2018-11-02 19:00:00
"2018-11-02 19:27:53",7,11.6367,2018-11-02 19:00:00
"2018-11-02 19:27:53",8,11.6113,2018-11-02 19:00:00
"2018-11-02 19:27:53",9,11.5838,2018-11-02 19:00:00
"2018-11-02 19:27:53",9.2,11.5791,2018-11-02 19:00:00
"2018-11-07 20:59:59",0.1,13.4469,2018-11-07 20:00:00
"2018-11-07 20:59:59",1,12.933,2018-11-07 20:00:00
"2018-11-07 20:59:59",2,12.609,2018-11-07 20:00:00
"2018-11-07 20:59:59",3,12.2075,2018-11-07 20:00:00
"2018-11-07 20:59:59",4,12.1001,2018-11-07 20:00:00
"2018-11-07 20:59:59",5,12.0418,2018-11-07 20:00:00
"2018-11-07 20:59:59",6,11.8227,2018-11-07 20:00:00
"2018-11-07 20:59:59",7,11.7405,2018-11-07 20:00:00
"2018-11-07 20:59:59",8,11.7238,2018-11-07 20:00:00
"2018-11-07 20:59:59",9,11.714,2018-11-07 20:00:00
"2018-11-07 20:59:59",9.2,11.7125,2018-11-07 20:00:00
"2018-11-13 20:24:08",0.1,9.7628,2018-11-13 20:00:00
"2018-11-13 20:24:08",1,9.7441,2018-11-13 20:00:00
"2018-11-13 20:24:08",2,9.7812,2018-11-13 20:00:00
"2018-11-13 20:24:08",3,9.7796,2018-11-13 20:00:00
"2018-11-13 20:24:08",4,9.7801,2018-11-13 20:00:00
"2018-11-13 20:24:08",5,9.7754,2018-11-13 20:00:00
"2018-11-13 20:24:08",6,9.7757,2018-11-13 20:00:00
"2018-11-13 20:24:08",7,9.7759,2018-11-13 20:00:00
"2018-11-13 20:24:08",8,9.7775,2018-11-13 20:00:00
"2018-11-13 20:24:08",9,9.6542,2018-11-13 20:00:00
"2018-11-13 20:24:08",9.2,9.6778,2018-11-13 20:00:00
"2018-11-19 10:45:00",0.1,8.6,2018-11-19 10:00:00
"2018-11-19 10:45:00",1,8.2,2018-11-19 10:00:00
"2018-11-19 10:45:00",2,8.1,2018-11-19 10:00:00
"2018-11-19 10:45:00",3,8,2018-11-19 10:00:00
"2018-11-19 10:45:00",4,8,2018-11-19 10:00:00
"2018-11-19 10:45:00",5,8,2018-11-19 10:00:00
"2018-11-19 10:45:00",6,8,2018-11-19 10:00:00
"2018-11-19 10:45:00",8,7.9,2018-11-19 10:00:00
"2018-11-19 10:45:00",9,7.9,2018-11-19 10:00:00
"2018-11-19 10:45:00",9.2,7.9,2018-11-19 10:00:00
"2018-11-19 16:47:25",0.1,8.5742,2018-11-19 16:00:00
"2018-11-19 16:47:25",1,8.1398,2018-11-19 16:00:00
"2018-11-19 16:47:25",2,8.0912,2018-11-19 16:00:00
"2018-11-19 16:47:25",3,8.0837,2018-11-19 16:00:00
"2018-11-19 16:47:25",4,8.0577,2018-11-19 16:00:00
"2018-11-19 16:47:25",5,8.0247,2018-11-19 16:00:00
"2018-11-19 16:47:25",6,8.0096,2018-11-19 16:00:00
"2018-11-19 16:47:25",7,7.9956,2018-11-19 16:00:00
"2018-11-19 16:47:25",8,7.9738,2018-11-19 16:00:00
"2018-11-19 16:47:25",9,7.9741,2018-11-19 16:00:00
"2018-11-19 16:47:25",9.2,7.9762,2018-11-19 16:00:00
"2018-12-06 16:38:22",0.1,5.0427,2018-12-06 16:00:00
"2018-12-06 16:38:22",1,4.8959,2018-12-06 16:00:00
"2018-12-06 16:38:22",2,5.3383,2018-12-06 16:00:00
"2018-12-06 16:38:22",3,5.3374,2018-12-06 16:00:00
"2018-12-06 16:38:22",4,5.3358,2018-12-06 16:00:00
"2018-12-06 16:38:22",5,5.3301,2018-12-06 16:00:00
"2018-12-06 16:38:22",6,5.3276,2018-12-06 16:00:00
"2018-12-06 16:38:22",7,5.3268,2018-12-06 16:00:00
"2018-12-06 16:38:22",8,5.315,2018-12-06 16:00:00
"2018-12-06 16:38:22",9,5.3108,2018-12-06 16:00:00
"2018-12-06 16:38:22",9.2,5.3187,2018-12-06 16:00:00
"2018-12-17 11:15:00",0.1,4.9,2018-12-17 11:00:00
"2018-12-17 11:15:00",1,4.6,2018-12-17 11:00:00
"2018-12-17 11:15:00",2,4.6,2018-12-17 11:00:00
"2018-12-17 11:15:00",3,4.5,2018-12-17 11:00:00
"2018-12-17 11:15:00",4,4.5,2018-12-17 11:00:00
"2018-12-17 11:15:00",5,4.5,2018-12-17 11:00:00
"2018-12-17 11:15:00",6,4.5,2018-12-17 11:00:00
"2018-12-17 11:15:00",8,4.5,2018-12-17 11:00:00
"2018-12-17 11:15:00",9,4.4,2018-12-17 11:00:00
"2018-12-17 11:15:00",9.2,4.4,2018-12-17 11:00:00
"2018-12-17 16:31:23",0.1,4.5289,2018-12-17 16:00:00
"2018-12-17 16:31:23",1,4.5274,2018-12-17 16:00:00
"2018-12-17 16:31:23",2,4.5358,2018-12-17 16:00:00
"2018-12-17 16:31:23",3,4.5378,2018-12-17 16:00:00
"2018-12-17 16:31:23",4,4.5844,2018-12-17 16:00:00
"2018-12-17 16:31:23",5,4.5771,2018-12-17 16:00:00
"2018-12-17 16:31:23",6,4.4763,2018-12-17 16:00:00
"2018-12-17 16:31:23",7,4.4676,2018-12-17 16:00:00
"2018-12-17 16:31:23",8,4.4212,2018-12-17 16:00:00
"2018-12-17 16:31:23",9,4.3914,2018-12-17 16:00:00
"2018-12-17 16:31:23",9.2,4.3833,2018-12-17 16:00:00
"2019-01-21 13:46:00",0.1,2.3,2019-01-21 13:00:00
"2019-01-21 13:46:00",1,2.3,2019-01-21 13:00:00
"2019-01-21 13:46:00",2,2.4,2019-01-21 13:00:00
"2019-01-21 13:46:00",3,2.5,2019-01-21 13:00:00
"2019-01-21 13:46:00",4,2.7,2019-01-21 13:00:00
"2019-01-21 13:46:00",5,3,2019-01-21 13:00:00
"2019-01-21 13:46:00",6,3.3,2019-01-21 13:00:00
"2019-02-08 22:24:06",0.1,4.886,2019-02-08 22:00:00
"2019-02-08 22:24:06",1,4.8756,2019-02-08 22:00:00
"2019-02-08 22:24:06",2,4.6749,2019-02-08 22:00:00
"2019-02-08 22:24:06",3,4.5192,2019-02-08 22:00:00
"2019-02-08 22:24:06",4,4.4369,2019-02-08 22:00:00
"2019-02-08 22:24:06",5,4.4155,2019-02-08 22:00:00
"2019-02-08 22:24:06",6,4.3227,2019-02-08 22:00:00
"2019-02-08 22:24:06",7,4.2591,2019-02-08 22:00:00
"2019-02-08 22:24:06",8,4.2038,2019-02-08 22:00:00
"2019-02-08 22:24:06",9,4.184,2019-02-08 22:00:00
"2019-02-08 22:24:06",9.2,4.2255,2019-02-08 22:00:00
"2019-03-18 10:56:00",0.1,9,2019-03-18 10:00:00
"2019-03-18 10:56:00",1,8.5,2019-03-18 10:00:00
"2019-03-18 10:56:00",2,8.5,2019-03-18 10:00:00
"2019-03-18 10:56:00",3,8.3,2019-03-18 10:00:00
"2019-03-18 10:56:00",4,8.3,2019-03-18 10:00:00
"2019-03-18 10:56:00",5,7.9,2019-03-18 10:00:00
"2019-03-18 10:56:00",6,6.8,2019-03-18 10:00:00
"2019-03-18 10:56:00",8,5.9,2019-03-18 10:00:00
"2019-03-18 10:56:00",9,5.7,2019-03-18 10:00:00
"2019-03-18 10:56:00",9.2,5.7,2019-03-18 10:00:00
"2019-04-01 10:00:00",0.1,10.8,2019-04-01 10:00:00
"2019-04-01 10:00:00",2,10.9,2019-04-01 10:00:00
"2019-04-01 10:00:00",4,9.9,2019-04-01 10:00:00
"2019-04-01 10:00:00",5,8.8,2019-04-01 10:00:00
"2019-04-01 10:00:00",6,8,2019-04-01 10:00:00
"2019-04-01 10:00:00",8,7.1,2019-04-01 10:00:00
"2019-04-01 10:00:00",9,6.7,2019-04-01 10:00:00
"2019-04-01 10:00:00",9.2,6.7,2019-04-01 10:00:00
"2019-05-06 12:00:00",0.1,20.4,2019-05-06 12:00:00
"2019-05-06 10:45:00",2,20,2019-05-06 10:00:00
"2019-05-06 10:52:00",4,12.5,2019-05-06 10:00:00
"2019-05-06 10:53:00",5,10.1,2019-05-06 10:00:00
"2019-05-06 10:55:00",6,9.1,2019-05-06 10:00:00
"2019-05-06 10:57:00",8,8.5,2019-05-06 10:00:00
"2019-05-06 11:00:00",9,8.3,2019-05-06 11:00:00
"2019-05-06 11:00:00",9.2,8.3,2019-05-06 11:00:00
"2019-05-13 12:00:00",0.1,21.1,2019-05-13 12:00:00
"2019-05-13 12:00:00",1,20.3,2019-05-13 12:00:00
"2019-05-13 12:00:00",2,19.7,2019-05-13 12:00:00
"2019-05-13 12:00:00",3,16.2,2019-05-13 12:00:00
"2019-05-13 12:00:00",4,12.5,2019-05-13 12:00:00
"2019-05-13 12:00:00",5,10.2,2019-05-13 12:00:00
"2019-05-13 12:00:00",6,9.3,2019-05-13 12:00:00
"2019-05-13 12:00:00",8,8.6,2019-05-13 12:00:00
"2019-05-13 12:00:00",9,8.4,2019-05-13 12:00:00
"2019-05-13 12:00:00",9.2,8.4,2019-05-13 12:00:00
"2019-05-20 09:50:00",0.1,22.9,2019-05-20 09:00:00
"2019-05-20 09:53:00",1,22.1,2019-05-20 09:00:00
"2019-05-20 09:55:00",2,19.8,2019-05-20 09:00:00
"2019-05-20 09:58:00",3,16.8,2019-05-20 09:00:00
"2019-05-20 10:00:00",4,13.4,2019-05-20 10:00:00
"2019-05-20 10:02:00",5,10.8,2019-05-20 10:00:00
"2019-05-20 10:04:00",6,9.6,2019-05-20 10:00:00
"2019-05-20 10:06:00",8,8.8,2019-05-20 10:00:00
"2019-05-20 10:07:00",9,8.6,2019-05-20 10:00:00
"2019-05-20 10:07:00",9.2,8.6,2019-05-20 10:00:00
"2019-05-27 11:47:00",0.1,23.3,2019-05-27 11:00:00
"2019-05-27 11:49:00",1,24.9,2019-05-27 11:00:00
"2019-05-27 11:51:00",2,23.7,2019-05-27 11:00:00
"2019-05-27 11:52:00",3,18.4,2019-05-27 11:00:00
"2019-05-27 11:53:00",4,14,2019-05-27 11:00:00
"2019-05-27 11:54:00",5,11.4,2019-05-27 11:00:00
"2019-05-27 11:57:00",6,9.8,2019-05-27 11:00:00
"2019-05-27 11:58:00",7,9.1,2019-05-27 11:00:00
"2019-05-27 12:00:00",8,8.8,2019-05-27 12:00:00
"2019-05-27 12:02:00",9,8.7,2019-05-27 12:00:00
"2019-05-27 12:02:00",9.2,8.7,2019-05-27 12:00:00
"2019-06-03 12:17:10",0.1,23.701,2019-06-03 12:00:00
"2019-06-03 12:17:10",1,23.6643,2019-06-03 12:00:00
"2019-06-03 12:17:10",2,21.871,2019-06-03 12:00:00
"2019-06-03 12:17:10",3,15.5119,2019-06-03 12:00:00
"2019-06-03 12:17:10",4,11.7427,2019-06-03 12:00:00
"2019-06-03 12:17:10",5,10.2939,2019-06-03 12:00:00
"2019-06-03 12:17:10",6,9.3672,2019-06-03 12:00:00
"2019-06-03 12:17:10",7,9.0129,2019-06-03 12:00:00
"2019-06-03 12:17:10",8,8.8177,2019-06-03 12:00:00
"2019-06-03 12:17:10",9,8.6908,2019-06-03 12:00:00
"2019-06-03 12:17:10",9.2,8.6229,2019-06-03 12:00:00
"2019-06-06 10:36:59",0.1,22.8263,2019-06-06 10:00:00
"2019-06-06 10:36:59",1,22.6871,2019-06-06 10:00:00
"2019-06-06 10:36:59",2,20.7926,2019-06-06 10:00:00
"2019-06-06 10:36:59",3,15.8734,2019-06-06 10:00:00
"2019-06-06 10:36:59",4,12.19,2019-06-06 10:00:00
"2019-06-06 10:36:59",5,9.5938,2019-06-06 10:00:00
"2019-06-06 10:36:59",6,9.5491,2019-06-06 10:00:00
"2019-06-06 10:36:59",7,9.5187,2019-06-06 10:00:00
"2019-06-06 10:36:59",8,9.5105,2019-06-06 10:00:00
"2019-06-06 10:36:59",9,9.5075,2019-06-06 10:00:00
"2019-06-06 10:36:59",9.2,9.5069,2019-06-06 10:00:00
"2019-06-06 19:56:07",0.1,25.2851,2019-06-06 19:00:00
"2019-06-06 19:56:07",1,23.1468,2019-06-06 19:00:00
"2019-06-06 19:56:07",2,20.7942,2019-06-06 19:00:00
"2019-06-06 19:56:07",3,15.5222,2019-06-06 19:00:00
"2019-06-06 17:21:06",4,12.1117,2019-06-06 17:00:00
"2019-06-06 19:56:07",5,10.6356,2019-06-06 19:00:00
"2019-06-06 19:56:07",6,9.5976,2019-06-06 19:00:00
"2019-06-06 19:56:07",7,9.5789,2019-06-06 19:00:00
"2019-06-06 19:56:07",8,9.5705,2019-06-06 19:00:00
"2019-06-06 19:56:07",9,9.5675,2019-06-06 19:00:00
"2019-06-06 19:56:07",9.2,9.5547,2019-06-06 19:00:00
"2019-06-10 13:59:09",0.1,21.6169,2019-06-10 13:00:00
"2019-06-10 13:59:09",1,21.2652,2019-06-10 13:00:00
"2019-06-10 13:59:09",2,20.3919,2019-06-10 13:00:00
"2019-06-10 13:59:09",3,16.5583,2019-06-10 13:00:00
"2019-06-10 13:59:09",4,12.6893,2019-06-10 13:00:00
"2019-06-10 13:59:09",5,9.9544,2019-06-10 13:00:00
"2019-06-10 13:59:09",6,9.9101,2019-06-10 13:00:00
"2019-06-10 13:59:09",7,9.8829,2019-06-10 13:00:00
"2019-06-10 13:59:09",8,9.8781,2019-06-10 13:00:00
"2019-06-10 13:59:09",9,9.8561,2019-06-10 13:00:00
"2019-06-10 13:59:09",9.2,9.8561,2019-06-10 13:00:00
"2019-06-10 17:12:02",0.1,21.8045,2019-06-10 17:00:00
"2019-06-10 17:12:02",1,21.7012,2019-06-10 17:00:00
"2019-06-10 17:12:02",2,20.9105,2019-06-10 17:00:00
"2019-06-10 17:12:02",3,17.228,2019-06-10 17:00:00
"2019-06-10 17:12:02",4,12.962,2019-06-10 17:00:00
"2019-06-10 17:12:02",5,10.0851,2019-06-10 17:00:00
"2019-06-10 17:12:02",6,9.9371,2019-06-10 17:00:00
"2019-06-10 17:12:02",7,9.9118,2019-06-10 17:00:00
"2019-06-10 17:12:02",8,9.9031,2019-06-10 17:00:00
"2019-06-10 17:12:02",9,9.8803,2019-06-10 17:00:00
"2019-06-10 17:12:02",9.2,9.8767,2019-06-10 17:00:00
"2019-06-13 12:22:00",0.1,24,2019-06-13 12:00:00
"2019-06-13 12:24:00",1,23.1,2019-06-13 12:00:00
"2019-06-13 12:25:00",2,21.8,2019-06-13 12:00:00
"2019-06-13 12:26:00",3,20.2,2019-06-13 12:00:00
"2019-06-13 12:28:00",4,15.7,2019-06-13 12:00:00
"2019-06-13 12:29:00",5,11.3,2019-06-13 12:00:00
"2019-06-13 12:31:00",6,10.5,2019-06-13 12:00:00
"2019-06-13 12:33:00",8,10.3,2019-06-13 12:00:00
"2019-06-13 12:34:00",9,10.3,2019-06-13 12:00:00
"2019-06-13 12:34:00",9.2,10.3,2019-06-13 12:00:00
"2019-06-13 17:16:19",0.1,21.6123,2019-06-13 17:00:00
"2019-06-13 17:16:19",1,21.4024,2019-06-13 17:00:00
"2019-06-13 17:16:19",2,20.538,2019-06-13 17:00:00
"2019-06-13 17:16:19",3,17.5511,2019-06-13 17:00:00
"2019-06-13 17:16:19",4,12.2759,2019-06-13 17:00:00
"2019-06-13 17:16:19",5,10.1932,2019-06-13 17:00:00
"2019-06-13 17:16:19",6,10.1355,2019-06-13 17:00:00
"2019-06-13 17:16:19",7,10.1371,2019-06-13 17:00:00
"2019-06-13 17:16:19",8,10.1232,2019-06-13 17:00:00
"2019-06-13 17:16:19",9,10.1177,2019-06-13 17:00:00
"2019-06-13 17:16:19",9.2,10.1019,2019-06-13 17:00:00
"2019-06-17 13:56:47",0.1,23.4395,2019-06-17 13:00:00
"2019-06-17 13:56:47",1,23.3641,2019-06-17 13:00:00
"2019-06-17 13:56:47",2,20.5326,2019-06-17 13:00:00
"2019-06-17 13:56:47",3,17.9986,2019-06-17 13:00:00
"2019-06-17 13:56:47",4,12.6323,2019-06-17 13:00:00
"2019-06-17 13:56:47",5,10.4113,2019-06-17 13:00:00
"2019-06-17 13:56:47",6,10.383,2019-06-17 13:00:00
"2019-06-17 13:56:47",7,10.3743,2019-06-17 13:00:00
"2019-06-17 13:56:47",8,10.3772,2019-06-17 13:00:00
"2019-06-17 13:56:47",9,10.3476,2019-06-17 13:00:00
"2019-06-17 13:56:47",9.2,10.349,2019-06-17 13:00:00
"2019-06-20 19:10:10",0.1,24.8796,2019-06-20 19:00:00
"2019-06-20 19:10:10",1,23.5203,2019-06-20 19:00:00
"2019-06-20 19:10:10",2,21.0123,2019-06-20 19:00:00
"2019-06-20 19:10:10",3,17.1795,2019-06-20 19:00:00
"2019-06-20 19:10:10",4,12.2524,2019-06-20 19:00:00
"2019-06-20 19:10:10",5,10.5969,2019-06-20 19:00:00
"2019-06-20 19:10:10",6,10.4053,2019-06-20 19:00:00
"2019-06-20 19:10:10",7,10.3254,2019-06-20 19:00:00
"2019-06-20 19:10:10",8,10.2663,2019-06-20 19:00:00
"2019-06-20 19:10:10",9,10.0965,2019-06-20 19:00:00
"2019-06-20 19:10:10",9.2,10.0656,2019-06-20 19:00:00
"2019-06-24 13:48:11",0.1,23.7818,2019-06-24 13:00:00
"2019-06-24 13:48:11",1,23.4688,2019-06-24 13:00:00
"2019-06-24 13:48:11",2,21.712,2019-06-24 13:00:00
"2019-06-24 13:48:11",3,17.5798,2019-06-24 13:00:00
"2019-06-24 13:48:11",4,13.1112,2019-06-24 13:00:00
"2019-06-24 13:48:11",5,10.7217,2019-06-24 13:00:00
"2019-06-24 13:48:11",6,10.4747,2019-06-24 13:00:00
"2019-06-24 13:48:11",7,10.35,2019-06-24 13:00:00
"2019-06-24 13:48:11",8,10.2283,2019-06-24 13:00:00
"2019-06-24 13:48:11",9,10.02,2019-06-24 13:00:00
"2019-06-24 13:48:11",9.2,9.9632,2019-06-24 13:00:00
"2019-06-27 13:36:25",0.1,25.4849,2019-06-27 13:00:00
"2019-06-27 13:36:25",1,25.2753,2019-06-27 13:00:00
"2019-06-27 13:36:25",2,22.1279,2019-06-27 13:00:00
"2019-06-27 13:36:25",3,18.0526,2019-06-27 13:00:00
"2019-06-27 13:36:25",4,13.8767,2019-06-27 13:00:00
"2019-06-27 13:36:25",5,10.9591,2019-06-27 13:00:00
"2019-06-27 13:36:25",6,10.4319,2019-06-27 13:00:00
"2019-06-27 13:36:25",7,10.3049,2019-06-27 13:00:00
"2019-06-27 13:36:25",8,10.1977,2019-06-27 13:00:00
"2019-06-27 13:36:25",9,10.0135,2019-06-27 13:00:00
"2019-06-27 13:36:25",9.2,9.971,2019-06-27 13:00:00
"2019-07-01 13:47:11",0.1,26.5245,2019-07-01 13:00:00
"2019-07-01 13:47:11",1,26.4406,2019-07-01 13:00:00
"2019-07-01 13:47:11",2,23.0239,2019-07-01 13:00:00
"2019-07-01 13:47:11",3,17.8885,2019-07-01 13:00:00
"2019-07-01 13:47:11",4,13.5369,2019-07-01 13:00:00
"2019-07-01 13:47:11",5,11.3629,2019-07-01 13:00:00
"2019-07-01 13:47:11",6,10.5892,2019-07-01 13:00:00
"2019-07-01 13:47:11",7,10.3256,2019-07-01 13:00:00
"2019-07-01 13:47:11",8,10.2869,2019-07-01 13:00:00
"2019-07-01 13:47:11",9,10.0362,2019-07-01 13:00:00
"2019-07-01 13:47:11",9.2,9.9497,2019-07-01 13:00:00
"2019-07-03 13:33:58",0.1,26.0533,2019-07-03 13:00:00
"2019-07-03 13:33:58",1,26.0384,2019-07-03 13:00:00
"2019-07-03 13:33:58",2,26.0319,2019-07-03 13:00:00
"2019-07-03 13:33:58",3,18.7051,2019-07-03 13:00:00
"2019-07-03 13:33:58",4,13.373,2019-07-03 13:00:00
"2019-07-03 13:33:58",5,11.4987,2019-07-03 13:00:00
"2019-07-03 13:33:58",6,10.6346,2019-07-03 13:00:00
"2019-07-03 13:33:58",7,10.3754,2019-07-03 13:00:00
"2019-07-03 13:33:58",8,10.2478,2019-07-03 13:00:00
"2019-07-03 13:33:58",9,10.0322,2019-07-03 13:00:00
"2019-07-03 13:33:58",9.2,10.0241,2019-07-03 13:00:00
"2019-07-08 13:42:19",0.1,27.1817,2019-07-08 13:00:00
"2019-07-08 13:42:19",1,27.0081,2019-07-08 13:00:00
"2019-07-08 13:42:19",2,23.2813,2019-07-08 13:00:00
"2019-07-08 13:42:19",3,17.8725,2019-07-08 13:00:00
"2019-07-08 13:42:19",4,13.7045,2019-07-08 13:00:00
"2019-07-08 13:42:19",5,11.5998,2019-07-08 13:00:00
"2019-07-08 13:42:19",6,10.6849,2019-07-08 13:00:00
"2019-07-08 13:42:19",7,10.4125,2019-07-08 13:00:00
"2019-07-08 13:42:19",8,10.3427,2019-07-08 13:00:00
"2019-07-08 13:42:19",9,10.05,2019-07-08 13:00:00
"2019-07-08 13:42:19",9.2,10.0203,2019-07-08 13:00:00
"2019-07-08 18:49:07",0.1,29.5736,2019-07-08 18:00:00
"2019-07-08 18:49:07",1,29.1191,2019-07-08 18:00:00
"2019-07-08 18:49:07",2,23.6905,2019-07-08 18:00:00
"2019-07-08 18:49:07",3,18.569,2019-07-08 18:00:00
"2019-07-08 18:49:07",4,13.8025,2019-07-08 18:00:00
"2019-07-08 18:49:07",5,11.3179,2019-07-08 18:00:00
"2019-07-08 18:49:07",6,10.5368,2019-07-08 18:00:00
"2019-07-08 18:49:07",7,10.2877,2019-07-08 18:00:00
"2019-07-08 18:49:07",8,10.2469,2019-07-08 18:00:00
"2019-07-08 18:49:07",9,10.164,2019-07-08 18:00:00
"2019-07-08 18:49:07",9.2,10.1478,2019-07-08 18:00:00
"2019-07-15 13:44:04",0.1,27.8368,2019-07-15 13:00:00
"2019-07-15 13:44:04",1,27.5106,2019-07-15 13:00:00
"2019-07-15 13:44:04",2,24.9812,2019-07-15 13:00:00
"2019-07-15 13:44:04",3,18.8962,2019-07-15 13:00:00
"2019-07-15 13:44:04",4,14.1786,2019-07-15 13:00:00
"2019-07-15 13:44:04",5,11.047,2019-07-15 13:00:00
"2019-07-15 13:44:04",6,11.0121,2019-07-15 13:00:00
"2019-07-15 13:44:04",7,10.999,2019-07-15 13:00:00
"2019-07-15 13:44:04",8,10.9823,2019-07-15 13:00:00
"2019-07-15 13:44:04",9,10.9897,2019-07-15 13:00:00
"2019-07-15 13:44:04",9.2,10.9717,2019-07-15 13:00:00
"2019-07-18 13:39:15",0.1,27.6706,2019-07-18 13:00:00
"2019-07-18 13:39:15",1,27.591,2019-07-18 13:00:00
"2019-07-18 13:39:15",2,25.0011,2019-07-18 13:00:00
"2019-07-18 13:39:15",3,18.1694,2019-07-18 13:00:00
"2019-07-18 13:39:15",4,14.0794,2019-07-18 13:00:00
"2019-07-18 13:39:15",5,11.2025,2019-07-18 13:00:00
"2019-07-18 13:39:15",6,11.1798,2019-07-18 13:00:00
"2019-07-18 13:39:15",7,11.1791,2019-07-18 13:00:00
"2019-07-18 13:39:15",8,11.1855,2019-07-18 13:00:00
"2019-07-18 13:39:15",9,11.148,2019-07-18 13:00:00
"2019-07-18 13:39:15",9.2,11.1423,2019-07-18 13:00:00
"2019-07-22 14:09:47",0.1,27.4249,2019-07-22 14:00:00
"2019-07-22 14:09:47",1,27.3281,2019-07-22 14:00:00
"2019-07-22 14:09:47",2,24.8489,2019-07-22 14:00:00
"2019-07-22 14:09:47",3,18.9043,2019-07-22 14:00:00
"2019-07-22 14:09:47",4,13.8348,2019-07-22 14:00:00
"2019-07-22 14:09:47",5,11.3449,2019-07-22 14:00:00
"2019-07-22 14:09:47",6,11.2042,2019-07-22 14:00:00
"2019-07-22 14:09:47",7,11.1514,2019-07-22 14:00:00
"2019-07-22 14:09:47",8,11.0534,2019-07-22 14:00:00
"2019-07-22 14:09:47",9,10.9336,2019-07-22 14:00:00
"2019-07-22 14:09:47",9.2,10.9711,2019-07-22 14:00:00
"2019-07-29 13:43:15",0.1,26.2249,2019-07-29 13:00:00
"2019-07-29 13:43:15",1,26.1616,2019-07-29 13:00:00
"2019-07-29 13:43:15",2,24.7667,2019-07-29 13:00:00
"2019-07-29 13:43:15",3,20.0737,2019-07-29 13:00:00
"2019-07-29 13:43:15",4,15.0617,2019-07-29 13:00:00
"2019-07-29 13:43:15",5,11.8291,2019-07-29 13:00:00
"2019-07-29 13:43:15",6,11.3261,2019-07-29 13:00:00
"2019-07-29 13:43:15",7,11.1224,2019-07-29 13:00:00
"2019-07-29 13:43:15",8,11.0387,2019-07-29 13:00:00
"2019-07-29 13:43:15",9,10.8844,2019-07-29 13:00:00
"2019-07-29 13:43:15",9.2,10.857,2019-07-29 13:00:00
"2019-08-01 13:36:36",0.1,25.5384,2019-08-01 13:00:00
"2019-08-01 13:36:36",1,25.3866,2019-08-01 13:00:00
"2019-08-01 13:36:36",2,24.2923,2019-08-01 13:00:00
"2019-08-01 13:36:36",3,20.5393,2019-08-01 13:00:00
"2019-08-01 13:36:36",4,14.8897,2019-08-01 13:00:00
"2019-08-01 13:36:36",5,12.0563,2019-08-01 13:00:00
"2019-08-01 13:36:36",6,11.3207,2019-08-01 13:00:00
"2019-08-01 13:36:36",7,11.0904,2019-08-01 13:00:00
"2019-08-01 13:36:36",8,10.9763,2019-08-01 13:00:00
"2019-08-01 13:36:36",9,10.8854,2019-08-01 13:00:00
"2019-08-01 13:36:36",9.2,10.8822,2019-08-01 13:00:00
"2019-08-05 16:01:40",0.1,26.496,2019-08-05 16:00:00
"2019-08-05 16:01:40",1,26.2779,2019-08-05 16:00:00
"2019-08-05 16:01:40",2,24.1554,2019-08-05 16:00:00
"2019-08-05 16:01:40",3,20.0931,2019-08-05 16:00:00
"2019-08-05 16:01:40",4,14.9082,2019-08-05 16:00:00
"2019-08-05 16:01:40",5,12.0301,2019-08-05 16:00:00
"2019-08-05 16:01:40",6,11.3623,2019-08-05 16:00:00
"2019-08-05 16:01:40",7,11.0636,2019-08-05 16:00:00
"2019-08-05 16:01:40",8,11.048,2019-08-05 16:00:00
"2019-08-05 16:01:40",9,10.8379,2019-08-05 16:00:00
"2019-08-05 16:01:40",9.2,10.8261,2019-08-05 16:00:00
"2019-08-05 19:27:19",0.1,28.1296,2019-08-05 19:00:00
"2019-08-05 19:27:19",1,26.116,2019-08-05 19:00:00
"2019-08-05 19:27:19",2,24.096,2019-08-05 19:00:00
"2019-08-05 19:27:19",3,20.0588,2019-08-05 19:00:00
"2019-08-05 19:27:19",4,14.7093,2019-08-05 19:00:00
"2019-08-05 19:27:19",5,12.4004,2019-08-05 19:00:00
"2019-08-05 19:27:19",6,11.2791,2019-08-05 19:00:00
"2019-08-05 19:27:19",7,11.075,2019-08-05 19:00:00
"2019-08-05 19:27:19",8,11.0147,2019-08-05 19:00:00
"2019-08-05 19:27:19",9,10.9965,2019-08-05 19:00:00
"2019-08-05 19:27:19",9.2,10.9988,2019-08-05 19:00:00
"2019-08-08 13:30:01",0.1,25.676,2019-08-08 13:00:00
"2019-08-08 13:30:01",1,25.5691,2019-08-08 13:00:00
"2019-08-08 13:30:01",3,20.2201,2019-08-08 13:00:00
"2019-08-08 13:30:01",4,15.4663,2019-08-08 13:00:00
"2019-08-08 13:30:01",5,11.9588,2019-08-08 13:00:00
"2019-08-08 13:30:01",6,11.5473,2019-08-08 13:00:00
"2019-08-08 13:30:01",7,11.4877,2019-08-08 13:00:00
"2019-08-08 13:30:01",8,11.4627,2019-08-08 13:00:00
"2019-08-08 13:30:01",9,11.4248,2019-08-08 13:00:00
"2019-08-08 13:30:01",9.2,11.4227,2019-08-08 13:00:00
"2019-08-12 13:37:12",0.1,25.4176,2019-08-12 13:00:00
"2019-08-12 13:37:12",1,25.2582,2019-08-12 13:00:00
"2019-08-12 13:37:12",4,15.097,2019-08-12 13:00:00
"2019-08-12 13:37:12",5,11.7529,2019-08-12 13:00:00
"2019-08-12 13:37:12",6,11.7031,2019-08-12 13:00:00
"2019-08-12 13:37:12",7,11.6891,2019-08-12 13:00:00
"2019-08-12 13:37:12",8,11.6763,2019-08-12 13:00:00
"2019-08-12 13:37:12",9,11.6691,2019-08-12 13:00:00
"2019-08-12 13:37:12",9.2,11.6687,2019-08-12 13:00:00
"2019-08-14 15:57:54",0.1,27.1478,2019-08-14 15:00:00
"2019-08-14 15:57:54",1,27.1389,2019-08-14 15:00:00
"2019-08-14 15:57:54",2,24.6803,2019-08-14 15:00:00
"2019-08-14 15:57:54",4,14.9317,2019-08-14 15:00:00
"2019-08-14 15:57:54",5,11.9934,2019-08-14 15:00:00
"2019-08-14 15:57:54",6,11.8808,2019-08-14 15:00:00
"2019-08-14 15:57:54",7,11.8407,2019-08-14 15:00:00
"2019-08-14 15:57:54",8,11.8261,2019-08-14 15:00:00
"2019-08-14 15:57:54",9,11.8106,2019-08-14 15:00:00
"2019-08-14 15:57:54",9.2,11.8147,2019-08-14 15:00:00
"2019-08-15 01:04:27",0.1,28.1014,2019-08-15 01:00:00
"2019-08-15 01:04:27",1,25.9988,2019-08-15 01:00:00
"2019-08-15 01:04:27",4,15.2105,2019-08-15 01:00:00
"2019-08-15 13:04:34",5,11.9651,2019-08-15 13:00:00
"2019-08-15 04:01:10",6,11.846,2019-08-15 04:00:00
"2019-08-15 13:04:34",7,11.8475,2019-08-15 13:00:00
"2019-08-15 04:01:10",8,11.8129,2019-08-15 04:00:00
"2019-08-14 22:02:05",9,11.7908,2019-08-14 22:00:00
"2019-08-14 22:02:05",9.2,11.7767,2019-08-14 22:00:00
"2019-08-19 13:40:08",0.1,27.4585,2019-08-19 13:00:00
"2019-08-19 13:40:08",1,27.4223,2019-08-19 13:00:00
"2019-08-19 13:40:08",4,15.2434,2019-08-19 13:00:00
"2019-08-19 13:40:08",5,12.7096,2019-08-19 13:00:00
"2019-08-19 13:40:08",6,12.0122,2019-08-19 13:00:00
"2019-08-19 13:40:08",7,12.0029,2019-08-19 13:00:00
"2019-08-19 13:40:08",8,12.0071,2019-08-19 13:00:00
"2019-08-19 13:40:08",9,11.9827,2019-08-19 13:00:00
"2019-08-19 13:40:08",9.2,11.9814,2019-08-19 13:00:00
"2019-08-22 13:26:00",0.1,27.299,2019-08-22 13:00:00
"2019-08-22 13:26:00",1,27.2475,2019-08-22 13:00:00
"2019-08-22 13:26:00",4,14.8387,2019-08-22 13:00:00
"2019-08-22 13:26:00",5,12.3384,2019-08-22 13:00:00
"2019-08-22 13:26:00",6,11.9916,2019-08-22 13:00:00
"2019-08-22 13:26:00",7,11.9472,2019-08-22 13:00:00
"2019-08-22 13:26:00",8,11.8875,2019-08-22 13:00:00
"2019-08-22 13:26:00",9,11.7294,2019-08-22 13:00:00
"2019-08-22 13:26:00",9.2,11.7347,2019-08-22 13:00:00
"2019-08-28 15:14:25",2,23.4238,2019-08-28 15:00:00
"2019-08-28 15:14:25",4,15.4946,2019-08-28 15:00:00
"2019-08-28 15:14:25",5,12.369,2019-08-28 15:00:00
"2019-08-28 15:14:25",6,11.9213,2019-08-28 15:00:00
"2019-08-28 15:14:25",7,11.8635,2019-08-28 15:00:00
"2019-08-28 15:14:25",8,11.75,2019-08-28 15:00:00
"2019-08-28 15:14:25",9,11.6327,2019-08-28 15:00:00
"2019-08-28 15:14:25",9.2,11.6477,2019-08-28 15:00:00
"2019-09-02 13:26:25",4,16.1749,2019-09-02 13:00:00
"2019-09-02 13:26:25",5,12.6694,2019-09-02 13:00:00
"2019-09-02 13:26:25",6,12.0754,2019-09-02 13:00:00
"2019-09-02 13:26:25",7,11.9251,2019-09-02 13:00:00
"2019-09-02 13:26:25",8,11.777,2019-09-02 13:00:00
"2019-09-02 13:26:25",9,11.6379,2019-09-02 13:00:00
"2019-09-02 13:26:25",9.2,11.5597,2019-09-02 13:00:00
"2019-09-04 14:12:19",0.1,24.8166,2019-09-04 14:00:00
"2019-09-04 14:12:19",1,24.9429,2019-09-04 14:00:00
"2019-09-04 14:12:19",2,23.8259,2019-09-04 14:00:00
"2019-09-04 14:12:19",3,23.0532,2019-09-04 14:00:00
"2019-09-04 14:12:19",4,20.3865,2019-09-04 14:00:00
"2019-09-04 14:12:19",5,16.4991,2019-09-04 14:00:00
"2019-09-04 14:12:19",6,14.9128,2019-09-04 14:00:00
"2019-09-04 14:12:19",7,14.1692,2019-09-04 14:00:00
"2019-09-04 14:12:19",8,13.8829,2019-09-04 14:00:00
"2019-09-04 14:12:19",9,13.3868,2019-09-04 14:00:00
"2019-09-04 14:12:19",9.2,12.6542,2019-09-04 14:00:00
"2019-09-11 13:39:12",0.1,24.5514,2019-09-11 13:00:00
"2019-09-11 13:39:12",1,24.5102,2019-09-11 13:00:00
"2019-09-11 13:39:12",4,16.8891,2019-09-11 13:00:00
"2019-09-11 13:39:12",5,12.5012,2019-09-11 13:00:00
"2019-09-11 13:39:12",6,12.3585,2019-09-11 13:00:00
"2019-09-11 13:39:12",7,12.317,2019-09-11 13:00:00
"2019-09-11 13:39:12",8,12.2977,2019-09-11 13:00:00
"2019-09-11 13:39:12",9,12.2913,2019-09-11 13:00:00
"2019-09-11 13:39:12",9.2,12.2877,2019-09-11 13:00:00
"2019-09-20 15:34:42",4,16.1166,2019-09-20 15:00:00
"2019-09-20 15:34:42",5,12.6148,2019-09-20 15:00:00
"2019-09-20 15:34:42",6,12.575,2019-09-20 15:00:00
"2019-09-20 15:34:42",7,12.5748,2019-09-20 15:00:00
"2019-09-20 15:34:42",8,12.5625,2019-09-20 15:00:00
"2019-09-20 15:34:42",9,12.5653,2019-09-20 15:00:00
"2019-09-20 15:34:42",9.2,12.5666,2019-09-20 15:00:00
"2019-09-27 15:19:24",0.1,22.2232,2019-09-27 15:00:00
"2019-09-27 15:19:24",1,22.0398,2019-09-27 15:00:00
"2019-09-27 15:19:24",4,16.1581,2019-09-27 15:00:00
"2019-09-27 15:19:24",5,12.9197,2019-09-27 15:00:00
"2019-09-27 15:19:24",6,12.8061,2019-09-27 15:00:00
"2019-09-27 15:19:24",7,12.7966,2019-09-27 15:00:00
"2019-09-27 15:19:24",8,12.7888,2019-09-27 15:00:00
"2019-09-27 15:19:24",9,12.7803,2019-09-27 15:00:00
"2019-09-27 15:19:24",9.2,12.7767,2019-09-27 15:00:00
"2019-10-02 18:03:42",0.1,25.2603,2019-10-02 18:00:00
"2019-10-02 18:03:42",1,23.4512,2019-10-02 18:00:00
"2019-10-02 18:03:42",4,15.897,2019-10-02 18:00:00
"2019-10-02 18:03:42",5,12.9997,2019-10-02 18:00:00
"2019-10-02 18:03:42",6,12.9817,2019-10-02 18:00:00
"2019-10-02 18:03:42",7,12.9587,2019-10-02 18:00:00
"2019-10-02 18:03:42",8,12.9534,2019-10-02 18:00:00
"2019-10-02 18:03:42",9,12.9504,2019-10-02 18:00:00
"2019-10-02 18:03:42",9.2,12.9472,2019-10-02 18:00:00
"2019-10-04 13:40:24",0.1,24.0547,2019-10-04 13:00:00
"2019-10-04 13:40:24",1,23.573,2019-10-04 13:00:00
"2019-10-04 13:40:24",4,16.4167,2019-10-04 13:00:00
"2019-10-04 13:40:24",5,13.1282,2019-10-04 13:00:00
"2019-10-04 13:40:24",6,13.0748,2019-10-04 13:00:00
"2019-10-04 13:40:24",7,13.0031,2019-10-04 13:00:00
"2019-10-04 13:40:24",8,12.9951,2019-10-04 13:00:00
"2019-10-04 13:40:24",9,12.9888,2019-10-04 13:00:00
"2019-10-04 13:40:24",9.2,12.9851,2019-10-04 13:00:00
"2019-10-11 15:28:30",0.1,19.4388,2019-10-11 15:00:00
"2019-10-11 15:28:30",3,18.9455,2019-10-11 15:00:00
"2019-10-11 15:28:30",4,16.4899,2019-10-11 15:00:00
"2019-10-11 15:28:30",5,13.355,2019-10-11 15:00:00
"2019-10-11 15:28:30",6,13.2289,2019-10-11 15:00:00
"2019-10-11 15:28:30",7,13.199,2019-10-11 15:00:00
"2019-10-11 15:28:30",8,13.1954,2019-10-11 15:00:00
"2019-10-11 15:28:30",9,13.198,2019-10-11 15:00:00
"2019-10-11 15:28:30",9.2,13.1964,2019-10-11 15:00:00
"2019-10-22 19:27:00",0.1,15.0777,2019-10-22 19:00:00
"2019-10-22 19:27:00",1,14.9345,2019-10-22 19:00:00
"2019-10-22 19:27:00",2,14.6981,2019-10-22 19:00:00
"2019-10-22 19:27:00",3,14.6522,2019-10-22 19:00:00
"2019-10-22 19:27:00",4,14.562,2019-10-22 19:00:00
"2019-10-23 13:42:02",5,14.084,2019-10-23 13:00:00
"2019-10-22 19:27:00",6,13.7579,2019-10-22 19:00:00
"2019-10-22 19:27:00",7,13.6009,2019-10-22 19:00:00
"2019-10-23 13:42:02",8,13.626,2019-10-23 13:00:00
"2019-10-22 19:27:00",9,13.5912,2019-10-22 19:00:00
"2019-10-22 19:27:00",9.2,13.5879,2019-10-22 19:00:00
"2019-10-25 16:11:13",0.1,14.2677,2019-10-25 16:00:00
"2019-10-25 16:11:13",1,14.1173,2019-10-25 16:00:00
"2019-10-25 16:11:13",2,14.1011,2019-10-25 16:00:00
"2019-10-25 16:11:13",3,14.0716,2019-10-25 16:00:00
"2019-10-25 16:11:13",4,13.9171,2019-10-25 16:00:00
"2019-10-25 16:11:13",5,13.7314,2019-10-25 16:00:00
"2019-10-25 16:11:13",6,13.7175,2019-10-25 16:00:00
"2019-10-25 16:11:13",7,13.7013,2019-10-25 16:00:00
"2019-10-25 16:11:13",8,13.7017,2019-10-25 16:00:00
"2019-10-25 16:11:13",9,13.7024,2019-10-25 16:00:00
"2019-10-25 16:11:13",9.2,13.702,2019-10-25 16:00:00
"2019-10-28 16:54:05",0.1,15.5647,2019-10-28 16:00:00
"2019-10-28 16:54:05",1,15.4904,2019-10-28 16:00:00
"2019-10-28 16:54:05",2,14.2236,2019-10-28 16:00:00
"2019-10-28 16:54:05",3,13.9925,2019-10-28 16:00:00
"2019-10-28 16:54:05",4,13.7909,2019-10-28 16:00:00
"2019-10-28 16:54:05",5,13.7504,2019-10-28 16:00:00
"2019-10-28 16:54:05",6,13.7428,2019-10-28 16:00:00
"2019-10-28 16:54:05",7,13.7389,2019-10-28 16:00:00
"2019-10-28 16:54:05",8,13.7402,2019-10-28 16:00:00
"2019-10-28 16:54:05",9,13.7343,2019-10-28 16:00:00
"2019-10-28 16:54:05",9.2,13.734,2019-10-28 16:00:00
"2019-10-30 13:39:08",0.1,15.373,2019-10-30 13:00:00
"2019-10-30 13:39:08",1,15.2674,2019-10-30 13:00:00
"2019-10-30 13:39:08",2,14.4307,2019-10-30 13:00:00
"2019-10-30 13:39:08",3,13.9625,2019-10-30 13:00:00
"2019-10-30 13:39:08",4,13.8601,2019-10-30 13:00:00
"2019-10-30 13:39:08",5,13.7659,2019-10-30 13:00:00
"2019-10-30 13:39:08",6,13.751,2019-10-30 13:00:00
"2019-10-30 13:39:08",7,13.7573,2019-10-30 13:00:00
"2019-10-30 13:39:08",8,13.7511,2019-10-30 13:00:00
"2019-10-30 13:39:08",9,13.7502,2019-10-30 13:00:00
"2019-10-30 13:39:08",9.2,13.7493,2019-10-30 13:00:00
"2019-11-04 17:45:21",0.1,12.6855,2019-11-04 17:00:00
"2019-11-04 17:45:21",1,12.6428,2019-11-04 17:00:00
"2019-11-04 17:45:21",2,12.6191,2019-11-04 17:00:00
"2019-11-04 17:45:21",3,12.6098,2019-11-04 17:00:00
"2019-11-04 17:45:21",4,12.5922,2019-11-04 17:00:00
"2019-11-04 17:45:21",5,12.5777,2019-11-04 17:00:00
"2019-11-04 17:45:21",6,12.5709,2019-11-04 17:00:00
"2019-11-04 17:45:21",7,12.5693,2019-11-04 17:00:00
"2019-11-04 17:45:21",8,12.5668,2019-11-04 17:00:00
"2019-11-04 17:45:21",9,12.5676,2019-11-04 17:00:00
"2019-11-04 17:45:21",9.2,12.5714,2019-11-04 17:00:00
"2019-11-08 17:45:17",0.1,11.658,2019-11-08 17:00:00
"2019-11-08 17:45:17",1,11.6813,2019-11-08 17:00:00
"2019-11-08 17:45:17",2,11.6732,2019-11-08 17:00:00
"2019-11-08 17:45:17",3,11.6758,2019-11-08 17:00:00
"2019-11-08 17:45:17",4,11.6749,2019-11-08 17:00:00
"2019-11-08 17:45:17",5,11.6818,2019-11-08 17:00:00
"2019-11-08 17:45:17",6,11.6766,2019-11-08 17:00:00
"2019-11-08 17:45:17",7,11.6816,2019-11-08 17:00:00
"2019-11-08 17:45:17",8,11.6819,2019-11-08 17:00:00
"2019-11-08 17:45:17",9,11.6828,2019-11-08 17:00:00
"2019-11-08 17:45:17",9.2,11.6541,2019-11-08 17:00:00
"2019-11-20 18:39:14",0.1,8.2547,2019-11-20 18:00:00
"2019-11-20 18:39:14",1,7.8913,2019-11-20 18:00:00
"2019-11-20 18:39:14",2,7.8514,2019-11-20 18:00:00
"2019-11-20 18:39:14",3,7.4109,2019-11-20 18:00:00
"2019-11-20 18:39:14",4,7.409,2019-11-20 18:00:00
"2019-11-20 18:39:14",5,7.3876,2019-11-20 18:00:00
"2019-11-20 18:39:14",6,7.3837,2019-11-20 18:00:00
"2019-11-20 18:39:14",7,7.3785,2019-11-20 18:00:00
"2019-11-20 18:39:14",8,7.3786,2019-11-20 18:00:00
"2019-11-20 18:39:14",9,7.3809,2019-11-20 18:00:00
"2019-11-20 18:39:14",9.2,7.3808,2019-11-20 18:00:00
"2019-12-06 19:27:30",0.1,6.0482,2019-12-06 19:00:00
"2019-12-06 19:27:30",1,5.5854,2019-12-06 19:00:00
"2019-12-06 19:27:30",2,5.5389,2019-12-06 19:00:00
"2019-12-06 19:27:30",3,5.5173,2019-12-06 19:00:00
"2019-12-06 19:27:30",4,5.5089,2019-12-06 19:00:00
"2019-12-06 19:27:30",5,5.4958,2019-12-06 19:00:00
"2019-12-06 19:27:30",6,5.4982,2019-12-06 19:00:00
"2019-12-06 19:27:30",7,5.4947,2019-12-06 19:00:00
"2019-12-06 19:27:30",8,5.4941,2019-12-06 19:00:00
"2019-12-06 19:27:30",9,5.4912,2019-12-06 19:00:00
"2019-12-06 19:27:30",9.2,5.4919,2019-12-06 19:00:00
