DateTime,Depth,CAR_ch4
2015-03-31,0.1,0.067583484
2015-03-31,1.6,0.069565417
2015-03-31,3.8,0.072427429
2015-03-31,5,0.06799593
2015-03-31,6.2,0.060762289
2015-03-31,8,0.023887925
2015-03-31,9,0.033123988
2015-04-07,0.1,0.006145841
2015-04-07,1.6,0.103644874
2015-04-07,3.8,0.124898943
2015-04-07,5,0.044343269
2015-04-07,6.2,0.027104599
2015-04-07,8,0.022061956
2015-04-07,9,0.036024573
2015-04-13,0.1,0.179576596
2015-04-13,1.6,0.193236302
2015-04-13,3.8,0.096140334
2015-04-13,5,0.036708328
2015-04-13,6.2,0.041555333
2015-04-13,8,0.05719717
2015-04-13,9,0.064962983
2015-04-21,0.1,0.241003561
2015-04-21,1.6,0.25303748
2015-04-21,3.8,0.09998738
2015-04-21,5,0.089796948
2015-04-21,6.2,0.108006374
2015-04-21,8,0.141159046
2015-04-21,9,0.114283283
2015-04-28,0.1,0.161834734
2015-04-28,1.6,0.175045199
2015-04-28,3.8,0.175658069
2015-04-28,5,0.045356023
2015-04-28,6.2,0.029341202
2015-04-28,8,0.022144598
2015-04-28,9,0.049024499
2015-05-05,0.1,0.232146343
2015-05-05,1.6,0.2289359
2015-05-05,3.8,0.241485849
2015-05-05,5,0.14569953
2015-05-05,6.2,0.030393907
2015-05-05,8,0.052064588
2015-05-05,9,0.321002435
2015-05-11,0.1,0.368992974
2015-05-11,1.6,0.409509287
2015-05-11,3.8,0.270875873
2015-05-11,5,0.100766975
2015-05-11,6.2,0.041741881
2015-05-11,8,0.07276666
2015-05-11,9,0.050225905
2015-05-18,0.1,0.374265373
2015-05-18,1.6,0.54765455
2015-05-18,3.8,0.597649354
2015-05-18,5,0.183221707
2015-05-18,6.2,0.185187776
2015-05-18,8,0.04409416
2015-05-18,9,0.038517289
2015-05-25,0.1,0.375809207
2015-05-25,1.6,0.472759619
2015-05-25,3.8,0.77212696
2015-05-25,5,0.38083873
2015-05-25,6.2,0.264675126
2015-05-25,8,0.039996961
2015-05-25,9,0.065848754
2015-06-01,0.1,0.488723956
2015-06-01,1.6,0.497967305
2015-06-01,3.8,0.559105334
2015-06-01,5,0.334456146
2015-06-01,6.2,0.145157952
2015-06-01,8,0.081042973
2015-06-01,9,0.100922048
2015-06-08,0.1,0.407235737
2015-06-08,1.6,0.508566487
2015-06-08,3.8,0.098202929
2015-06-08,5,0.044222655
2015-06-08,6.2,0.085703134
2015-06-08,8,0.216067574
2015-06-08,9,0.252715707
2015-06-15,0.1,0.39398654
2015-06-15,1.6,0.428958563
2015-06-15,3.8,0.059757851
2015-06-15,5,0.130284362
2015-06-15,6.2,0.101409121
2015-06-15,8,0.124607685
2015-06-15,9,0.129313073
2015-06-22,0.1,0.386914412
2015-06-22,1.6,0.714818209
2015-06-22,3.8,0.173764486
2015-06-22,5,0.058813507
2015-06-22,6.2,0.199894454
2015-06-22,8,0.27070441
2015-06-22,9,0.268468562
2015-06-29,0.1,0.331783316
2015-06-29,1.6,0.358120709
2015-06-29,3.8,0.164355573
2015-06-29,5,0.07660815
2015-06-29,6.2,0.054288465
2015-06-29,8,0.088038758
2015-06-29,9,0.067192589
2015-07-06,1.6,0.537056086
2015-07-06,3.8,0.206941619
2015-07-06,5,0.174135836
2015-07-06,6.2,0.176446833
2015-07-06,8,0.008421807
2015-07-06,9,0.005860171
2015-07-13,0.1,0.38167183
2015-07-13,3.8,0.262831925
2015-07-13,5,1.876023759
2015-07-13,6.2,0.983192572
2015-07-13,8,0.15618934
2015-07-13,9,0.183123149
2015-07-20,0.1,0.476534165
2015-07-20,1.6,0.632871733
2015-07-20,3.8,0.354222296
2015-07-20,5,9.307558838
2015-07-20,6.2,1.811499037
2015-07-20,8,0.060516525
2015-07-20,9,0.033263452
2015-07-23,0.1,0.469005176
2015-07-23,6,0.106105629
2015-07-23,11,157.0117001
2015-07-27,0.1,0.689510882
2015-07-27,1.6,0.755103566
2015-07-27,3.8,0.39264966
2015-07-27,5,11.16447492
2015-07-27,6.2,4.267926646
2015-07-27,8,0.459877853
2015-07-27,9,0.057730217
2015-08-03,0.1,0.38134908
2015-08-03,1.6,0.400585576
2015-08-03,3.8,0.150949978
2015-08-03,5,5.583954338
2015-08-03,6.2,2.546583815
2015-08-03,8,0.004004221
2015-08-03,9,0.004064769
2015-08-10,0.1,0.557707986
2015-08-10,1.6,0.558185268
2015-08-10,3.8,0.165002111
2015-08-10,5,17.49473743
2015-08-10,6.2,2.855050116
2015-08-10,8,0.868035423
2015-08-10,9,0.15391209
2015-08-17,0.1,0.322918213
2015-08-17,1.6,0.336722856
2015-08-17,3.8,0.456953671
2015-08-17,5,13.03774732
2015-08-17,6.2,7.849570779
2015-08-17,8,2.50542329
2015-08-17,9,0.037654293
2015-08-24,0.1,0.3079844
2015-08-24,1.6,0.341171341
2015-08-24,3.8,2.905031743
2015-08-24,5,34.94679992
2015-08-24,6.2,10.15854981
2015-08-24,8,3.576853247
2015-08-24,9,0.031859497
2015-08-31,1.6,0.202478972
2015-08-31,3.8,0.148203768
2015-08-31,5,70.64615789
2015-08-31,6.2,16.45234321
2015-08-31,8,0.022293461
2015-08-31,9,0.012866619
2015-09-07,0.1,0.226125978
2015-09-07,1.6,0.251572313
2015-09-07,3.8,0.54446995
2015-09-07,5,42.17437735
2015-09-07,6.2,18.05269607
2015-09-07,8,9.00063082
2015-09-07,9,0.041967072
2015-09-14,0.1,3.943022983
2015-09-14,1.6,3.119340853
2015-09-14,3.8,2.697560286
2015-09-14,5,67.83371385
2015-09-14,6.2,4.014804339
2015-09-14,8,0.050196473
2015-09-14,9,0.016351631
2015-09-21,0.1,0.397673988
2015-09-21,1.6,0.487483905
2015-09-21,3.8,0.405074889
2015-09-21,5,44.14165342
2015-09-21,6.2,8.003068815
2015-09-21,8,6.270266328
2015-09-21,9,0.045175721
2015-09-28,0.1,0.169340041
2015-09-28,1.6,0.115418648
2015-09-28,3.8,0.154383784
2015-09-28,5,6.057586434
2015-09-28,6.2,5.976580455
2015-09-28,8,0.02131106
2015-09-28,9,0.171224384
2015-10-05,0.1,0.161872272
2015-10-05,1.6,0.041616871
2015-10-05,3.8,0.135916858
2015-10-05,5,0.0443966
2015-10-05,6.2,0.021979613
2015-10-05,8,0.031108528
2015-10-05,9,0.020533622
2015-10-19,0.1,0.138462019
2015-10-19,1.6,0.143384141
2015-10-19,3.8,0.147815806
2015-10-19,5,0.134123417
2015-10-19,6.2,0.15038428
2015-10-19,8,0.154922926
2015-10-19,9,0.181843783
2015-11-09,0.1,0.189468094
2015-11-09,1.6,0.178646994
2015-11-09,3.8,0.152448378
2015-11-09,5,0.090108982
2015-11-09,6.2,0.122707799
2015-11-09,8,0.077439932
2015-11-09,9,0.079212197
2015-12-07,0.1,0.097661272
2015-12-07,1.6,0.099759357
2015-12-07,3.8,0.098108862
2015-12-07,5,0.096874552
2015-12-07,6.2,0.098324515
2015-12-07,8,0.101502063
2015-12-07,9,0.098417404
2016-01-11,0.1,0.106055099
2016-01-11,1.6,0.099794782
2016-01-11,3.8,0.108137491
2016-01-11,5,0.106203694
2016-01-11,6.2,0.106245394
2016-01-11,8,0.106449029
2016-01-11,9,0.106150606
2016-02-05,0.1,0.27769358
2016-02-05,1.6,0.252695276
2016-02-05,3.8,0.264471469
2016-02-05,5,0.241342556
2016-02-05,6.2,0.352496603
2016-02-05,8,0.308416243
2016-02-05,9,0.315537706
2016-03-30,0.1,0.137931704
2016-03-30,1.6,0.144857634
2016-03-30,3.8,0.191246271
2016-03-30,5,0.15646582
2016-03-30,6.2,0.123831983
2016-03-30,8,0.105313179
2016-03-30,9,0.077849065
2016-04-11,0.1,0.081597843
2016-04-11,1.6,0.083676345
2016-04-11,3.8,0.097328307
2016-04-11,5,0.105828079
2016-04-11,6.2,0.102149072
2016-04-11,8,0.057602998
2016-04-11,9,0.081850887
2016-04-18,0.1,0.163979629
2016-04-18,1.6,0.173729425
2016-04-18,3.8,0.191472152
2016-04-18,5,0.165881033
2016-04-18,6.2,0.126667783
2016-04-18,8,0.077399047
2016-04-18,9,0.056338689
2016-04-25,0.1,0.070559955
2016-04-25,1.6,0.060334239
2016-04-25,3.8,0.091976537
2016-04-25,5,0.084559826
2016-04-25,6.2,0.056961604
2016-04-25,8,0.040534416
2016-04-25,9,0.028847358
2016-05-02,0.1,0.151964905
2016-05-02,1.6,0.176533802
2016-05-02,3.8,0.159463155
2016-05-02,5,0.114812017
2016-05-02,6.2,0.055137847
2016-05-02,8,0.036537857
2016-05-02,9,0.033236464
2016-05-09,0.1,0.220768204
2016-05-09,1.6,0.241934787
2016-05-09,3.8,0.124559138
2016-05-09,5,0.106303542
2016-05-09,6.2,0.059322864
2016-05-09,8,0.058181964
2016-05-09,9,0.059949781
2016-05-16,0.1,0.247906903
2016-05-16,1.6,0.252644517
2016-05-16,3.8,0.234233697
2016-05-16,5,0.08481308
2016-05-16,6.2,0.05371767
2016-05-16,8,0.059401485
2016-05-16,9,0.056412164
2016-05-23,0.1,0.272969471
2016-05-23,1.6,0.285831807
2016-05-23,3.8,0.249897299
2016-05-23,5,0.100511426
2016-05-23,6.2,0.111488686
2016-05-23,8,0.049383379
2016-05-23,9,0.052691127
2016-05-30,0.1,0.462385775
2016-05-30,1.6,0.434805953
2016-05-30,3.8,0.198225838
2016-05-30,5,0.17422944
2016-05-30,6.2,0.115187296
2016-05-30,8,0.082197091
2016-05-30,9,0.062213741
2016-05-31,0.1,0.391053107
2016-05-31,1.6,0.410835133
2016-05-31,3.8,0.244758093
2016-05-31,5,0.212760181
2016-05-31,6.2,0.198403197
2016-05-31,8,0.09853666
2016-05-31,9,0.0849783
2016-06-02,0.1,0.877115689
2016-06-02,1.6,0.564150955
2016-06-02,3.8,0.297017173
2016-06-02,5,0.225795785
2016-06-02,6.2,0.108417119
2016-06-02,8,0.202038437
2016-06-02,9,0.091968785
2016-06-06,0.1,0.466799115
2016-06-06,1.6,0.545089435
2016-06-06,3.8,0.211649935
2016-06-06,5,0.168358989
2016-06-06,6.2,0.056759696
2016-06-06,8,0.081749387
2016-06-06,9,0.071513292
2016-06-13,0.1,0.335393348
2016-06-13,1.6,0.329007827
2016-06-13,3.8,0.21359085
2016-06-13,5,0.202470758
2016-06-13,6.2,0.049223504
2016-06-13,8,0.044829886
2016-06-13,9,0.047640373
2016-06-20,0.1,0.620891335
2016-06-20,1.6,0.644924717
2016-06-20,3.8,0.29363209
2016-06-20,5,0.062891644
2016-06-20,6.2,0.056393817
2016-06-20,8,0.111755546
2016-06-20,9,0.099708689
2016-06-27,0.1,0.840263438
2016-06-27,1.6,0.85411367
2016-06-27,3.8,0.09295252
2016-06-27,5,0.08869252
2016-06-27,6.2,0.099642053
2016-06-27,8,0.117207454
2016-06-27,9,0.117605094
2016-06-28,0.1,0.768581037
2016-06-28,1.6,0.7580691
2016-06-28,3.8,0.346822094
2016-06-28,5,0.250380167
2016-06-28,6.2,0.280053592
2016-06-28,8,0.189776886
2016-06-28,9,0.171701227
2016-06-30,0.1,0.649243586
2016-06-30,1.6,0.440692231
2016-06-30,3.8,0.261206754
2016-06-30,5,0.096612915
2016-06-30,6.2,0.040560426
2016-06-30,8,0.085295684
2016-06-30,9,0.085131032
2016-07-05,0.1,0.509054101
2016-07-05,1.6,0.458011707
2016-07-05,3.8,0.35635357
2016-07-05,5,0.197934051
2016-07-05,6.2,0.076963864
2016-07-05,8,0.068620268
2016-07-05,9,0.07963609
2016-07-11,0.1,0.683007867
2016-07-11,1.6,0.719957995
2016-07-11,3.8,0.279549275
2016-07-11,5,0.187083462
2016-07-11,6.2,0.019797118
2016-07-11,8,0.070362684
2016-07-11,9,0.06723704
2016-07-18,0.1,0.936260015
2016-07-18,1.6,0.987287831
2016-07-18,3.8,0.428555277
2016-07-18,5,0.109966596
2016-07-18,6.2,2.387169446
2016-07-18,8,0.732523981
2016-07-18,9,0.116978236
2016-07-24,0.1,1.234417448
2016-07-24,1.6,1.229445395
2016-07-24,3.8,0.47096435
2016-07-24,5,0.417457483
2016-07-24,6.2,4.184931295
2016-07-24,8,0.250866916
2016-07-24,9,0.684919396
2016-07-27,0.1,0.713387126
2016-07-27,1.6,0.630455248
2016-07-27,3.8,0.385293361
2016-07-27,5,0.193028228
2016-07-27,6.2,3.691163547
2016-07-27,8,0.030130605
2016-07-27,9,0.03339367
2016-08-01,0.1,0.70887595
2016-08-01,1.6,0.726126495
2016-08-01,3.8,0.339830428
2016-08-01,5,0.223293045
2016-08-01,6.2,0.334746629
2016-08-01,8,0.293702046
2016-08-01,9,0.095850792
2016-08-08,0.1,0.916768025
2016-08-08,1.6,0.571749724
2016-08-08,3.8,0.673272839
2016-08-08,5,0.459137667
2016-08-08,6.2,7.978445057
2016-08-08,8,2.794653988
2016-08-08,9,1.35408535
2016-08-15,0.1,0.612732819
2016-08-15,1.6,0.727596776
2016-08-15,3.8,0.451895025
2016-08-15,5,2.969979839
2016-08-15,6.2,46.27466441
2016-08-15,8,13.1036316
2016-08-15,9,0.619759358
2016-08-26,0.1,0.897401538
2016-08-26,1.6,0.924047483
2016-08-26,3.8,1.051367502
2016-08-26,5,11.58636537
2016-08-26,6.2,41.35568947
2016-08-26,8,0.145777175
2016-08-26,9,0.270673974
2016-09-02,0.1,0.842263022
2016-09-02,1.6,0.6459621
2016-09-02,3.8,0.250028054
2016-09-02,5,23.81243809
2016-09-02,6.2,109.4158459
2016-09-02,8,17.82543969
2016-09-02,9,18.09639476
2016-09-09,0.1,0.700440597
2016-09-09,1.6,0.753260526
2016-09-09,3.8,0.336493385
2016-09-09,5,20.86497994
2016-09-09,6.2,174.1359326
2016-09-09,8,0.233261333
2016-09-09,9,0.071227606
2016-09-20,0.1,0.61782938
2016-09-20,1.6,0.616285512
2016-09-20,3.8,0.821739703
2016-09-20,5,19.53387041
2016-09-20,6.2,74.59397057
2016-09-20,8,7.529770302
2016-09-20,9,6.502410781
2016-09-30,0.1,0.410306532
2016-09-30,1.6,0.485800945
2016-09-30,3.8,4.354215001
2016-09-30,5,4.919748882
2016-09-30,6.2,63.96330988
2016-09-30,8,0.331663274
2016-09-30,9,0.018754149
2016-10-14,0.1,0.218879199
2016-10-14,1.6,0.217346506
2016-10-14,3.8,0.375855819
2016-10-14,5,0.285814338
2016-10-14,6.2,0.232783329
2016-10-14,8,0.217030504
2016-10-14,9,0.239691597
2016-11-05,0.1,0.466589268
2016-11-05,1.6,0.477966613
2016-11-05,3.8,0.319178563
2016-11-05,5,0.271430107
2016-11-05,6.2,0.14981767
2016-11-05,8,0.162255822
2016-11-05,9,0.110300333
2016-12-02,0.1,0.233445823
2016-12-02,1.6,0.266622468
2016-12-02,3.8,0.251818036
2016-12-02,5,0.204248564
2016-12-02,6.2,0.209719732
2016-12-02,8,0.155060796
2016-12-02,9,0.165653622
2017-02-07,0.1,0.079866882
2017-02-07,1.6,0.087400242
2017-02-07,3.8,0.089792478
2017-02-07,5,0.086146095
2017-02-07,6.2,0.087489631
2017-02-07,8,0.087862574
2017-02-07,9,0.08490661
2017-02-27,0.1,0.093850667
2017-02-27,1.6,0.097060897
2017-02-27,3.8,0.091047343
2017-02-27,5,0.087344631
2017-02-27,6.2,0.080073445
2017-02-27,8,0.078446442
2017-02-27,9,0.084961437
2017-03-13,0.1,0.079534296
2017-03-13,1.6,0.079114104
2017-03-13,3.8,0.082424493
2017-03-13,5,0.083444825
2017-03-13,6.2,0.089534158
2017-03-13,8,0.103916711
2017-03-13,9,0.111218842
2017-03-27,0.1,0.085018689
2017-03-27,1.6,0.096545064
2017-03-27,3.8,0.091171043
2017-03-27,5,0.088188668
2017-03-27,6.2,0.083183507
2017-03-27,9,0.086586661
2017-04-10,0.1,0.10857854
2017-04-10,1.6,0.106533713
2017-04-10,3.8,0.132248633
2017-04-10,5,0.128746158
2017-04-10,6.2,0.126724772
2017-04-10,8,0.121487892
2017-04-10,9,0.1164253
2017-04-17,0.1,0.16873124
2017-04-17,1.6,0.171035137
2017-04-17,3.8,0.138481051
2017-04-17,5,0.138455943
2017-04-17,6.2,0.127653186
2017-04-17,8,0.085533446
2017-04-17,9,0.06628262
2017-04-24,0.1,0.248115212
2017-04-24,1.6,0.254448793
2017-04-24,3.8,0.274326672
2017-04-24,5,0.193153716
2017-04-24,6.2,0.115216583
2017-04-24,8,0.112735973
2017-04-24,9,0.101412937
2017-05-05,0.1,0.209729393
2017-05-05,1.6,0.306239346
2017-05-05,3.8,0.27373086
2017-05-05,5,0.142833061
2017-05-05,6.2,0.147356967
2017-05-05,8,0.100487447
2017-05-05,9,0.103345529
2017-05-08,0.1,0.238865608
2017-05-08,1.6,0.237602932
2017-05-08,3.8,0.230825822
2017-05-08,5,0.190324076
2017-05-08,6.2,0.130308156
2017-05-08,8,0.083341333
2017-05-08,9,0.092522955
2017-05-15,0.1,0.166191413
2017-05-15,1.6,0.214930672
2017-05-15,3.8,0.188197806
2017-05-15,5,0.125316416
2017-05-15,6.2,0.131011932
2017-05-15,8,0.069456844
2017-05-15,9,0.07101398
2017-05-22,0.1,0.310048821
2017-05-22,1.6,0.366845684
2017-05-22,3.8,0.140417078
2017-05-22,5,0.083215262
2017-05-22,6.2,0.064374846
2017-05-22,8,0.12809738
2017-05-22,9,0.078402741
2017-05-29,0.1,0.21481927
2017-05-29,1.6,0.246459962
2017-05-29,3.8,0.06361909
2017-05-29,5,0.075534188
2017-05-29,6.2,0.081314377
2017-05-29,8,0.067344634
2017-05-29,9,0.083684402
2017-05-30,0.1,0.290172945
2017-05-30,1.6,0.243228814
2017-05-30,3.8,0.178864647
2017-05-30,5,0.103548266
2017-05-30,6.2,0.130234601
2017-05-30,8,0.080091148
2017-05-30,9,0.086625178
2017-06-01,0.1,0.213743026
2017-06-01,1.6,0.189546953
2017-06-01,3.8,0.148974422
2017-06-01,5,0.117218745
2017-06-01,6.2,0.163935867
2017-06-01,8,0.1271788
2017-06-01,9,0.148263192
2017-06-05,0.1,0.193386004
2017-06-05,1.6,0.262352809
2017-06-05,3.8,0.114766119
2017-06-05,5,0.048940858
2017-06-05,6.2,0.061761592
2017-06-05,8,0.069266772
2017-06-05,9,0.065976336
2017-06-12,0.1,0.168583948
2017-06-12,1.6,0.227091613
2017-06-12,3.8,0.10956496
2017-06-12,5,0.053376148
2017-06-12,6.2,0.088265112
2017-06-12,8,0.071966185
2017-06-20,0.1,0.326536971
2017-06-20,1.6,0.336256024
2017-06-20,3.8,0.119597283
2017-06-20,5,0.121234923
2017-06-20,6.2,0.126191224
2017-06-20,8,0.107369399
2017-06-20,9,0.109257163
2017-06-26,0.1,0.288247111
2017-06-26,1.6,0.26814661
2017-06-26,3.8,0.127690536
2017-06-26,5,0.112902482
2017-06-26,6.2,0.221926639
2017-06-26,8,0.214116873
2017-06-26,9,0.224763351
2017-07-06,0.1,0.285217408
2017-07-06,1.6,0.28240985
2017-07-06,3.8,0.136490079
2017-07-06,5,0.086127112
2017-07-06,6.2,0.191044625
2017-07-06,8,0.142226656
2017-07-06,9,0.191133776
2017-07-10,0.1,0.310589238
2017-07-10,1.6,0.299480916
2017-07-10,3.8,0.124744912
2017-07-10,5,0.086425592
2017-07-10,6.2,0.103433791
2017-07-10,8,0.079680299
2017-07-10,9,0.078837186
2017-07-13,1.6,0.171074393
2017-07-13,3.8,0.162294182
2017-07-13,5,0.045213763
2017-07-13,6.2,0.148676724
2017-07-13,8,0.000960914
2017-07-13,9,0.003374296
2017-07-17,0.1,0.215896677
2017-07-17,1.6,0.169514719
2017-07-17,3.8,0.057976163
2017-07-17,5,0.062804922
2017-07-17,6.2,0.023475296
2017-07-17,8,0.018285478
2017-07-17,9,0.016067345
2017-07-24,0.1,0.323611683
2017-07-24,1.6,0.286088305
2017-07-24,3.8,0.119149376
2017-07-24,5,0.025497778
2017-07-24,6.2,0.106024036
2017-07-24,8,0.140644916
2017-07-24,9,0.068228251
2017-07-31,0.1,0.294574395
2017-07-31,1.6,0.31385641
2017-07-31,3.8,0.12799108
2017-07-31,5,2.277109793
2017-07-31,6.2,0.982269729
2017-07-31,8,0.443095542
2017-07-31,9,0.101755459
2017-08-07,0.1,0.257945033
2017-08-07,1.6,0.296586211
2017-08-07,3.8,0.166963782
2017-08-07,5,3.771080326
2017-08-07,6.2,0.791412941
2017-08-07,8,0.080011911
2017-08-07,9,0.053270703
2017-08-14,0.1,0.397465193
2017-08-14,1.6,0.41898176
2017-08-14,3.8,0.2441682
2017-08-14,5,8.568221307
2017-08-14,6.2,0.695326508
2017-08-14,8,0.080578551
2017-08-14,9,0.066549266
2017-08-22,0.1,0.154686049
2017-08-22,1.6,0.265278582
2017-08-22,3.8,0.133941099
2017-08-22,5,1.848149868
2017-08-22,6.2,0.257797127
2017-08-22,8,0.137647466
2017-08-22,9,0.247705233
2017-08-28,0.1,0.148045042
2017-08-28,1.6,0.15326766
2017-08-28,3.8,0.121294292
2017-08-28,5,0.087869557
2017-08-28,6.2,0.0429859
2017-08-28,8,0.024332793
2017-08-28,9,0.03305818
2017-09-04,0.1,0.099507073
2017-09-04,1.6,0.107541818
2017-09-04,3.8,0.101881002
2017-09-04,5,0.44172201
2017-09-04,6.2,0.156198409
2017-09-04,8,0.029318792
2017-09-04,9,0.192724551
2017-09-11,0.1,0.044500067
2017-09-11,1.6,0.040467417
2017-09-11,3.8,0.042474086
2017-09-11,5,3.082221636
2017-09-11,6.2,0.191271273
2017-09-11,8,0.018876926
2017-09-18,0.1,0.107967505
2017-09-18,1.6,0.091781796
2017-09-18,3.8,0.032362742
2017-09-18,5,0.172878799
2017-09-18,6.2,0.551075555
2017-09-18,8,0.025992369
2017-09-18,9,0.043320175
2017-09-25,0.1,0.141533268
2017-09-25,1.6,0.149371363
2017-09-25,3.8,0.025356548
2017-09-25,5,0.007374031
2017-09-25,6.2,0.009891032
2017-09-25,8,0.009047023
2017-09-25,9,0.010538973
2017-10-02,0.1,0.102476141
2017-10-02,3.8,0.100060777
2017-10-02,5,0.564445346
2017-10-02,6.2,0.074823794
2017-10-02,8,0.040469676
2017-10-02,9,0.024562919
2017-10-09,0.1,0.109763257
2017-10-09,1.6,0.115886871
2017-10-09,3.8,0.06041644
2017-10-09,5,0.514116244
2017-10-09,6.2,0.024763516
2017-10-09,8,0.114437682
2017-10-09,9,0.035391743
2017-10-16,0.1,0.136650339
2017-10-16,1.6,0.154711654
2017-10-16,3.8,0.12733805
2017-10-16,5,0.223889447
2017-10-16,6.2,0.083179012
2017-10-16,8,0.049172213
2017-10-16,9,0.02713144
2017-10-23,0.1,0.061137682
2017-10-23,1.6,0.065489626
2017-10-23,3.8,0.050171841
2017-10-23,5,0.036332878
2017-10-23,6.2,0.028868203
2017-10-23,8,0.037207617
2017-10-23,9,0.085893615
2017-11-06,0.1,0.003569446
2017-11-06,1.6,0.006410291
2017-11-06,3.8,0.010575133
2017-11-06,5,0.012845997
2017-11-06,6.2,0.015116249
2017-11-06,8,0.018520477
2017-11-06,9,0.020411119
2017-12-12,0.1,0.093832496
2017-12-12,1.6,0.093240583
2017-12-12,3.8,0.087779323
2017-12-12,5,0.093325246
2017-12-12,6.2,0.094731484
2017-12-12,8,0.096619341
2017-12-12,9,0.093168943
2018-01-15,0.1,0.408236803
2018-01-15,1.6,0.381788222
2018-01-15,3.8,0.428271196
2018-01-15,5,0.453436512
2018-01-15,6.2,0.445637435
2018-01-15,8,0.451625987
2018-01-15,9,0.449294085
2018-03-19,0.1,0.060581966
2018-03-19,1.6,0.039800991
2018-03-19,3.8,0.039036684
2018-03-19,5,0.022397786
2018-03-19,6.2,0.059520194
2018-03-19,8,0.043141331
2018-03-19,9,0.044469439
2018-04-04,0.1,0.18162605
2018-04-04,1.6,0.208055292
2018-04-04,3.8,0.111354746
2018-04-04,5,0.100760116
2018-04-04,6.2,0.086507209
2018-04-04,8,0.089366518
2018-04-04,9,0.171765304
2018-04-23,0.1,0.194383417
2018-04-23,1.6,0.219419643
2018-04-23,3.8,0.197212906
2018-04-23,5,0.080218238
2018-04-23,6.2,0.047486026
2018-04-23,8,0.05555542
2018-04-23,9,0.079372232
2018-04-30,0.1,0.231164156
2018-04-30,1.6,0.249604983
2018-04-30,3.8,0.273459672
2018-04-30,5,0.219208637
2018-04-30,6.2,0.061734253
2018-04-30,8,0.059636062
2018-04-30,9,0.062208598
2018-05-07,0.1,0.386858128
2018-05-07,1.6,0.371977005
2018-05-07,3.8,0.292767099
2018-05-07,5,0.222662983
2018-05-07,6.2,0.198334916
2018-05-07,8,0.098336855
2018-05-07,9,0.105221685
2018-05-14,0.1,0.487841003
2018-05-14,1.6,0.684535373
2018-05-14,3.8,0.484241012
2018-05-14,5,0.375196228
2018-05-14,6.2,0.221832577
2018-05-14,8,0.271910389
2018-05-14,9,0.207641764
2018-05-21,0.1,0.789981855
2018-05-21,1.6,0.703399038
2018-05-21,3.8,0.746702988
2018-05-21,5,0.689795324
2018-05-21,6.2,0.483050508
2018-05-21,8,0.458550214
2018-05-21,9,0.481166411
2018-05-28,0.1,0.445384211
2018-05-28,1.6,0.485244637
2018-05-28,3.8,0.272504599
2018-05-28,5,0.06041778
2018-05-28,6.2,0.107611671
2018-05-28,8,0.08988366
2018-05-28,9,0.176892959
2018-06-04,0.1,0.453637616
2018-06-04,1.6,0.548293622
2018-06-04,3.8,0.100381443
2018-06-04,5,0.254393893
2018-06-04,6.2,0.067624188
2018-06-04,8,0.068755765
2018-06-04,9,0.065326929
2018-06-11,0.1,0.313643954
2018-06-11,1.6,0.503638658
2018-06-11,3.8,0.223414343
2018-06-11,5,0.199016472
2018-06-11,6.2,0.067815839
2018-06-11,8,0.06436006
2018-06-11,9,0.060772354
2018-06-18,0.1,0.383683446
2018-06-18,1.6,0.425832451
2018-06-18,3.8,0.205113375
2018-06-18,5,0.254319801
2018-06-18,6.2,0.08568328
2018-06-18,8,0.079832402
2018-06-18,9,0.076819214
2018-06-25,0.1,0.087365245
2018-06-25,1.6,0.552735207
2018-06-25,3.8,0.296734384
2018-06-25,5,0.046670156
2018-06-25,6.2,0.049074848
2018-06-25,8,0.433915235
2018-07-02,0.1,0.30622008
2018-07-02,3.8,0.093922015
2018-07-02,5,0.191627041
2018-07-02,6.2,0.176990373
2018-07-02,8,0.206358328
2018-07-02,9,0.19650554
2018-07-09,0.1,0.311941746
2018-07-09,1.6,0.248393012
2018-07-09,3.8,0.107597837
2018-07-09,5,0.17502641
2018-07-09,6.2,0.088502664
2018-07-09,8,0.086276629
2018-07-09,9,0.07256043
2018-07-16,0.1,0.479296979
2018-07-16,1.6,0.639861763
2018-07-16,3.8,0.225853861
2018-07-16,5,0.18504648
2018-07-16,6.2,0.085953485
2018-07-16,8,0.102853696
2018-07-16,9,0.079261808
2018-07-23,0.1,0.320956963
2018-07-23,1.6,0.272195426
2018-07-23,3.8,0.078216324
2018-07-23,5,0.090588064
2018-07-23,6.2,0.00178035
2018-07-23,8,0.016486495
2018-07-30,0.1,0.277072459
2018-07-30,1.6,0.257563153
2018-07-30,3.8,0.131293252
2018-07-30,5,0.053921874
2018-07-30,6.2,0.021004766
2018-07-30,8,0.01443799
2018-07-30,9,0.090588064
2018-08-06,0.1,0.290588209
2018-08-06,1.6,0.291049643
2018-08-06,3.8,0.097356443
2018-08-06,5,1.643985253
2018-08-06,6.2,0.64008507
2018-08-06,8,1.841540551
2018-08-13,0.1,0.347767478
2018-08-13,1.6,0.353859653
2018-08-13,3.8,13.39539388
2018-08-13,5,1.352519106
2018-08-13,6.2,0.002413939
2018-08-13,8,0.068094416
2018-08-13,9,0.00728894
2018-08-20,0.1,0.333144294
2018-08-20,3.8,0.297794439
2018-08-20,5,0.257563153
2018-08-20,6.2,1.300444505
2018-08-20,8,6.090727517
2018-08-20,9,20.84035825
2018-08-27,3.8,7.612448155
2018-08-27,5,4.956888203
2018-08-27,6.2,3.751522506
2018-08-27,8,28.99858217
2018-08-27,9,84.71846089
2018-09-03,0.1,0.643224477
2018-09-03,1.6,0.651742267
2018-09-03,3.8,1.429405057
2018-09-03,5,11.15468705
2018-09-03,6.2,18.22140044
2018-09-03,8,25.44623515
2018-09-03,9,35.63201893
2018-09-10,0.1,0.257167707
2018-09-10,1.6,0.348653141
2018-09-10,3.8,2.785210024
2018-09-10,5,13.11626657
2018-09-10,6.2,24.24016712
2018-09-10,8,29.14313239
2018-09-17,0.1,0.340191086
2018-09-17,1.6,0.488927433
2018-09-17,3.8,4.0283957
2018-09-17,5,27.3129106
2018-09-17,6.2,42.09217831
2018-09-17,8,68.27813841
2018-09-17,9,64.71455855
2018-09-24,0.1,0.048832949
2018-09-24,1.6,0.068465308
2018-09-24,3.8,0.12795268
2018-09-24,5,3.410638259
2018-09-24,8,17.93433816
2018-09-24,9,12.66447465
2018-10-01,0.1,0.269908121
2018-10-01,1.6,0.238716355
2018-10-01,3.8,0.038629902
2018-10-01,5,26.56174119
2018-10-01,6.2,64.36986851
2018-10-01,8,78.24535744
2018-10-01,9,94.59549549
2018-10-08,0.1,0.067806398
2018-10-08,1.6,0.074458922
2018-10-08,3.8,0.49196969
2018-10-08,5,21.13913912
2018-10-08,6.2,54.77256285
2018-10-08,8,93.55747769
2018-10-08,9,114.5895286
2018-10-15,0.1,0.01958258
2018-10-15,1.6,0.032559819
2018-10-15,3.8,0.006750124
2018-10-15,5,0.181290382
2018-10-15,6.2,25.38194121
2018-10-15,8,84.85743578
2018-10-15,9,152.6216898
2018-10-21,0.1,1.173245607
2018-10-21,5,0.863657065
2018-10-21,9,170.7015909
2018-10-22,0.1,0.896962641
2018-10-22,1.6,0.92283196
2018-10-22,3.8,1.103981223
2018-10-22,5,0.94608674
2018-10-22,6.2,4.378623268
2018-10-22,8,36.28283213
2018-10-22,9,198.6566301
2018-10-29,0.1,0.015503601
2018-10-29,1.6,0.017684988
2018-10-29,3.8,0.012568721
2018-10-29,5,0.015274394
2018-10-29,6.2,0.021603003
2018-10-29,8,0.013330254
2018-10-29,9,0.011683215
2019-01-21,0.1,0.175385622
2019-01-21,1.6,0.181235258
2019-01-21,3.8,0.174494871
2019-01-21,5,0.144207518
2019-01-21,6.2,0.155293507
2019-01-21,8,0.146300384
2019-01-21,9,0.170396019
2019-02-14,0.1,0.234282198
2019-02-14,1.6,0.226856024
2019-02-14,3.8,0.227940544
2019-02-14,5,0.227046984
2019-02-14,6.2,0.22454152
2019-02-14,9,0.239139156
2019-04-02,0.1,0.257684475
2019-04-02,1.6,0.248901121
2019-04-02,3.8,0.297725012
2019-04-02,5,0.248802744
2019-04-02,6.2,0.269657443
2019-04-02,8,0.236330244
2019-04-02,9,0.256360818
2019-04-16,0.1,0.524246063
2019-04-16,1.6,0.629250964
2019-04-16,3.8,0.245302278
2019-04-16,5,0.187611497
2019-04-16,6.2,0.134668909
2019-04-16,8,0.168983317
2019-04-16,9,0.140719009
2019-04-22,0.1,0.329387807
2019-04-22,1.6,0.290026487
2019-04-22,3.8,0.214112207
2019-04-22,5,0.282795916
2019-04-22,6.2,0.068986042
2019-04-22,8,0.053323719
2019-04-22,9,0.103519641
2019-05-06,0.1,0.723201641
2019-05-06,1.6,0.766030595
2019-05-06,3.8,0.089705181
2019-05-06,5,0.069370663
2019-05-06,6.2,0.015252035
2019-05-06,8,0.019430694
2019-05-06,9,0.040415158
2019-05-13,0.1,0.694031443
2019-05-13,1.6,0.941030494
2019-05-13,3.8,0.248253865
2019-05-13,5,0.045875548
2019-05-13,6.2,0.120566334
2019-05-13,8,0.164432505
2019-05-16,0.1,0.449322554
2019-05-16,1.6,0.510446935
2019-05-16,5,0.093124356
2019-05-16,9,0.262220539
2019-05-20,0.1,0.435660178
2019-05-20,1.6,0.440840412
2019-05-20,3.8,0.177858019
2019-05-20,5,0.161700142
2019-05-20,6.2,0.018282757
2019-05-20,8,0.074784172
2019-05-20,9,0.137878119
2019-05-23,0.1,0.557389132
2019-05-23,1.6,0.644602999
2019-05-23,5,0.030674205
2019-05-23,9,0.089653765
2019-05-27,0.1,0.423215991
2019-05-27,1.6,0.530476132
2019-05-27,3.8,0.271323016
2019-05-27,5,0.061453028
2019-05-27,6.2,0.016307117
2019-05-27,8,0.13661455
2019-05-27,9,0.301879311
2019-05-30,0.1,0.427927447
2019-05-30,1.6,0.508893617
2019-05-30,5,0.154219193
2019-05-30,9,1.285519701
2019-06-03,0.1,0.255485791
2019-06-03,1.6,0.256897611
2019-06-03,3.8,0.089431225
2019-06-03,5,0.054362985
2019-06-03,6.2,0.115601761
2019-06-03,8,0.354210956
2019-06-03,9,0.830834655
2019-06-06,0.1,0.233736106
2019-06-06,1.6,0.241128336
2019-06-06,5,0.064695079
2019-06-06,9,0.097808282
2019-06-10,0.1,0.064270396
2019-06-10,1.6,0.138801042
2019-06-10,3.8,0.063185211
2019-06-10,5,0.074871223
2019-06-10,6.2,0.062094656
2019-06-10,8,0.026589192
2019-06-10,9,0.027002115
2019-06-13,0.1,0.279297011
2019-06-13,1.6,0.28092121
2019-06-13,5,0.084124018
2019-06-13,9,0.052186372
2019-06-17,0.1,0.267162221
2019-06-17,1.6,0.202373952
2019-06-17,3.8,0.116664673
2019-06-17,5,0.124955332
2019-06-17,6.2,0.058287987
2019-06-17,8,0.244688084
2019-06-17,9,0.13582752
2019-06-20,0.1,0.614523762
2019-06-20,1.6,0.694729768
2019-06-20,5,0.060349149
2019-06-20,9,0.47579209
2019-06-24,0.1,0.402589833
2019-06-24,3.8,0.245420259
2019-06-24,5,0.161673798
2019-06-24,6.2,0.402253239
2019-06-24,8,0.196159808
2019-06-24,9,0.355192265
2019-06-27,0.1,0.452516898
2019-06-27,1.6,0.512385977
2019-06-27,5,0.139434151
2019-06-27,9,0.271357391
2019-07-01,0.1,0.512979324
2019-07-01,1.6,0.825530137
2019-07-01,3.8,0.315627869
2019-07-01,5,0.164973853
2019-07-01,6.2,0.589784578
2019-07-01,8,0.1725489
2019-07-01,9,3.992352245
2019-07-03,0.1,0.748882485
2019-07-03,1.6,0.744948193
2019-07-03,5,0.24309347
2019-07-03,9,0.297055708
2019-07-08,0.1,1.335567396
2019-07-08,1.6,1.047540746
2019-07-08,3.8,0.211793325
2019-07-08,5,0.30055808
2019-07-08,6.2,0.750794056
2019-07-08,8,0.904194898
2019-07-08,9,0.819877225
2019-07-11,0.1,0.755181799
2019-07-11,1.6,1.021804208
2019-07-11,5,0.119006462
2019-07-11,9,0.02472026
2019-07-15,0.1,0.801245521
2019-07-15,1.6,0.827461577
2019-07-15,3.8,0.226816328
2019-07-15,5,0.200437407
2019-07-15,6.2,0.032779765
2019-07-15,8,0.048877526
2019-07-15,9,0.054825967
2019-07-18,0.1,0.934723388
2019-07-18,1.6,0.985256351
2019-07-18,5,0.126856428
2019-07-18,9,0.012081808
2019-07-24,5,0.417128165
2019-07-24,9,10.81043906
2019-07-29,0.1,0.68799329
2019-07-29,1.6,0.562680954
2019-07-29,3.8,0.156841506
2019-07-29,5,0.156697137
2019-07-29,6.2,0.53412424
2019-07-29,8,0.274646651
2019-07-29,9,27.18315837
2019-08-01,0.1,0.67701561
2019-08-01,1.6,0.734739067
2019-08-01,5,0.036445077
2019-08-01,9,12.91369533
2019-08-05,0.1,0.78952695
2019-08-05,1.6,0.696036055
2019-08-05,3.8,0.12666158
2019-08-05,5,0.046260496
2019-08-05,6.2,1.697857972
2019-08-05,8,0.516461737
2019-08-05,9,26.29257168
2019-08-08,0.1,0.724737426
2019-08-08,1.6,0.79286859
2019-08-08,5,0.829303321
2019-08-08,9,0.087891322
2019-08-12,0.1,0.455611313
2019-08-12,1.6,0.413613218
2019-08-12,3.8,0.074917898
2019-08-12,5,6.364558156
2019-08-12,6.2,0.269946005
2019-08-12,8,0.026047717
2019-08-12,9,0.326709904
2019-08-14,0.1,0.658735363
2019-08-14,1.6,0.542207841
2019-08-14,5,7.179082484
2019-08-14,9,0.012256318
2019-08-19,0.1,0.598359898
2019-08-19,1.6,0.627478257
2019-08-19,3.8,3.999203621
2019-08-19,5,18.69134111
2019-08-19,6.2,3.103967198
2019-08-19,8,0.933933936
2019-08-19,9,0.065242214
2019-08-22,0.1,0.483336492
2019-08-22,5,10.01689393
2019-08-22,9,4.067047968
2019-08-28,0.1,0.126460512
2019-08-28,1.6,0.166772585
2019-08-28,3.8,6.442273196
2019-08-28,5,14.67107954
2019-08-28,6.2,1.085160069
2019-08-28,8,7.866940424
2019-08-28,9,52.14760103
2019-09-02,0.1,0.315785034
2019-09-02,1.6,0.14192215
2019-09-02,3.8,10.67177584
2019-09-02,5,28.7663601
2019-09-02,6.2,17.7942269
2019-09-02,8,24.24558996
2019-09-02,9,120.5333929
2019-09-11,0.1,0.418524807
2019-09-11,1.6,0.342538722
2019-09-11,3.8,24.51371258
2019-09-11,5,17.6507872
2019-09-11,6.2,1.329206873
2019-09-11,8,0.052273895
2019-09-11,9,0.029640237
2019-09-20,0.1,0.846583114
2019-09-20,1.6,0.588824265
2019-09-20,3.8,29.04596868
2019-09-20,5,59.16671668
2019-09-20,9,0.025264035
2019-09-27,0.1,0.266816412
2019-09-27,1.6,0.306958967
2019-09-27,3.8,23.02817344
2019-09-27,5,43.76372203
2019-09-27,6.2,0.085460299
2019-09-27,8,0.010035639
2019-09-27,9,0.571747612
2019-10-11,0.1,0.061983271
2019-10-11,1.6,0.032221473
2019-10-11,3.8,0.013837284
2019-10-11,5,63.97355363
2019-10-11,6.2,0.028807414
2019-10-11,8,0.375176607
2019-10-11,9,0.029531608
2019-10-16,0.1,0.15837353
2019-10-16,1.6,0.044646578
2019-10-16,3.8,0.061740149
2019-10-16,5,22.57514277
2019-10-16,6.2,0.258705475
2019-10-16,8,0.089831128
2019-10-16,9,0.045988924
2019-10-23,0.1,0.067360414
2019-10-23,1.6,0.064023947
2019-10-23,3.8,0.055832793
2019-10-23,5,0.058980451
2019-10-23,6.2,0.02131459
2019-10-23,8,0.024982116
2019-10-23,9,0.021668928
2019-10-25,1.6,0.048846904
2019-10-25,5,0.013255342
2019-10-25,9,0.016695265
2019-10-28,0.1,0.264532652
2019-10-28,1.6,0.139847088
2019-10-28,5,0.033408634
2019-10-28,9,0.025364905
2019-10-30,0.1,0.245894995
2019-10-30,1.6,0.262678198
2019-10-30,3.8,0.10738508
2019-10-30,5,0.042194662
2019-10-30,6.2,0.036111431
2019-10-30,8,0.039458243
2019-10-30,9,0.042106725
2019-11-08,0.1,0.154387875
2019-11-08,1.6,0.140780782
2019-11-08,3.8,0.127217658
2019-11-08,5,0.130013565
2019-11-08,6.2,0.15370765
2019-11-08,8,0.141204953
2019-11-08,9,0.144321575
2019-11-20,0.1,0.159348606
2019-11-20,1.6,0.168543287
2019-11-20,3.8,0.181276174
2019-11-20,5,0.174947234
2019-11-20,6.2,0.201062196
2019-11-20,8,0.194583244
2019-11-20,9,0.187962039
2020-02-29,0.1,0.107130494
2020-02-29,1.6,0.107505709
2020-02-29,3.8,0.081470256
2020-02-29,5,0.0790908
2020-02-29,6.2,0.101473217
2020-02-29,8,0.089529446
2020-02-29,9,0.087996695
2020-06-22,0.1,0.696572446
2020-06-22,1.6,0.566143769
2020-06-22,3.8,0.192116229
2020-06-22,5,15.83465739
2020-06-22,6.2,22.08703878
2020-06-22,8,30.32491273
2020-06-22,9,44.8528248
2020-07-06,0.1,1.065801063
2020-07-06,1.6,1.55035004
2020-07-06,3.8,0.673873152
2020-07-06,5,23.3494218
2020-07-06,6.2,29.66111466
2020-07-06,8,37.51607856
2020-07-06,9,35.07088244
2020-07-20,0.1,0.643042007
2020-07-20,1.6,0.601960491
2020-07-20,3.8,0.398542389
2020-07-20,5,17.47912609
2020-07-20,6.2,19.62495065
2020-07-20,8,30.27942913
2020-07-20,9,36.75519389
2020-07-27,0.1,0.567865111
2020-07-27,1.6,0.610408749
2020-07-27,3.8,0.653041901
2020-07-27,5,26.31485235
2020-07-27,6.2,10.79172904
2020-07-27,8,4.625129542
2020-07-27,9,4.762536348
2020-08-03,0.1,0.9626117
2020-08-03,1.6,1.037876574
2020-08-03,3.8,2.178942606
2020-08-03,5,16.80397258
2020-08-03,6.2,1.593841363
2020-08-10,0.1,0.961125587
2020-08-10,1.6,0.68075968
2020-08-10,3.8,16.38733697
2020-08-10,5,6.950062187
2020-08-10,6.2,0.987947456
2020-08-10,8,0.007608127
2020-08-10,9,0.003223783
2020-08-17,0.1,0.224403842
2020-08-17,1.6,0.263268809
2020-08-17,3.8,33.1435998
2020-08-17,5,16.29891821
2020-08-17,6.2,0.426196748
2020-08-17,8,0.018838139
2020-08-17,9,0.022585094
2020-08-24,0.1,0.537094812
2020-08-24,1.6,0.545220418
2020-08-24,3.8,18.28739168
2020-08-24,5,8.783443303
2020-08-24,6.2,0.02756995
2020-08-24,8,0.355709465
2020-08-24,9,0.012227351
2020-09-02,0.1,0.522506611
2020-09-02,1.6,0.353341119
2020-09-02,3.8,19.80924579
2020-09-02,5,9.655031308
2020-09-02,6.2,0.05018773
2020-09-02,8,0.002899393
2020-09-02,9,0.006542879
2020-09-11,0.1,0.598512843
2020-09-11,1.6,0.404192518
2020-09-11,3.8,18.49624178
2020-09-11,5,0.964553873
2020-09-11,6.2,0.09835646
2020-09-11,8,0.005825449
2020-09-11,9,0.00920629
2020-09-15,0.1,0.630371581
2020-09-15,1.6,0.621338754
2020-09-15,3.8,27.33099168
2020-09-15,5,4.269871986
2020-09-15,6.2,5.702863609
2020-09-15,8,0.238888338
2020-09-15,9,6.895821521
2020-09-21,0.1,0.225089724
2020-09-21,1.6,0.271770932
2020-09-21,3.8,16.9560008
2020-09-21,5,9.055918986
2020-09-21,6.2,11.30472408
2020-09-21,8,3.620212675
2020-09-21,9,37.49097267
2020-09-29,0.1,0.453810571
2020-09-29,1.6,0.742946546
2020-09-29,3.8,0.984253899
2020-09-29,5,15.04938878
2020-09-29,6.2,14.82989747
2020-09-29,8,31.66862233
2020-09-29,9,44.4050593
2020-09-30,0.1,0.264909877
2020-09-30,1.6,0.298646329
2020-09-30,3.8,2.704001166
2020-09-30,5,10.94996961
2020-09-30,6.2,0.040731539
2020-09-30,8,0.01770712
2020-09-30,9,0.011486397
2020-10-06,0.1,0.229431904
2020-10-06,1.6,0.150097816
2020-10-06,3.8,0.100850611
2020-10-06,5,1.953653695
2020-10-06,6.2,0.023691479
2020-10-06,8,0.028429775
2020-10-06,9,0.032028808
2020-10-13,0.1,0.331999266
2020-10-13,1.6,0.354227542
2020-10-13,3.8,0.140260946
2020-10-13,5,10.5512553
2020-10-13,6.2,0.02842007
2020-10-13,8,0.01784998
2020-10-13,9,0.020777481
2020-10-19,0.1,0.095430423
2020-10-19,1.6,0.091926951
2020-10-19,3.8,0.07644892
2020-10-19,5,0.118908922
2020-10-19,6.2,0.03168813
2020-10-19,8,0.019321393
2020-10-19,9,0.016523843
2020-10-28,0.1,0.575742221
2020-10-28,1.6,0.635814185
2020-10-28,3.8,0.19764963
2020-10-28,5,0.051266792
2020-10-28,6.2,0.026037072
2020-10-28,8,0.023816856
2020-10-28,9,0.031133475
2020-11-02,0.1,0.036104205
2020-11-02,1.6,0.038979993
2020-11-02,3.8,0.03265326
2020-11-02,5,0.036966942
2020-11-02,6,0.035947344
2020-11-02,8,0.052783773
2020-11-02,9,0.048914531
2020-11-04,0.1,0.060278828
2020-11-04,1.6,0.060383752
2020-11-04,5,0.08774268
2020-11-04,9,0.095533285
2020-11-09,0.1,0.159226728
2020-11-09,1.6,0.095060347
2020-11-09,3.8,0.063933707
2020-11-09,5,0.057599797
2020-11-09,6.2,0.05465259
2020-11-09,8,0.065846806
2020-11-09,9,0.05734127
2020-12-02,0.1,0.032031827
2020-12-02,1.6,0.028001679
2020-12-02,3.8,0.034334769
2020-12-02,5,0.034125411
2020-12-02,6.2,0.037527484
2020-12-02,8,0.041426783
2020-12-02,9,0.04427929
2021-02-08,0.1,0.226928411
2021-02-08,1.6,0.17060928
2021-02-08,3.8,0.219198024
2021-02-08,5,0.190399873
2021-02-08,6.2,0.185955171
2021-02-08,8,0.235110769
2021-02-08,9,0.264329716
2021-02-26,0.1,0.154050586
2021-02-26,1.6,0.138001095
2021-02-26,3.8,0.169406421
2021-02-26,5,0.147937519
2021-02-26,6.2,0.149138647
2021-02-26,8,0.163597401
2021-02-26,9,0.145771486
2021-03-22,0.1,0.265513152
2021-03-22,1.6,0.166962975
2021-03-22,3.8,0.182401452
2021-03-22,5,0.195335041
2021-03-22,6.2,0.218853798
2021-03-22,8,0.19297925
2021-03-22,9,0.190915645
2021-04-16,0.1,0.340059373
2021-04-16,1.6,0.415935146
2021-04-16,3.8,0.138266187
2021-04-16,5,0.101167049
2021-04-16,6.2,0.063253463
2021-04-16,8,0.008235918
2021-04-16,9,0.001557853
2021-05-06,0.1,0.392920625
2021-05-06,1.6,0.467700351
2021-05-06,3.8,0.226686312
2021-05-06,5,0.071883437
2021-05-06,6.2,0.009244134
2021-05-06,8,0.00305939
2021-05-06,9,0.011024088
2021-05-14,0.1,0.357082618
2021-05-14,1.6,0.340001787
2021-05-14,3.8,0.033809943
2021-05-14,5,0.009823741
2021-05-14,6.2,0.003375637
2021-05-14,8,0.011454491
2021-05-14,9,0.005293811
2021-05-24,0.1,0.478704056
2021-05-24,1.6,0.498236692
2021-05-24,3.8,0.112707095
2021-05-24,5,0.061965308
2021-05-24,6.2,0.01813576
2021-05-24,8,0.043166763
2021-05-24,9,0.028383573
2021-05-31,0.1,0.679315481
2021-05-31,1.6,0.470740135
2021-05-31,3.8,0.18342727
2021-05-31,5,0.162306357
2021-05-31,6.2,0.179353877
2021-05-31,8,0.802476706
2021-05-31,9,17.95741787
2021-06-07,0.1,0.565448838
2021-06-07,1.6,0.670793027
2021-06-07,3.8,0.039176024
2021-06-07,5,-0.016958424
2021-06-07,6.2,-0.014338126
2021-06-07,8,4.361116992
2021-06-07,9,56.24387702
2021-06-15,0.1,0.68502096
2021-06-15,1.6,0.874353435
2021-06-15,3.8,0.194604037
2021-06-15,5,0.607521841
2021-06-15,6.2,-0.000758997
2021-06-15,8,0.044847895
2021-06-15,9,-0.001060054
2021-06-21,0.1,0.930884848
2021-06-21,1.6,0.35162695
2021-06-21,5,5.449780649
2021-06-21,6.2,-0.017780533
2021-06-21,8,-0.025438747
2021-06-21,9,-0.024631347
2021-06-28,0.1,0.986431003
2021-06-28,1.6,0.499564638
2021-06-28,3.8,2.53253947
2021-06-28,5,11.02038456
2021-06-28,6.2,0.092793027
2021-06-28,8,1.634504957
2021-06-28,9,0.038159901
2021-07-07,0.1,0.602433844
2021-07-07,1.6,0.00915247
2021-07-07,3.8,0.095109914
2021-07-07,5,2.086581861
2021-07-07,6.2,10.74917606
2021-07-07,8,7.754661499
2021-07-07,9,5.704248473
2021-07-12,0.1,0.896540615
2021-07-12,1.6,0.593990752
2021-07-12,3.8,3.762673818
2021-07-12,6.2,1.480300349
2021-07-12,8,18.62003968
2021-07-12,9,35.91287683
2021-07-21,0.1,1.067615491
2021-07-21,1.6,1.079336019
2021-07-21,3.8,0.262404506
2021-07-21,5,8.212989279
2021-07-21,6.2,24.54783821
2021-07-21,8,29.54984056
2021-07-21,9,60.30013915
2021-07-26,0.1,1.304993355
2021-07-26,1.6,2.453393988
2021-07-26,3.8,0.443538177
2021-07-26,5,9.991729662
2021-07-26,6.2,38.74690596
2021-07-26,8,30.79316696
2021-07-26,9,74.97568001
2021-08-02,0.1,1.28055922
2021-08-02,1.6,1.324701081
2021-08-02,3.8,0.199145583
2021-08-02,5,10.26728331
2021-08-02,6.2,42.97595667
2021-08-02,8,47.95665272
2021-08-02,9,42.19611972
2021-08-09,0.1,0.893506769
2021-08-09,1.6,0.868757356
2021-08-09,3.8,0.495282976
2021-08-09,5,22.24139195
2021-08-09,6.2,30.7786298
2021-08-09,8,50.15491911
2021-08-09,9,44.85730125
2021-08-16,0.1,0.350926997
2021-08-16,1.6,0.440882643
2021-08-16,3.8,0.304987204
2021-08-16,5,11.14160737
2021-08-16,6.2,42.70994103
2021-08-16,8,32.16097712
2021-08-16,9,25.69957965
2021-08-23,0.1,0.721064887
2021-08-23,1.6,0.622162049
2021-08-23,3.8,0.225323578
2021-08-23,5,20.23698263
2021-08-23,6.2,16.46280678
2021-08-23,8,18.47233552
2021-08-23,9,17.58405699
2021-08-31,0.1,0.666683074
2021-08-31,1.6,0.60984139
2021-08-31,3.8,0.189680427
2021-08-31,5,0.574507153
2021-08-31,6.2,0.824911629
2021-08-31,8,1.992765069
2021-08-31,9,2.262767165
2021-09-06,0.1,0.524592152
2021-09-06,1.6,0.487352733
2021-09-06,3.8,0.254126287
2021-09-06,5,4.675584102
2021-09-06,6.2,1.857420495
2021-09-06,8,2.7641174
2021-09-06,9,2.141124594
2021-09-14,0.1,0.348467269
2021-09-14,1.6,0.310350764
2021-09-14,3.8,0.214645746
2021-09-14,5,0.271010212
2021-09-14,6.2,0.088729769
2021-09-14,8,0.05310132
2021-09-14,9,0.312195636
2021-09-21,0.1,0.332922144
2021-09-21,1.6,0.386990179
2021-09-21,3.8,0.154204672
2021-09-21,5,1.120013766
2021-09-21,6.2,0.03868216
2021-09-21,8,0.247046931
2021-09-21,9,0.231555972
2021-09-27,0.1,0.110579272
2021-09-27,1.6,0.114187434
2021-09-27,3.8,0.121228155
2021-09-27,5,0.773657518
2021-09-27,6.2,0.038815952
2021-09-27,8,0.010653029
2021-09-27,9,0.010015161
2021-10-04,0.1,0.245107229
2021-10-04,1.6,0.246811313
2021-10-04,3.8,0.159616389
2021-10-04,5,3.73239147
2021-10-04,6.2,0.029879768
2021-10-04,8,0.009206755
2021-10-04,9,0.008205983
2021-10-11,0.1,0.077081635
2021-10-11,1.6,0.082206726
2021-10-11,3.8,0.038921152
2021-10-11,5,3.7985481
2021-10-11,6.2,0.040289976
2021-10-11,8,0.011795785
2021-10-11,9,0.010172538
2021-10-18,0.1,0.103551042
2021-10-18,1.6,0.101471704
2021-10-18,3.8,0.105968273
2021-10-18,5,31.6234849
2021-10-18,6.2,0.008161403
2021-10-18,8,-0.005458263
2021-10-18,9,0.019155903
2021-10-25,0.1,0.083582355
2021-10-25,1.6,0.082015988
2021-10-25,3.8,0.091183085
2021-10-25,5,0.212512309
2021-10-25,8,0.003800366
2021-10-25,9,0.00318409
2021-11-03,0.1,0.072672003
2021-11-03,1.6,0.077807005
2021-11-03,3.8,0.073584313
2021-11-03,5,0.069830809
2021-11-03,6.2,0.073036927
2021-11-03,8,-0.000312792
2021-11-03,9,0.003075788
2021-11-08,0.1,0.106689368
2021-11-08,1.6,0.103511609
2021-11-08,3.8,0.120233917
2021-11-08,5,0.111690433
2021-11-08,6.2,0.099474292
2021-11-08,8,0.106376802
2021-11-08,9,0.116144505
2021-11-22,0.1,0.241758077
2021-11-22,1.6,0.246308756
2021-11-22,3.8,0.247842985
2021-11-22,5,0.223789396
2021-11-22,6.2,0.210059347
2021-11-22,8,0.236843344
2021-11-22,9,0.219420744
2021-12-06,0.1,0.167119323
2021-12-06,1.6,0.171360582
2021-12-06,3.8,0.169188599
2021-12-06,5,0.175649084
2021-12-06,6.2,0.185419314
2021-12-06,8,0.191174074
2021-12-06,9,0.177669714