"depth_new","ID","temp","weight","obs_group"
0.1,"wq0.1_t_1",7.8,0.1754904,"temp_0.1"
0.1,"wq0.1_t_2",7.8657,0.1754904,"temp_0.1"
0.1,"wq0.1_t_3",8.1,0.1754904,"temp_0.1"
0.1,"wq0.1_t_4",11.696,0.1754904,"temp_0.1"
0.1,"wq0.1_t_5",12.4,0.1754904,"temp_0.1"
0.1,"wq0.1_t_6",13.4659,0.1754904,"temp_0.1"
0.1,"wq0.1_t_7",13.9,0.1754904,"temp_0.1"
0.1,"wq0.1_t_8",19.0712,0.1754904,"temp_0.1"
0.1,"wq0.1_t_9",18.05,0.1754904,"temp_0.1"
0.1,"wq0.1_t_10",16.1635,0.1754904,"temp_0.1"
0.1,"wq0.1_t_11",19.4914,0.1754904,"temp_0.1"
0.1,"wq0.1_t_12",19.65,0.1754904,"temp_0.1"
0.1,"wq0.1_t_13",17.1867,0.1754904,"temp_0.1"
0.1,"wq0.1_t_14",14.9571,0.1754904,"temp_0.1"
0.1,"wq0.1_t_15",14.95,0.1754904,"temp_0.1"
0.1,"wq0.1_t_16",15.0035,0.1754904,"temp_0.1"
0.1,"wq0.1_t_17",17.5529,0.1754904,"temp_0.1"
0.1,"wq0.1_t_18",17.3,0.1754904,"temp_0.1"
0.1,"wq0.1_t_19",22.3,0.1754904,"temp_0.1"
0.1,"wq0.1_t_20",19.3,0.1754904,"temp_0.1"
0.1,"wq0.1_t_21",18.3,0.1754904,"temp_0.1"
0.1,"wq0.1_t_22",20.6,0.1754904,"temp_0.1"
0.1,"wq0.1_t_23",21.1,0.1754904,"temp_0.1"
0.1,"wq0.1_t_24",21.9,0.1754904,"temp_0.1"
0.1,"wq0.1_t_25",21.8,0.1754904,"temp_0.1"
0.1,"wq0.1_t_26",20.1,0.1754904,"temp_0.1"
0.1,"wq0.1_t_27",23.1,0.1754904,"temp_0.1"
0.1,"wq0.1_t_28",25.5,0.1754904,"temp_0.1"
0.1,"wq0.1_t_29",24.2,0.1754904,"temp_0.1"
0.1,"wq0.1_t_30",23.6346,0.1754904,"temp_0.1"
0.1,"wq0.1_t_31",25.5055,0.1754904,"temp_0.1"
0.1,"wq0.1_t_32",22.05,0.1754904,"temp_0.1"
0.1,"wq0.1_t_33",25.4938,0.1754904,"temp_0.1"
0.1,"wq0.1_t_34",25.7259,0.1754904,"temp_0.1"
0.1,"wq0.1_t_35",26.2851,0.1754904,"temp_0.1"
0.1,"wq0.1_t_36",26.8109,0.1754904,"temp_0.1"
0.1,"wq0.1_t_37",28.8,0.1754904,"temp_0.1"
0.1,"wq0.1_t_38",27,0.1754904,"temp_0.1"
0.1,"wq0.1_t_39",28.6,0.1754904,"temp_0.1"
0.1,"wq0.1_t_40",24.6,0.1754904,"temp_0.1"
0.1,"wq0.1_t_41",24.3,0.1754904,"temp_0.1"
0.1,"wq0.1_t_42",24.8,0.1754904,"temp_0.1"
0.1,"wq0.1_t_43",27.3,0.1754904,"temp_0.1"
0.1,"wq0.1_t_44",17.5,0.1754904,"temp_0.1"
0.1,"wq0.1_t_45",22,0.1754904,"temp_0.1"
0.1,"wq0.1_t_46",16.7,0.1754904,"temp_0.1"
0.1,"wq0.1_t_47",18.4,0.1754904,"temp_0.1"
0.1,"wq0.1_t_48",19.2,0.1754904,"temp_0.1"
0.1,"wq0.1_t_49",13.7,0.1754904,"temp_0.1"
0.1,"wq0.1_t_50",20.7,0.1754904,"temp_0.1"
0.1,"wq0.1_t_51",14.5,0.1754904,"temp_0.1"
0.1,"wq0.1_t_52",15.2,0.1754904,"temp_0.1"
0.1,"wq0.1_t_53",9,0.1754904,"temp_0.1"
0.1,"wq0.1_t_54",14.3,0.1754904,"temp_0.1"
0.1,"wq0.1_t_55",6.1414,0.1754904,"temp_0.1"
0.1,"wq0.1_t_56",4.1,0.1754904,"temp_0.1"
0.1,"wq0.1_t_57",2.4,0.1754904,"temp_0.1"
0.1,"wq0.1_t_58",6.5,0.1754904,"temp_0.1"
0.1,"wq0.1_t_59",9.1,0.1754904,"temp_0.1"
0.1,"wq0.1_t_60",10.9,0.1754904,"temp_0.1"
0.1,"wq0.1_t_61",9.8,0.1754904,"temp_0.1"
0.1,"wq0.1_t_62",14.7479,0.1754904,"temp_0.1"
0.1,"wq0.1_t_63",13.5212,0.1754904,"temp_0.1"
0.1,"wq0.1_t_64",13.6454,0.1754904,"temp_0.1"
0.1,"wq0.1_t_65",14.217,0.1754904,"temp_0.1"
0.1,"wq0.1_t_66",15.2336,0.1754904,"temp_0.1"
0.1,"wq0.1_t_67",19.5629,0.1754904,"temp_0.1"
0.1,"wq0.1_t_68",19.9079,0.1754904,"temp_0.1"
0.1,"wq0.1_t_69",22.0623,0.1754904,"temp_0.1"
0.1,"wq0.1_t_70",23.642,0.1754904,"temp_0.1"
0.1,"wq0.1_t_71",24.3799,0.1754904,"temp_0.1"
0.1,"wq0.1_t_72",22.6666,0.1754904,"temp_0.1"
0.1,"wq0.1_t_73",22,0.1754904,"temp_0.1"
0.1,"wq0.1_t_74",21.0907,0.1754904,"temp_0.1"
0.1,"wq0.1_t_75",23.1231,0.1754904,"temp_0.1"
0.1,"wq0.1_t_76",22.5203,0.1754904,"temp_0.1"
0.1,"wq0.1_t_77",22.6763,0.1754904,"temp_0.1"
0.1,"wq0.1_t_78",23.4003,0.1754904,"temp_0.1"
0.1,"wq0.1_t_79",23.0855,0.1754904,"temp_0.1"
0.1,"wq0.1_t_80",24.6738,0.1754904,"temp_0.1"
0.1,"wq0.1_t_81",24.7688,0.1754904,"temp_0.1"
0.1,"wq0.1_t_82",26.1952,0.1754904,"temp_0.1"
0.1,"wq0.1_t_83",27.2422,0.1754904,"temp_0.1"
0.1,"wq0.1_t_84",27.3263,0.1754904,"temp_0.1"
0.1,"wq0.1_t_85",26.2219,0.1754904,"temp_0.1"
0.1,"wq0.1_t_86",23.952,0.1754904,"temp_0.1"
0.1,"wq0.1_t_87",27.452,0.1754904,"temp_0.1"
0.1,"wq0.1_t_88",28.8083,0.1754904,"temp_0.1"
0.1,"wq0.1_t_89",25.5168,0.1754904,"temp_0.1"
0.1,"wq0.1_t_90",27.3995,0.1754904,"temp_0.1"
0.1,"wq0.1_t_91",26.9707,0.1754904,"temp_0.1"
0.1,"wq0.1_t_92",24.9385,0.1754904,"temp_0.1"
0.1,"wq0.1_t_93",26.9256,0.1754904,"temp_0.1"
0.1,"wq0.1_t_94",25.6653,0.1754904,"temp_0.1"
0.1,"wq0.1_t_95",25.3842,0.1754904,"temp_0.1"
0.1,"wq0.1_t_96",25.983,0.1754904,"temp_0.1"
0.1,"wq0.1_t_97",26.3496,0.1754904,"temp_0.1"
0.1,"wq0.1_t_98",27.4757,0.1754904,"temp_0.1"
0.1,"wq0.1_t_99",26.6,0.1754904,"temp_0.1"
0.1,"wq0.1_t_100",26.5094,0.1754904,"temp_0.1"
0.1,"wq0.1_t_101",26.9415,0.1754904,"temp_0.1"
0.1,"wq0.1_t_102",25.8962,0.1754904,"temp_0.1"
0.1,"wq0.1_t_103",24.372,0.1754904,"temp_0.1"
0.1,"wq0.1_t_104",26.0445,0.1754904,"temp_0.1"
0.1,"wq0.1_t_105",26.117,0.1754904,"temp_0.1"
0.1,"wq0.1_t_106",26.8473,0.1754904,"temp_0.1"
0.1,"wq0.1_t_107",28.0762,0.1754904,"temp_0.1"
0.1,"wq0.1_t_108",23.2,0.1754904,"temp_0.1"
0.1,"wq0.1_t_109",23.9868,0.1754904,"temp_0.1"
0.1,"wq0.1_t_110",24.3203,0.1754904,"temp_0.1"
0.1,"wq0.1_t_111",23.4,0.1754904,"temp_0.1"
0.1,"wq0.1_t_112",22.8417,0.1754904,"temp_0.1"
0.1,"wq0.1_t_113",24.7236,0.1754904,"temp_0.1"
0.1,"wq0.1_t_114",21.8,0.1754904,"temp_0.1"
0.1,"wq0.1_t_115",21.4644,0.1754904,"temp_0.1"
0.1,"wq0.1_t_116",21.3117,0.1754904,"temp_0.1"
0.1,"wq0.1_t_117",24.0209,0.1754904,"temp_0.1"
0.1,"wq0.1_t_118",23.8171,0.1754904,"temp_0.1"
0.1,"wq0.1_t_119",17.7,0.1754904,"temp_0.1"
0.1,"wq0.1_t_120",16.0301,0.1754904,"temp_0.1"
0.1,"wq0.1_t_121",15.3,0.1754904,"temp_0.1"
0.1,"wq0.1_t_122",14.4926,0.1754904,"temp_0.1"
0.1,"wq0.1_t_123",12.3892,0.1754904,"temp_0.1"
0.1,"wq0.1_t_124",12.7126,0.1754904,"temp_0.1"
0.1,"wq0.1_t_125",13.4469,0.1754904,"temp_0.1"
0.1,"wq0.1_t_126",9.7628,0.1754904,"temp_0.1"
0.1,"wq0.1_t_127",8.6,0.1754904,"temp_0.1"
0.1,"wq0.1_t_128",8.5742,0.1754904,"temp_0.1"
0.1,"wq0.1_t_129",5.0427,0.1754904,"temp_0.1"
0.1,"wq0.1_t_130",4.9,0.1754904,"temp_0.1"
0.1,"wq0.1_t_131",4.5289,0.1754904,"temp_0.1"
1,"wq1_t_1",8.9,0.1754904,"temp_1"
1,"wq1_t_2",7.9477,0.1754904,"temp_1"
1,"wq1_t_3",11.7836,0.1754904,"temp_1"
1,"wq1_t_4",11.8,0.1754904,"temp_1"
1,"wq1_t_5",13.7861,0.1754904,"temp_1"
1,"wq1_t_6",13.1,0.1754904,"temp_1"
1,"wq1_t_7",17.6792,0.1754904,"temp_1"
1,"wq1_t_8",16.0313,0.1754904,"temp_1"
1,"wq1_t_9",17.6644,0.1754904,"temp_1"
1,"wq1_t_10",16.3492,0.1754904,"temp_1"
1,"wq1_t_11",14.8675,0.1754904,"temp_1"
1,"wq1_t_12",15,0.1754904,"temp_1"
1,"wq1_t_13",14.794,0.1754904,"temp_1"
1,"wq1_t_14",17.4872,0.1754904,"temp_1"
1,"wq1_t_15",17.6,0.1754904,"temp_1"
1,"wq1_t_16",22.1,0.1754904,"temp_1"
1,"wq1_t_17",20.3,0.1754904,"temp_1"
1,"wq1_t_18",18.1,0.1754904,"temp_1"
1,"wq1_t_19",20.5,0.1754904,"temp_1"
1,"wq1_t_20",18.6,0.1754904,"temp_1"
1,"wq1_t_21",19.2,0.1754904,"temp_1"
1,"wq1_t_22",22.1,0.1754904,"temp_1"
1,"wq1_t_23",20.1,0.1754904,"temp_1"
1,"wq1_t_24",23,0.1754904,"temp_1"
1,"wq1_t_25",24.7,0.1754904,"temp_1"
1,"wq1_t_26",24.1,0.1754904,"temp_1"
1,"wq1_t_27",23.2851,0.1754904,"temp_1"
1,"wq1_t_28",25.4863,0.1754904,"temp_1"
1,"wq1_t_29",25.3,0.1754904,"temp_1"
1,"wq1_t_30",25.6214,0.1754904,"temp_1"
1,"wq1_t_31",25.5406,0.1754904,"temp_1"
1,"wq1_t_32",25.7886,0.1754904,"temp_1"
1,"wq1_t_33",25.3243,0.1754904,"temp_1"
1,"wq1_t_34",27.4,0.1754904,"temp_1"
1,"wq1_t_35",26.6,0.1754904,"temp_1"
1,"wq1_t_36",28.5,0.1754904,"temp_1"
1,"wq1_t_37",24.5,0.1754904,"temp_1"
1,"wq1_t_38",24.4,0.1754904,"temp_1"
1,"wq1_t_39",24.9,0.1754904,"temp_1"
1,"wq1_t_40",26.7,0.1754904,"temp_1"
1,"wq1_t_41",24.1,0.1754904,"temp_1"
1,"wq1_t_42",21.5,0.1754904,"temp_1"
1,"wq1_t_43",19.5,0.1754904,"temp_1"
1,"wq1_t_44",21.5,0.1754904,"temp_1"
1,"wq1_t_45",23.1,0.1754904,"temp_1"
1,"wq1_t_46",20,0.1754904,"temp_1"
1,"wq1_t_47",20.9,0.1754904,"temp_1"
1,"wq1_t_48",20.2,0.1754904,"temp_1"
1,"wq1_t_49",13.4,0.1754904,"temp_1"
1,"wq1_t_50",14.2,0.1754904,"temp_1"
1,"wq1_t_51",14,0.1754904,"temp_1"
1,"wq1_t_52",6.0014,0.1754904,"temp_1"
1,"wq1_t_53",6.5,0.1754904,"temp_1"
1,"wq1_t_54",2.6,0.1754904,"temp_1"
1,"wq1_t_55",6.3,0.1754904,"temp_1"
1,"wq1_t_56",10.9,0.1754904,"temp_1"
1,"wq1_t_57",9.9,0.1754904,"temp_1"
1,"wq1_t_58",14.7933,0.1754904,"temp_1"
1,"wq1_t_59",13.5172,0.1754904,"temp_1"
1,"wq1_t_60",13.5007,0.1754904,"temp_1"
1,"wq1_t_61",14.1616,0.1754904,"temp_1"
1,"wq1_t_62",15.0933,0.1754904,"temp_1"
1,"wq1_t_63",16.6785,0.1754904,"temp_1"
1,"wq1_t_64",19.9103,0.1754904,"temp_1"
1,"wq1_t_65",20.9199,0.1754904,"temp_1"
1,"wq1_t_66",23.5748,0.1754904,"temp_1"
1,"wq1_t_67",21.9423,0.1754904,"temp_1"
1,"wq1_t_68",21.7405,0.1754904,"temp_1"
1,"wq1_t_69",19.8,0.1754904,"temp_1"
1,"wq1_t_70",18.8061,0.1754904,"temp_1"
1,"wq1_t_71",20.331,0.1754904,"temp_1"
1,"wq1_t_72",20.0947,0.1754904,"temp_1"
1,"wq1_t_73",20.8529,0.1754904,"temp_1"
1,"wq1_t_74",23.1671,0.1754904,"temp_1"
1,"wq1_t_75",22.7822,0.1754904,"temp_1"
1,"wq1_t_76",24.68,0.1754904,"temp_1"
1,"wq1_t_77",23.1242,0.1754904,"temp_1"
1,"wq1_t_78",24.4994,0.1754904,"temp_1"
1,"wq1_t_79",24.3627,0.1754904,"temp_1"
1,"wq1_t_80",26.4212,0.1754904,"temp_1"
1,"wq1_t_81",26.2063,0.1754904,"temp_1"
1,"wq1_t_82",23.8528,0.1754904,"temp_1"
1,"wq1_t_83",25.5154,0.1754904,"temp_1"
1,"wq1_t_84",27.0201,0.1754904,"temp_1"
1,"wq1_t_85",25.7468,0.1754904,"temp_1"
1,"wq1_t_86",27.2692,0.1754904,"temp_1"
1,"wq1_t_87",26.7712,0.1754904,"temp_1"
1,"wq1_t_88",25.1816,0.1754904,"temp_1"
1,"wq1_t_89",25.3062,0.1754904,"temp_1"
1,"wq1_t_90",25.2657,0.1754904,"temp_1"
1,"wq1_t_91",25.0658,0.1754904,"temp_1"
1,"wq1_t_92",26.1238,0.1754904,"temp_1"
1,"wq1_t_93",26.3115,0.1754904,"temp_1"
1,"wq1_t_94",26.6027,0.1754904,"temp_1"
1,"wq1_t_95",26.3,0.1754904,"temp_1"
1,"wq1_t_96",25.4828,0.1754904,"temp_1"
1,"wq1_t_97",26.2019,0.1754904,"temp_1"
1,"wq1_t_98",25.8152,0.1754904,"temp_1"
1,"wq1_t_99",23.8242,0.1754904,"temp_1"
1,"wq1_t_100",24.5103,0.1754904,"temp_1"
1,"wq1_t_101",25.9928,0.1754904,"temp_1"
1,"wq1_t_102",26.0739,0.1754904,"temp_1"
1,"wq1_t_103",26.5807,0.1754904,"temp_1"
1,"wq1_t_104",23.7,0.1754904,"temp_1"
1,"wq1_t_105",23.9721,0.1754904,"temp_1"
1,"wq1_t_106",23.7735,0.1754904,"temp_1"
1,"wq1_t_107",22.8,0.1754904,"temp_1"
1,"wq1_t_108",22.5649,0.1754904,"temp_1"
1,"wq1_t_109",23.8721,0.1754904,"temp_1"
1,"wq1_t_110",21.9,0.1754904,"temp_1"
1,"wq1_t_111",22.0204,0.1754904,"temp_1"
1,"wq1_t_112",20.8297,0.1754904,"temp_1"
1,"wq1_t_113",21.9599,0.1754904,"temp_1"
1,"wq1_t_114",22.8504,0.1754904,"temp_1"
1,"wq1_t_115",17.4,0.1754904,"temp_1"
1,"wq1_t_116",15.879,0.1754904,"temp_1"
1,"wq1_t_117",15.3,0.1754904,"temp_1"
1,"wq1_t_118",14.3858,0.1754904,"temp_1"
1,"wq1_t_119",12.0927,0.1754904,"temp_1"
1,"wq1_t_120",12.5746,0.1754904,"temp_1"
1,"wq1_t_121",12.933,0.1754904,"temp_1"
1,"wq1_t_122",9.7441,0.1754904,"temp_1"
1,"wq1_t_123",8.2,0.1754904,"temp_1"
1,"wq1_t_124",8.1398,0.1754904,"temp_1"
1,"wq1_t_125",4.8959,0.1754904,"temp_1"
1,"wq1_t_126",4.6,0.1754904,"temp_1"
1,"wq1_t_127",4.5274,0.1754904,"temp_1"
2,"wq2_t_1",8.8,0.1754904,"temp_2"
2,"wq2_t_2",7.9806,0.1754904,"temp_2"
2,"wq2_t_3",8.1,0.1754904,"temp_2"
2,"wq2_t_4",11.7219,0.1754904,"temp_2"
2,"wq2_t_5",11.3,0.1754904,"temp_2"
2,"wq2_t_6",13.19,0.1754904,"temp_2"
2,"wq2_t_7",12.7,0.1754904,"temp_2"
2,"wq2_t_8",13.854,0.1754904,"temp_2"
2,"wq2_t_9",17.3,0.1754904,"temp_2"
2,"wq2_t_10",14.2371,0.1754904,"temp_2"
2,"wq2_t_11",14.4583,0.1754904,"temp_2"
2,"wq2_t_12",17.5,0.1754904,"temp_2"
2,"wq2_t_13",15.0129,0.1754904,"temp_2"
2,"wq2_t_14",14.698,0.1754904,"temp_2"
2,"wq2_t_15",14.8,0.1754904,"temp_2"
2,"wq2_t_16",13.5531,0.1754904,"temp_2"
2,"wq2_t_17",14.8232,0.1754904,"temp_2"
2,"wq2_t_18",17.6,0.1754904,"temp_2"
2,"wq2_t_19",18.3,0.1754904,"temp_2"
2,"wq2_t_20",20.3,0.1754904,"temp_2"
2,"wq2_t_21",17.4,0.1754904,"temp_2"
2,"wq2_t_22",17.6,0.1754904,"temp_2"
2,"wq2_t_23",17.6,0.1754904,"temp_2"
2,"wq2_t_24",18.1,0.1754904,"temp_2"
2,"wq2_t_25",22,0.1754904,"temp_2"
2,"wq2_t_26",20,0.1754904,"temp_2"
2,"wq2_t_27",21.7,0.1754904,"temp_2"
2,"wq2_t_28",24,0.1754904,"temp_2"
2,"wq2_t_29",23.8,0.1754904,"temp_2"
2,"wq2_t_30",21.8394,0.1754904,"temp_2"
2,"wq2_t_31",22.5444,0.1754904,"temp_2"
2,"wq2_t_32",25.1,0.1754904,"temp_2"
2,"wq2_t_33",22.8529,0.1754904,"temp_2"
2,"wq2_t_34",22.111,0.1754904,"temp_2"
2,"wq2_t_35",22.8037,0.1754904,"temp_2"
2,"wq2_t_36",22.8427,0.1754904,"temp_2"
2,"wq2_t_37",24.6,0.1754904,"temp_2"
2,"wq2_t_38",26,0.1754904,"temp_2"
2,"wq2_t_39",26.6,0.1754904,"temp_2"
2,"wq2_t_40",24.3,0.1754904,"temp_2"
2,"wq2_t_41",24.3,0.1754904,"temp_2"
2,"wq2_t_42",24.9,0.1754904,"temp_2"
2,"wq2_t_43",26.5,0.1754904,"temp_2"
2,"wq2_t_44",23.8,0.1754904,"temp_2"
2,"wq2_t_45",21.3,0.1754904,"temp_2"
2,"wq2_t_46",19.5,0.1754904,"temp_2"
2,"wq2_t_47",20.9,0.1754904,"temp_2"
2,"wq2_t_48",22.4,0.1754904,"temp_2"
2,"wq2_t_49",19.9,0.1754904,"temp_2"
2,"wq2_t_50",20.7,0.1754904,"temp_2"
2,"wq2_t_51",20.2,0.1754904,"temp_2"
2,"wq2_t_52",17.4,0.1754904,"temp_2"
2,"wq2_t_53",14.1,0.1754904,"temp_2"
2,"wq2_t_54",13.8,0.1754904,"temp_2"
2,"wq2_t_55",5.9348,0.1754904,"temp_2"
2,"wq2_t_56",6.2,0.1754904,"temp_2"
2,"wq2_t_57",2.8,0.1754904,"temp_2"
2,"wq2_t_58",6.1,0.1754904,"temp_2"
2,"wq2_t_59",6.8,0.1754904,"temp_2"
2,"wq2_t_60",10.1,0.1754904,"temp_2"
2,"wq2_t_61",9.7,0.1754904,"temp_2"
2,"wq2_t_62",13.0031,0.1754904,"temp_2"
2,"wq2_t_63",13.2017,0.1754904,"temp_2"
2,"wq2_t_64",12.7374,0.1754904,"temp_2"
2,"wq2_t_65",14.1139,0.1754904,"temp_2"
2,"wq2_t_66",14.5657,0.1754904,"temp_2"
2,"wq2_t_67",15.309,0.1754904,"temp_2"
2,"wq2_t_68",16.23,0.1754904,"temp_2"
2,"wq2_t_69",18.6709,0.1754904,"temp_2"
2,"wq2_t_70",18.5294,0.1754904,"temp_2"
2,"wq2_t_71",17.9078,0.1754904,"temp_2"
2,"wq2_t_72",18.3273,0.1754904,"temp_2"
2,"wq2_t_73",17.8,0.1754904,"temp_2"
2,"wq2_t_74",17.1403,0.1754904,"temp_2"
2,"wq2_t_75",17.3756,0.1754904,"temp_2"
2,"wq2_t_76",17.9244,0.1754904,"temp_2"
2,"wq2_t_77",18.1587,0.1754904,"temp_2"
2,"wq2_t_78",19.0698,0.1754904,"temp_2"
2,"wq2_t_79",19.5111,0.1754904,"temp_2"
2,"wq2_t_80",19.9714,0.1754904,"temp_2"
2,"wq2_t_81",19.2105,0.1754904,"temp_2"
2,"wq2_t_82",21.0731,0.1754904,"temp_2"
2,"wq2_t_83",20.661,0.1754904,"temp_2"
2,"wq2_t_84",21.3279,0.1754904,"temp_2"
2,"wq2_t_85",22.1904,0.1754904,"temp_2"
2,"wq2_t_86",21.5672,0.1754904,"temp_2"
2,"wq2_t_87",22.3412,0.1754904,"temp_2"
2,"wq2_t_88",23.3335,0.1754904,"temp_2"
2,"wq2_t_89",23.366,0.1754904,"temp_2"
2,"wq2_t_90",24.402,0.1754904,"temp_2"
2,"wq2_t_91",24.2766,0.1754904,"temp_2"
2,"wq2_t_92",25.037,0.1754904,"temp_2"
2,"wq2_t_93",23.3636,0.1754904,"temp_2"
2,"wq2_t_94",24.9674,0.1754904,"temp_2"
2,"wq2_t_95",23.7597,0.1754904,"temp_2"
2,"wq2_t_96",23.7704,0.1754904,"temp_2"
2,"wq2_t_97",26.2,0.1754904,"temp_2"
2,"wq2_t_98",25.066,0.1754904,"temp_2"
2,"wq2_t_99",24.688,0.1754904,"temp_2"
2,"wq2_t_100",23.5643,0.1754904,"temp_2"
2,"wq2_t_101",23.6773,0.1754904,"temp_2"
2,"wq2_t_102",24.4267,0.1754904,"temp_2"
2,"wq2_t_103",24.592,0.1754904,"temp_2"
2,"wq2_t_104",25.3733,0.1754904,"temp_2"
2,"wq2_t_105",23.7,0.1754904,"temp_2"
2,"wq2_t_106",22.6,0.1754904,"temp_2"
2,"wq2_t_107",22.3991,0.1754904,"temp_2"
2,"wq2_t_108",22.9537,0.1754904,"temp_2"
2,"wq2_t_109",21.9,0.1754904,"temp_2"
2,"wq2_t_110",22.0182,0.1754904,"temp_2"
2,"wq2_t_111",20.6061,0.1754904,"temp_2"
2,"wq2_t_112",22.4168,0.1754904,"temp_2"
2,"wq2_t_113",17.2,0.1754904,"temp_2"
2,"wq2_t_114",15.8211,0.1754904,"temp_2"
2,"wq2_t_115",15.3,0.1754904,"temp_2"
2,"wq2_t_116",14.3723,0.1754904,"temp_2"
2,"wq2_t_117",12.0219,0.1754904,"temp_2"
2,"wq2_t_118",12.3447,0.1754904,"temp_2"
2,"wq2_t_119",12.609,0.1754904,"temp_2"
2,"wq2_t_120",9.7812,0.1754904,"temp_2"
2,"wq2_t_121",8.1,0.1754904,"temp_2"
2,"wq2_t_122",8.0912,0.1754904,"temp_2"
2,"wq2_t_123",5.3383,0.1754904,"temp_2"
2,"wq2_t_124",4.6,0.1754904,"temp_2"
2,"wq2_t_125",4.5358,0.1754904,"temp_2"
3,"wq3_t_1",8.2,0.1754904,"temp_3"
3,"wq3_t_2",8.0272,0.1754904,"temp_3"
3,"wq3_t_3",10.4396,0.1754904,"temp_3"
3,"wq3_t_4",9.6,0.1754904,"temp_3"
3,"wq3_t_5",12.13,0.1754904,"temp_3"
3,"wq3_t_6",11.7,0.1754904,"temp_3"
3,"wq3_t_7",11.6361,0.1754904,"temp_3"
3,"wq3_t_8",12.2878,0.1754904,"temp_3"
3,"wq3_t_9",12.0095,0.1754904,"temp_3"
3,"wq3_t_10",11.982,0.1754904,"temp_3"
3,"wq3_t_11",12.4828,0.1754904,"temp_3"
3,"wq3_t_12",13.7,0.1754904,"temp_3"
3,"wq3_t_13",12.9311,0.1754904,"temp_3"
3,"wq3_t_14",12.5661,0.1754904,"temp_3"
3,"wq3_t_15",14.4,0.1754904,"temp_3"
3,"wq3_t_16",14.9,0.1754904,"temp_3"
3,"wq3_t_17",15.8,0.1754904,"temp_3"
3,"wq3_t_18",16.1,0.1754904,"temp_3"
3,"wq3_t_19",16,0.1754904,"temp_3"
3,"wq3_t_20",17,0.1754904,"temp_3"
3,"wq3_t_21",17.3,0.1754904,"temp_3"
3,"wq3_t_22",18.3,0.1754904,"temp_3"
3,"wq3_t_23",18.3,0.1754904,"temp_3"
3,"wq3_t_24",18.9,0.1754904,"temp_3"
3,"wq3_t_25",20.1,0.1754904,"temp_3"
3,"wq3_t_26",21.1,0.1754904,"temp_3"
3,"wq3_t_27",18.6588,0.1754904,"temp_3"
3,"wq3_t_28",19.0543,0.1754904,"temp_3"
3,"wq3_t_29",22.4,0.1754904,"temp_3"
3,"wq3_t_30",19.2278,0.1754904,"temp_3"
3,"wq3_t_31",19.8463,0.1754904,"temp_3"
3,"wq3_t_32",20.3994,0.1754904,"temp_3"
3,"wq3_t_33",20.6384,0.1754904,"temp_3"
3,"wq3_t_34",23.7,0.1754904,"temp_3"
3,"wq3_t_35",24.8,0.1754904,"temp_3"
3,"wq3_t_36",24.3,0.1754904,"temp_3"
3,"wq3_t_37",23.6,0.1754904,"temp_3"
3,"wq3_t_38",23.7,0.1754904,"temp_3"
3,"wq3_t_39",23.7,0.1754904,"temp_3"
3,"wq3_t_40",24.7,0.1754904,"temp_3"
3,"wq3_t_41",23.7,0.1754904,"temp_3"
3,"wq3_t_42",20.9,0.1754904,"temp_3"
3,"wq3_t_43",19.5,0.1754904,"temp_3"
3,"wq3_t_44",19.7,0.1754904,"temp_3"
3,"wq3_t_45",20.9,0.1754904,"temp_3"
3,"wq3_t_46",19.7,0.1754904,"temp_3"
3,"wq3_t_47",20.2,0.1754904,"temp_3"
3,"wq3_t_48",20.2,0.1754904,"temp_3"
3,"wq3_t_49",17.4,0.1754904,"temp_3"
3,"wq3_t_50",14,0.1754904,"temp_3"
3,"wq3_t_51",13.7,0.1754904,"temp_3"
3,"wq3_t_52",5.9146,0.1754904,"temp_3"
3,"wq3_t_53",6.1,0.1754904,"temp_3"
3,"wq3_t_54",2.9,0.1754904,"temp_3"
3,"wq3_t_55",5.9,0.1754904,"temp_3"
3,"wq3_t_56",8.3,0.1754904,"temp_3"
3,"wq3_t_57",9.5,0.1754904,"temp_3"
3,"wq3_t_58",11.9593,0.1754904,"temp_3"
3,"wq3_t_59",10.5236,0.1754904,"temp_3"
3,"wq3_t_60",10.5552,0.1754904,"temp_3"
3,"wq3_t_61",13.6391,0.1754904,"temp_3"
3,"wq3_t_62",11.4832,0.1754904,"temp_3"
3,"wq3_t_63",13.4197,0.1754904,"temp_3"
3,"wq3_t_64",13.5431,0.1754904,"temp_3"
3,"wq3_t_65",14.9881,0.1754904,"temp_3"
3,"wq3_t_66",14.4529,0.1754904,"temp_3"
3,"wq3_t_67",15.5545,0.1754904,"temp_3"
3,"wq3_t_68",15.0278,0.1754904,"temp_3"
3,"wq3_t_69",16.6,0.1754904,"temp_3"
3,"wq3_t_70",14.657,0.1754904,"temp_3"
3,"wq3_t_71",14.7044,0.1754904,"temp_3"
3,"wq3_t_72",14.2953,0.1754904,"temp_3"
3,"wq3_t_73",15.0648,0.1754904,"temp_3"
3,"wq3_t_74",15.2755,0.1754904,"temp_3"
3,"wq3_t_75",15.8177,0.1754904,"temp_3"
3,"wq3_t_76",15.522,0.1754904,"temp_3"
3,"wq3_t_77",16.1489,0.1754904,"temp_3"
3,"wq3_t_78",15.523,0.1754904,"temp_3"
3,"wq3_t_79",17.0584,0.1754904,"temp_3"
3,"wq3_t_80",16.2883,0.1754904,"temp_3"
3,"wq3_t_81",16.6097,0.1754904,"temp_3"
3,"wq3_t_82",16.3711,0.1754904,"temp_3"
3,"wq3_t_83",17.0682,0.1754904,"temp_3"
3,"wq3_t_84",16.9997,0.1754904,"temp_3"
3,"wq3_t_85",17.1679,0.1754904,"temp_3"
3,"wq3_t_86",18.2176,0.1754904,"temp_3"
3,"wq3_t_87",17.4784,0.1754904,"temp_3"
3,"wq3_t_88",18.0925,0.1754904,"temp_3"
3,"wq3_t_89",19.8275,0.1754904,"temp_3"
3,"wq3_t_90",19.2407,0.1754904,"temp_3"
3,"wq3_t_91",18.8057,0.1754904,"temp_3"
3,"wq3_t_92",19.4151,0.1754904,"temp_3"
3,"wq3_t_93",23.3,0.1754904,"temp_3"
3,"wq3_t_94",19.641,0.1754904,"temp_3"
3,"wq3_t_95",21.1225,0.1754904,"temp_3"
3,"wq3_t_96",21.1584,0.1754904,"temp_3"
3,"wq3_t_97",23.1,0.1754904,"temp_3"
3,"wq3_t_98",22.3,0.1754904,"temp_3"
3,"wq3_t_99",22.0024,0.1754904,"temp_3"
3,"wq3_t_100",21.9539,0.1754904,"temp_3"
3,"wq3_t_101",21.6,0.1754904,"temp_3"
3,"wq3_t_102",21.3074,0.1754904,"temp_3"
3,"wq3_t_103",20.2613,0.1754904,"temp_3"
3,"wq3_t_104",17.1,0.1754904,"temp_3"
3,"wq3_t_105",17.1265,0.1754904,"temp_3"
3,"wq3_t_106",15.6579,0.1754904,"temp_3"
3,"wq3_t_107",15.3,0.1754904,"temp_3"
3,"wq3_t_108",14.3652,0.1754904,"temp_3"
3,"wq3_t_109",12.0028,0.1754904,"temp_3"
3,"wq3_t_110",11.8157,0.1754904,"temp_3"
3,"wq3_t_111",12.2075,0.1754904,"temp_3"
3,"wq3_t_112",9.7796,0.1754904,"temp_3"
3,"wq3_t_113",8,0.1754904,"temp_3"
3,"wq3_t_114",8.0837,0.1754904,"temp_3"
3,"wq3_t_115",5.3374,0.1754904,"temp_3"
3,"wq3_t_116",4.5,0.1754904,"temp_3"
3,"wq3_t_117",4.5378,0.1754904,"temp_3"
4,"wq4_t_1",7.4,0.1754904,"temp_4"
4,"wq4_t_2",8.0348,0.1754904,"temp_4"
4,"wq4_t_3",8,0.1754904,"temp_4"
4,"wq4_t_4",9.2932,0.1754904,"temp_4"
4,"wq4_t_5",8.7,0.1754904,"temp_4"
4,"wq4_t_6",11.4403,0.1754904,"temp_4"
4,"wq4_t_7",11,0.1754904,"temp_4"
4,"wq4_t_8",10.5119,0.1754904,"temp_4"
4,"wq4_t_9",12,0.1754904,"temp_4"
4,"wq4_t_10",10.4422,0.1754904,"temp_4"
4,"wq4_t_11",10.2747,0.1754904,"temp_4"
4,"wq4_t_12",11.8,0.1754904,"temp_4"
4,"wq4_t_13",10.2193,0.1754904,"temp_4"
4,"wq4_t_14",9.7701,0.1754904,"temp_4"
4,"wq4_t_15",12.4,0.1754904,"temp_4"
4,"wq4_t_16",10.0481,0.1754904,"temp_4"
4,"wq4_t_17",10.6059,0.1754904,"temp_4"
4,"wq4_t_18",12.9,0.1754904,"temp_4"
4,"wq4_t_19",13.1,0.1754904,"temp_4"
4,"wq4_t_20",13.3,0.1754904,"temp_4"
4,"wq4_t_21",14.1,0.1754904,"temp_4"
4,"wq4_t_22",13.6,0.1754904,"temp_4"
4,"wq4_t_23",16.3,0.1754904,"temp_4"
4,"wq4_t_24",16.2,0.1754904,"temp_4"
4,"wq4_t_25",16.5,0.1754904,"temp_4"
4,"wq4_t_26",16.7,0.1754904,"temp_4"
4,"wq4_t_27",17.2,0.1754904,"temp_4"
4,"wq4_t_28",18,0.1754904,"temp_4"
4,"wq4_t_29",18.4,0.1754904,"temp_4"
4,"wq4_t_30",16.1564,0.1754904,"temp_4"
4,"wq4_t_31",15.754,0.1754904,"temp_4"
4,"wq4_t_32",19,0.1754904,"temp_4"
4,"wq4_t_33",15.7186,0.1754904,"temp_4"
4,"wq4_t_34",17.6337,0.1754904,"temp_4"
4,"wq4_t_35",18.2674,0.1754904,"temp_4"
4,"wq4_t_36",18.9252,0.1754904,"temp_4"
4,"wq4_t_37",20.9,0.1754904,"temp_4"
4,"wq4_t_38",20.9,0.1754904,"temp_4"
4,"wq4_t_39",21.6,0.1754904,"temp_4"
4,"wq4_t_40",20.8,0.1754904,"temp_4"
4,"wq4_t_41",20.7,0.1754904,"temp_4"
4,"wq4_t_42",21.6,0.1754904,"temp_4"
4,"wq4_t_43",21.7,0.1754904,"temp_4"
4,"wq4_t_44",17.7315,0.1754904,"temp_4"
4,"wq4_t_45",22.4,0.1754904,"temp_4"
4,"wq4_t_46",18.9307,0.1754904,"temp_4"
4,"wq4_t_47",20.6,0.1754904,"temp_4"
4,"wq4_t_48",19.4,0.1754904,"temp_4"
4,"wq4_t_49",19.1,0.1754904,"temp_4"
4,"wq4_t_50",19.9,0.1754904,"temp_4"
4,"wq4_t_51",19.6,0.1754904,"temp_4"
4,"wq4_t_52",19.5,0.1754904,"temp_4"
4,"wq4_t_53",19.7,0.1754904,"temp_4"
4,"wq4_t_54",17.3,0.1754904,"temp_4"
4,"wq4_t_55",13.8,0.1754904,"temp_4"
4,"wq4_t_56",13.4,0.1754904,"temp_4"
4,"wq4_t_57",5.8869,0.1754904,"temp_4"
4,"wq4_t_58",6,0.1754904,"temp_4"
4,"wq4_t_59",2.9,0.1754904,"temp_4"
4,"wq4_t_60",5.9,0.1754904,"temp_4"
4,"wq4_t_61",7.2,0.1754904,"temp_4"
4,"wq4_t_62",9.4,0.1754904,"temp_4"
4,"wq4_t_63",8.6759,0.1754904,"temp_4"
4,"wq4_t_64",8.3889,0.1754904,"temp_4"
4,"wq4_t_65",9.2676,0.1754904,"temp_4"
4,"wq4_t_66",9.6818,0.1754904,"temp_4"
4,"wq4_t_67",9.3011,0.1754904,"temp_4"
4,"wq4_t_68",10.1153,0.1754904,"temp_4"
4,"wq4_t_69",10.0026,0.1754904,"temp_4"
4,"wq4_t_70",10.767,0.1754904,"temp_4"
4,"wq4_t_71",10.8503,0.1754904,"temp_4"
4,"wq4_t_72",11.2468,0.1754904,"temp_4"
4,"wq4_t_73",10.7391,0.1754904,"temp_4"
4,"wq4_t_74",13.9,0.1754904,"temp_4"
4,"wq4_t_75",9.8873,0.1754904,"temp_4"
4,"wq4_t_76",10.4925,0.1754904,"temp_4"
4,"wq4_t_77",10.9614,0.1754904,"temp_4"
4,"wq4_t_78",11.0123,0.1754904,"temp_4"
4,"wq4_t_79",10.9423,0.1754904,"temp_4"
4,"wq4_t_80",11.7473,0.1754904,"temp_4"
4,"wq4_t_81",11.8206,0.1754904,"temp_4"
4,"wq4_t_82",11.2865,0.1754904,"temp_4"
4,"wq4_t_83",12.3363,0.1754904,"temp_4"
4,"wq4_t_84",11.9234,0.1754904,"temp_4"
4,"wq4_t_85",11.9344,0.1754904,"temp_4"
4,"wq4_t_86",12.5342,0.1754904,"temp_4"
4,"wq4_t_87",12.2333,0.1754904,"temp_4"
4,"wq4_t_88",12.3326,0.1754904,"temp_4"
4,"wq4_t_89",12.6726,0.1754904,"temp_4"
4,"wq4_t_90",13.1413,0.1754904,"temp_4"
4,"wq4_t_91",13.0874,0.1754904,"temp_4"
4,"wq4_t_92",13.2426,0.1754904,"temp_4"
4,"wq4_t_93",13.4979,0.1754904,"temp_4"
4,"wq4_t_94",14.0782,0.1754904,"temp_4"
4,"wq4_t_95",13.5263,0.1754904,"temp_4"
4,"wq4_t_96",12.8469,0.1754904,"temp_4"
4,"wq4_t_97",14.5314,0.1754904,"temp_4"
4,"wq4_t_98",13.8063,0.1754904,"temp_4"
4,"wq4_t_99",14.6728,0.1754904,"temp_4"
4,"wq4_t_100",18.5,0.1754904,"temp_4"
4,"wq4_t_101",14.398,0.1754904,"temp_4"
4,"wq4_t_102",14.4286,0.1754904,"temp_4"
4,"wq4_t_103",14.7346,0.1754904,"temp_4"
4,"wq4_t_104",15.0275,0.1754904,"temp_4"
4,"wq4_t_105",15.0212,0.1754904,"temp_4"
4,"wq4_t_106",16.2578,0.1754904,"temp_4"
4,"wq4_t_107",16.2103,0.1754904,"temp_4"
4,"wq4_t_108",15.3696,0.1754904,"temp_4"
4,"wq4_t_109",21.6,0.1754904,"temp_4"
4,"wq4_t_110",15.7725,0.1754904,"temp_4"
4,"wq4_t_111",16.5377,0.1754904,"temp_4"
4,"wq4_t_112",21.8,0.1754904,"temp_4"
4,"wq4_t_113",21.1957,0.1754904,"temp_4"
4,"wq4_t_114",21.0497,0.1754904,"temp_4"
4,"wq4_t_115",21.1,0.1754904,"temp_4"
4,"wq4_t_116",20.7827,0.1754904,"temp_4"
4,"wq4_t_117",19.7447,0.1754904,"temp_4"
4,"wq4_t_118",19.5836,0.1754904,"temp_4"
4,"wq4_t_119",19.4689,0.1754904,"temp_4"
4,"wq4_t_120",17,0.1754904,"temp_4"
4,"wq4_t_121",16.9933,0.1754904,"temp_4"
4,"wq4_t_122",15.5326,0.1754904,"temp_4"
4,"wq4_t_123",14.9,0.1754904,"temp_4"
4,"wq4_t_124",14.3432,0.1754904,"temp_4"
4,"wq4_t_125",12.0003,0.1754904,"temp_4"
4,"wq4_t_126",11.7434,0.1754904,"temp_4"
4,"wq4_t_127",12.1001,0.1754904,"temp_4"
4,"wq4_t_128",9.7801,0.1754904,"temp_4"
4,"wq4_t_129",8,0.1754904,"temp_4"
4,"wq4_t_130",8.0577,0.1754904,"temp_4"
4,"wq4_t_131",5.3358,0.1754904,"temp_4"
4,"wq4_t_132",4.5,0.1754904,"temp_4"
4,"wq4_t_133",4.5844,0.1754904,"temp_4"
5,"wq5_t_1",7.1,0.1754904,"temp_5"
5,"wq5_t_2",8.0632,0.1754904,"temp_5"
5,"wq5_t_3",7.9,0.1754904,"temp_5"
5,"wq5_t_4",8.5213,0.1754904,"temp_5"
5,"wq5_t_5",8.2,0.1754904,"temp_5"
5,"wq5_t_6",10.6928,0.1754904,"temp_5"
5,"wq5_t_7",9.5,0.1754904,"temp_5"
5,"wq5_t_8",9.0327,0.1754904,"temp_5"
5,"wq5_t_9",10.3,0.1754904,"temp_5"
5,"wq5_t_10",8.9724,0.1754904,"temp_5"
5,"wq5_t_11",9.3758,0.1754904,"temp_5"
5,"wq5_t_12",9.4,0.1754904,"temp_5"
5,"wq5_t_13",9.5569,0.1754904,"temp_5"
5,"wq5_t_14",9.6964,0.1754904,"temp_5"
5,"wq5_t_15",9.8,0.1754904,"temp_5"
5,"wq5_t_16",9.7849,0.1754904,"temp_5"
5,"wq5_t_17",9.9775,0.1754904,"temp_5"
5,"wq5_t_18",10.2,0.1754904,"temp_5"
5,"wq5_t_19",10.7,0.1754904,"temp_5"
5,"wq5_t_20",10.9,0.1754904,"temp_5"
5,"wq5_t_21",11.3,0.1754904,"temp_5"
5,"wq5_t_22",10.9,0.1754904,"temp_5"
5,"wq5_t_23",15.3,0.1754904,"temp_5"
5,"wq5_t_24",15.3,0.1754904,"temp_5"
5,"wq5_t_25",15.2,0.1754904,"temp_5"
5,"wq5_t_26",14.9,0.1754904,"temp_5"
5,"wq5_t_27",15.1,0.1754904,"temp_5"
5,"wq5_t_28",15.3,0.1754904,"temp_5"
5,"wq5_t_29",15.1,0.1754904,"temp_5"
5,"wq5_t_30",12.8227,0.1754904,"temp_5"
5,"wq5_t_31",13.1168,0.1754904,"temp_5"
5,"wq5_t_32",15.2,0.1754904,"temp_5"
5,"wq5_t_33",13.0406,0.1754904,"temp_5"
5,"wq5_t_34",15.5131,0.1754904,"temp_5"
5,"wq5_t_35",16.3745,0.1754904,"temp_5"
5,"wq5_t_36",17.078,0.1754904,"temp_5"
5,"wq5_t_37",18.9,0.1754904,"temp_5"
5,"wq5_t_38",18.5,0.1754904,"temp_5"
5,"wq5_t_39",18.3,0.1754904,"temp_5"
5,"wq5_t_40",17.9,0.1754904,"temp_5"
5,"wq5_t_41",17.6,0.1754904,"temp_5"
5,"wq5_t_42",17.5,0.1754904,"temp_5"
5,"wq5_t_43",17.8,0.1754904,"temp_5"
5,"wq5_t_44",16.9827,0.1754904,"temp_5"
5,"wq5_t_45",17.5,0.1754904,"temp_5"
5,"wq5_t_46",18.632,0.1754904,"temp_5"
5,"wq5_t_47",17.7,0.1754904,"temp_5"
5,"wq5_t_48",17.5,0.1754904,"temp_5"
5,"wq5_t_49",17.9,0.1754904,"temp_5"
5,"wq5_t_50",17.6,0.1754904,"temp_5"
5,"wq5_t_51",17.7,0.1754904,"temp_5"
5,"wq5_t_52",17.7,0.1754904,"temp_5"
5,"wq5_t_53",18.1,0.1754904,"temp_5"
5,"wq5_t_54",17,0.1754904,"temp_5"
5,"wq5_t_55",13.7,0.1754904,"temp_5"
5,"wq5_t_56",13.3,0.1754904,"temp_5"
5,"wq5_t_57",5.8872,0.1754904,"temp_5"
5,"wq5_t_58",5.9,0.1754904,"temp_5"
5,"wq5_t_59",2.9,0.1754904,"temp_5"
5,"wq5_t_60",5.6,0.1754904,"temp_5"
5,"wq5_t_61",5.8,0.1754904,"temp_5"
5,"wq5_t_62",7,0.1754904,"temp_5"
5,"wq5_t_63",8,0.1754904,"temp_5"
5,"wq5_t_64",7.5213,0.1754904,"temp_5"
5,"wq5_t_65",8.2353,0.1754904,"temp_5"
5,"wq5_t_66",8.4113,0.1754904,"temp_5"
5,"wq5_t_67",8.2838,0.1754904,"temp_5"
5,"wq5_t_68",8.1914,0.1754904,"temp_5"
5,"wq5_t_69",8.7247,0.1754904,"temp_5"
5,"wq5_t_70",8.8285,0.1754904,"temp_5"
5,"wq5_t_71",9.1762,0.1754904,"temp_5"
5,"wq5_t_72",9.3757,0.1754904,"temp_5"
5,"wq5_t_73",9.4214,0.1754904,"temp_5"
5,"wq5_t_74",9.5192,0.1754904,"temp_5"
5,"wq5_t_75",10.8,0.1754904,"temp_5"
5,"wq5_t_76",9.7046,0.1754904,"temp_5"
5,"wq5_t_77",9.9252,0.1754904,"temp_5"
5,"wq5_t_78",10.0198,0.1754904,"temp_5"
5,"wq5_t_79",10.066,0.1754904,"temp_5"
5,"wq5_t_80",10.1873,0.1754904,"temp_5"
5,"wq5_t_81",10.2928,0.1754904,"temp_5"
5,"wq5_t_82",10.446,0.1754904,"temp_5"
5,"wq5_t_83",10.5465,0.1754904,"temp_5"
5,"wq5_t_84",10.7101,0.1754904,"temp_5"
5,"wq5_t_85",10.6849,0.1754904,"temp_5"
5,"wq5_t_86",10.8356,0.1754904,"temp_5"
5,"wq5_t_87",10.9147,0.1754904,"temp_5"
5,"wq5_t_88",10.9828,0.1754904,"temp_5"
5,"wq5_t_89",11.0898,0.1754904,"temp_5"
5,"wq5_t_90",11.1754,0.1754904,"temp_5"
5,"wq5_t_91",11.2763,0.1754904,"temp_5"
5,"wq5_t_92",11.6187,0.1754904,"temp_5"
5,"wq5_t_93",11.5261,0.1754904,"temp_5"
5,"wq5_t_94",11.7926,0.1754904,"temp_5"
5,"wq5_t_95",11.8548,0.1754904,"temp_5"
5,"wq5_t_96",11.9385,0.1754904,"temp_5"
5,"wq5_t_97",11.9402,0.1754904,"temp_5"
5,"wq5_t_98",12.2504,0.1754904,"temp_5"
5,"wq5_t_99",12.1267,0.1754904,"temp_5"
5,"wq5_t_100",12.1768,0.1754904,"temp_5"
5,"wq5_t_101",13.6,0.1754904,"temp_5"
5,"wq5_t_102",12.2288,0.1754904,"temp_5"
5,"wq5_t_103",12.6938,0.1754904,"temp_5"
5,"wq5_t_104",12.4773,0.1754904,"temp_5"
5,"wq5_t_105",12.5633,0.1754904,"temp_5"
5,"wq5_t_106",12.7215,0.1754904,"temp_5"
5,"wq5_t_107",12.8333,0.1754904,"temp_5"
5,"wq5_t_108",12.8623,0.1754904,"temp_5"
5,"wq5_t_109",13.1274,0.1754904,"temp_5"
5,"wq5_t_110",15.5,0.1754904,"temp_5"
5,"wq5_t_111",12.5049,0.1754904,"temp_5"
5,"wq5_t_112",13.1156,0.1754904,"temp_5"
5,"wq5_t_113",19.1,0.1754904,"temp_5"
5,"wq5_t_114",17.4184,0.1754904,"temp_5"
5,"wq5_t_115",18.4301,0.1754904,"temp_5"
5,"wq5_t_116",20,0.1754904,"temp_5"
5,"wq5_t_117",18.7085,0.1754904,"temp_5"
5,"wq5_t_118",18.6563,0.1754904,"temp_5"
5,"wq5_t_119",18.197,0.1754904,"temp_5"
5,"wq5_t_120",18.2405,0.1754904,"temp_5"
5,"wq5_t_121",16.8,0.1754904,"temp_5"
5,"wq5_t_122",16.7872,0.1754904,"temp_5"
5,"wq5_t_123",15.4,0.1754904,"temp_5"
5,"wq5_t_124",14.8,0.1754904,"temp_5"
5,"wq5_t_125",14.278,0.1754904,"temp_5"
5,"wq5_t_126",12.0006,0.1754904,"temp_5"
5,"wq5_t_127",11.7185,0.1754904,"temp_5"
5,"wq5_t_128",12.0418,0.1754904,"temp_5"
5,"wq5_t_129",9.7754,0.1754904,"temp_5"
5,"wq5_t_130",8,0.1754904,"temp_5"
5,"wq5_t_131",8.0247,0.1754904,"temp_5"
5,"wq5_t_132",5.3301,0.1754904,"temp_5"
5,"wq5_t_133",4.5,0.1754904,"temp_5"
5,"wq5_t_134",4.5771,0.1754904,"temp_5"
6,"wq6_t_1",6.9,0.1754904,"temp_6"
6,"wq6_t_2",8.0734,0.1754904,"temp_6"
6,"wq6_t_3",7.8,0.1754904,"temp_6"
6,"wq6_t_4",8.2932,0.1754904,"temp_6"
6,"wq6_t_5",7.8,0.1754904,"temp_6"
6,"wq6_t_6",9.1368,0.1754904,"temp_6"
6,"wq6_t_7",8.5,0.1754904,"temp_6"
6,"wq6_t_8",8.3336,0.1754904,"temp_6"
6,"wq6_t_9",8.9,0.1754904,"temp_6"
6,"wq6_t_10",8.9102,0.1754904,"temp_6"
6,"wq6_t_11",9.351,0.1754904,"temp_6"
6,"wq6_t_12",9.3,0.1754904,"temp_6"
6,"wq6_t_13",9.567,0.1754904,"temp_6"
6,"wq6_t_14",9.6778,0.1754904,"temp_6"
6,"wq6_t_15",9.7,0.1754904,"temp_6"
6,"wq6_t_16",9.779,0.1754904,"temp_6"
6,"wq6_t_17",9.9663,0.1754904,"temp_6"
6,"wq6_t_18",10,0.1754904,"temp_6"
6,"wq6_t_19",10.2,0.1754904,"temp_6"
6,"wq6_t_20",10.5,0.1754904,"temp_6"
6,"wq6_t_21",10.5,0.1754904,"temp_6"
6,"wq6_t_22",10.6,0.1754904,"temp_6"
6,"wq6_t_23",14.5,0.1754904,"temp_6"
6,"wq6_t_24",13.5,0.1754904,"temp_6"
6,"wq6_t_25",13,0.1754904,"temp_6"
6,"wq6_t_26",12,0.1754904,"temp_6"
6,"wq6_t_27",12.3,0.1754904,"temp_6"
6,"wq6_t_28",13,0.1754904,"temp_6"
6,"wq6_t_29",13,0.1754904,"temp_6"
6,"wq6_t_30",12.7361,0.1754904,"temp_6"
6,"wq6_t_31",12.9296,0.1754904,"temp_6"
6,"wq6_t_32",13.4,0.1754904,"temp_6"
6,"wq6_t_33",12.9852,0.1754904,"temp_6"
6,"wq6_t_34",13.0838,0.1754904,"temp_6"
6,"wq6_t_35",13.2291,0.1754904,"temp_6"
6,"wq6_t_36",13.2516,0.1754904,"temp_6"
6,"wq6_t_37",15.1,0.1754904,"temp_6"
6,"wq6_t_38",15,0.1754904,"temp_6"
6,"wq6_t_39",14.5,0.1754904,"temp_6"
6,"wq6_t_40",15,0.1754904,"temp_6"
6,"wq6_t_41",15,0.1754904,"temp_6"
6,"wq6_t_42",15.3,0.1754904,"temp_6"
6,"wq6_t_43",15.3,0.1754904,"temp_6"
6,"wq6_t_44",16.9827,0.1754904,"temp_6"
6,"wq6_t_45",15.3,0.1754904,"temp_6"
6,"wq6_t_46",18.632,0.1754904,"temp_6"
6,"wq6_t_47",15.6,0.1754904,"temp_6"
6,"wq6_t_48",15.6,0.1754904,"temp_6"
6,"wq6_t_49",15.9,0.1754904,"temp_6"
6,"wq6_t_50",15.7,0.1754904,"temp_6"
6,"wq6_t_51",16.2,0.1754904,"temp_6"
6,"wq6_t_52",16.1,0.1754904,"temp_6"
6,"wq6_t_53",16.1,0.1754904,"temp_6"
6,"wq6_t_54",16,0.1754904,"temp_6"
6,"wq6_t_55",13.6,0.1754904,"temp_6"
6,"wq6_t_56",13.3,0.1754904,"temp_6"
6,"wq6_t_57",5.8869,0.1754904,"temp_6"
6,"wq6_t_58",5.9,0.1754904,"temp_6"
6,"wq6_t_59",3.1,0.1754904,"temp_6"
6,"wq6_t_60",5.5,0.1754904,"temp_6"
6,"wq6_t_61",5.7,0.1754904,"temp_6"
6,"wq6_t_62",6.5,0.1754904,"temp_6"
6,"wq6_t_63",7.2,0.1754904,"temp_6"
6,"wq6_t_64",7.186,0.1754904,"temp_6"
6,"wq6_t_65",7.4956,0.1754904,"temp_6"
6,"wq6_t_66",8.0122,0.1754904,"temp_6"
6,"wq6_t_67",8.1558,0.1754904,"temp_6"
6,"wq6_t_68",8.1876,0.1754904,"temp_6"
6,"wq6_t_69",8.5743,0.1754904,"temp_6"
6,"wq6_t_70",8.813,0.1754904,"temp_6"
6,"wq6_t_71",9.1478,0.1754904,"temp_6"
6,"wq6_t_72",9.3341,0.1754904,"temp_6"
6,"wq6_t_73",9.3489,0.1754904,"temp_6"
6,"wq6_t_74",9.5233,0.1754904,"temp_6"
6,"wq6_t_75",9.9,0.1754904,"temp_6"
6,"wq6_t_76",9.6668,0.1754904,"temp_6"
6,"wq6_t_77",9.8907,0.1754904,"temp_6"
6,"wq6_t_78",10.0032,0.1754904,"temp_6"
6,"wq6_t_79",10.0416,0.1754904,"temp_6"
6,"wq6_t_80",10.1557,0.1754904,"temp_6"
6,"wq6_t_81",10.2672,0.1754904,"temp_6"
6,"wq6_t_82",10.4183,0.1754904,"temp_6"
6,"wq6_t_83",10.5288,0.1754904,"temp_6"
6,"wq6_t_84",10.6534,0.1754904,"temp_6"
6,"wq6_t_85",10.6578,0.1754904,"temp_6"
6,"wq6_t_86",10.7826,0.1754904,"temp_6"
6,"wq6_t_87",10.8697,0.1754904,"temp_6"
6,"wq6_t_88",10.9636,0.1754904,"temp_6"
6,"wq6_t_89",11.067,0.1754904,"temp_6"
6,"wq6_t_90",11.1374,0.1754904,"temp_6"
6,"wq6_t_91",11.2514,0.1754904,"temp_6"
6,"wq6_t_92",11.4468,0.1754904,"temp_6"
6,"wq6_t_93",11.5051,0.1754904,"temp_6"
6,"wq6_t_94",11.6998,0.1754904,"temp_6"
6,"wq6_t_95",11.8174,0.1754904,"temp_6"
6,"wq6_t_96",11.9403,0.1754904,"temp_6"
6,"wq6_t_97",11.8849,0.1754904,"temp_6"
6,"wq6_t_98",11.9243,0.1754904,"temp_6"
6,"wq6_t_99",11.9189,0.1754904,"temp_6"
6,"wq6_t_100",11.8504,0.1754904,"temp_6"
6,"wq6_t_101",12.3,0.1754904,"temp_6"
6,"wq6_t_102",12.0343,0.1754904,"temp_6"
6,"wq6_t_103",12.1104,0.1754904,"temp_6"
6,"wq6_t_104",12.0788,0.1754904,"temp_6"
6,"wq6_t_105",12.0887,0.1754904,"temp_6"
6,"wq6_t_106",12.0126,0.1754904,"temp_6"
6,"wq6_t_107",12.0282,0.1754904,"temp_6"
6,"wq6_t_108",12.1025,0.1754904,"temp_6"
6,"wq6_t_109",12.4849,0.1754904,"temp_6"
6,"wq6_t_110",12.8,0.1754904,"temp_6"
6,"wq6_t_111",12.263,0.1754904,"temp_6"
6,"wq6_t_112",12.3071,0.1754904,"temp_6"
6,"wq6_t_113",16.5,0.1754904,"temp_6"
6,"wq6_t_114",15.4742,0.1754904,"temp_6"
6,"wq6_t_115",16.2588,0.1754904,"temp_6"
6,"wq6_t_116",17.7,0.1754904,"temp_6"
6,"wq6_t_117",16.341,0.1754904,"temp_6"
6,"wq6_t_118",16.1534,0.1754904,"temp_6"
6,"wq6_t_119",16.0229,0.1754904,"temp_6"
6,"wq6_t_120",16.0861,0.1754904,"temp_6"
6,"wq6_t_121",16.7,0.1754904,"temp_6"
6,"wq6_t_122",16.3957,0.1754904,"temp_6"
6,"wq6_t_123",15.3407,0.1754904,"temp_6"
6,"wq6_t_124",14.8,0.1754904,"temp_6"
6,"wq6_t_125",14.2302,0.1754904,"temp_6"
6,"wq6_t_126",11.9965,0.1754904,"temp_6"
6,"wq6_t_127",11.6685,0.1754904,"temp_6"
6,"wq6_t_128",11.8227,0.1754904,"temp_6"
6,"wq6_t_129",9.7757,0.1754904,"temp_6"
6,"wq6_t_130",8,0.1754904,"temp_6"
6,"wq6_t_131",8.0096,0.1754904,"temp_6"
6,"wq6_t_132",5.3276,0.1754904,"temp_6"
6,"wq6_t_133",4.5,0.1754904,"temp_6"
6,"wq6_t_134",4.4763,0.1754904,"temp_6"
7,"wq7_t_1",8.0211,0.1754904,"temp_7"
7,"wq7_t_2",7.7588,0.1754904,"temp_7"
7,"wq7_t_3",8.4274,0.1754904,"temp_7"
7,"wq7_t_4",8.15,0.1754904,"temp_7"
7,"wq7_t_5",8.9566,0.1754904,"temp_7"
7,"wq7_t_6",9.3382,0.1754904,"temp_7"
7,"wq7_t_7",9.5404,0.1754904,"temp_7"
7,"wq7_t_8",9.6684,0.1754904,"temp_7"
7,"wq7_t_9",9.7753,0.1754904,"temp_7"
7,"wq7_t_10",9.9595,0.1754904,"temp_7"
7,"wq7_t_11",10.8,0.1754904,"temp_7"
7,"wq7_t_12",11.5,0.1754904,"temp_7"
7,"wq7_t_13",12.7299,0.1754904,"temp_7"
7,"wq7_t_14",12.896,0.1754904,"temp_7"
7,"wq7_t_15",12.9481,0.1754904,"temp_7"
7,"wq7_t_16",13.0311,0.1754904,"temp_7"
7,"wq7_t_17",13.1159,0.1754904,"temp_7"
7,"wq7_t_18",13.2025,0.1754904,"temp_7"
7,"wq7_t_19",16.9827,0.1754904,"temp_7"
7,"wq7_t_20",18.632,0.1754904,"temp_7"
7,"wq7_t_21",5.8721,0.1754904,"temp_7"
7,"wq7_t_22",7.0986,0.1754904,"temp_7"
7,"wq7_t_23",7.3437,0.1754904,"temp_7"
7,"wq7_t_24",7.1671,0.1754904,"temp_7"
7,"wq7_t_25",8.1419,0.1754904,"temp_7"
7,"wq7_t_26",8.1743,0.1754904,"temp_7"
7,"wq7_t_27",8.5465,0.1754904,"temp_7"
7,"wq7_t_28",8.8057,0.1754904,"temp_7"
7,"wq7_t_29",9.1608,0.1754904,"temp_7"
7,"wq7_t_30",9.3337,0.1754904,"temp_7"
7,"wq7_t_31",9.3552,0.1754904,"temp_7"
7,"wq7_t_32",9.5116,0.1754904,"temp_7"
7,"wq7_t_33",9.6626,0.1754904,"temp_7"
7,"wq7_t_34",9.8641,0.1754904,"temp_7"
7,"wq7_t_35",9.9852,0.1754904,"temp_7"
7,"wq7_t_36",10.0311,0.1754904,"temp_7"
7,"wq7_t_37",10.1465,0.1754904,"temp_7"
7,"wq7_t_38",10.2681,0.1754904,"temp_7"
7,"wq7_t_39",10.4097,0.1754904,"temp_7"
7,"wq7_t_40",10.5143,0.1754904,"temp_7"
7,"wq7_t_41",10.6419,0.1754904,"temp_7"
7,"wq7_t_42",10.6472,0.1754904,"temp_7"
7,"wq7_t_43",10.7697,0.1754904,"temp_7"
7,"wq7_t_44",10.8612,0.1754904,"temp_7"
7,"wq7_t_45",10.9397,0.1754904,"temp_7"
7,"wq7_t_46",11.0537,0.1754904,"temp_7"
7,"wq7_t_47",11.1322,0.1754904,"temp_7"
7,"wq7_t_48",11.2508,0.1754904,"temp_7"
7,"wq7_t_49",11.441,0.1754904,"temp_7"
7,"wq7_t_50",11.4985,0.1754904,"temp_7"
7,"wq7_t_51",11.7081,0.1754904,"temp_7"
7,"wq7_t_52",11.8101,0.1754904,"temp_7"
7,"wq7_t_53",11.9149,0.1754904,"temp_7"
7,"wq7_t_54",11.8389,0.1754904,"temp_7"
7,"wq7_t_55",11.8404,0.1754904,"temp_7"
7,"wq7_t_56",11.7527,0.1754904,"temp_7"
7,"wq7_t_57",11.8129,0.1754904,"temp_7"
7,"wq7_t_58",12.1,0.1754904,"temp_7"
7,"wq7_t_59",12.0246,0.1754904,"temp_7"
7,"wq7_t_60",11.9949,0.1754904,"temp_7"
7,"wq7_t_61",11.9617,0.1754904,"temp_7"
7,"wq7_t_62",11.9176,0.1754904,"temp_7"
7,"wq7_t_63",11.907,0.1754904,"temp_7"
7,"wq7_t_64",11.9807,0.1754904,"temp_7"
7,"wq7_t_65",11.9944,0.1754904,"temp_7"
7,"wq7_t_66",12.4849,0.1754904,"temp_7"
7,"wq7_t_67",12.273,0.1754904,"temp_7"
7,"wq7_t_68",12.255,0.1754904,"temp_7"
7,"wq7_t_69",13.8652,0.1754904,"temp_7"
7,"wq7_t_70",14.8175,0.1754904,"temp_7"
7,"wq7_t_71",14.8888,0.1754904,"temp_7"
7,"wq7_t_72",14.7027,0.1754904,"temp_7"
7,"wq7_t_73",14.5311,0.1754904,"temp_7"
7,"wq7_t_74",14.6983,0.1754904,"temp_7"
7,"wq7_t_75",14.7128,0.1754904,"temp_7"
7,"wq7_t_76",15.1936,0.1754904,"temp_7"
7,"wq7_t_77",14.8,0.1754904,"temp_7"
7,"wq7_t_78",14.0459,0.1754904,"temp_7"
7,"wq7_t_79",11.989,0.1754904,"temp_7"
7,"wq7_t_80",11.6367,0.1754904,"temp_7"
7,"wq7_t_81",11.7405,0.1754904,"temp_7"
7,"wq7_t_82",9.7759,0.1754904,"temp_7"
7,"wq7_t_83",7.9956,0.1754904,"temp_7"
7,"wq7_t_84",5.3268,0.1754904,"temp_7"
7,"wq7_t_85",4.4676,0.1754904,"temp_7"
8,"wq8_t_1",6.6,0.1754904,"temp_8"
8,"wq8_t_2",7.9196,0.1754904,"temp_8"
8,"wq8_t_3",7.6,0.1754904,"temp_8"
8,"wq8_t_4",7.3781,0.1754904,"temp_8"
8,"wq8_t_5",5.1,0.1754904,"temp_8"
8,"wq8_t_6",8.3368,0.1754904,"temp_8"
8,"wq8_t_7",8.1,0.1754904,"temp_8"
8,"wq8_t_8",8.0752,0.1754904,"temp_8"
8,"wq8_t_9",8.3,0.1754904,"temp_8"
8,"wq8_t_10",8.9704,0.1754904,"temp_8"
8,"wq8_t_11",9.3325,0.1754904,"temp_8"
8,"wq8_t_12",9.3,0.1754904,"temp_8"
8,"wq8_t_13",9.5348,0.1754904,"temp_8"
8,"wq8_t_14",9.6652,0.1754904,"temp_8"
8,"wq8_t_15",9.7,0.1754904,"temp_8"
8,"wq8_t_16",9.7712,0.1754904,"temp_8"
8,"wq8_t_17",9.9554,0.1754904,"temp_8"
8,"wq8_t_18",9.9,0.1754904,"temp_8"
8,"wq8_t_19",10.1,0.1754904,"temp_8"
8,"wq8_t_20",10.2,0.1754904,"temp_8"
8,"wq8_t_21",10.3,0.1754904,"temp_8"
8,"wq8_t_22",10.5,0.1754904,"temp_8"
8,"wq8_t_23",10.9,0.1754904,"temp_8"
8,"wq8_t_24",11,0.1754904,"temp_8"
8,"wq8_t_25",11.4,0.1754904,"temp_8"
8,"wq8_t_26",11.6,0.1754904,"temp_8"
8,"wq8_t_27",11.9,0.1754904,"temp_8"
8,"wq8_t_28",12.5,0.1754904,"temp_8"
8,"wq8_t_29",12.7,0.1754904,"temp_8"
8,"wq8_t_30",12.723,0.1754904,"temp_8"
8,"wq8_t_31",12.8954,0.1754904,"temp_8"
8,"wq8_t_32",12.9,0.1754904,"temp_8"
8,"wq8_t_33",12.9478,0.1754904,"temp_8"
8,"wq8_t_34",13.0294,0.1754904,"temp_8"
8,"wq8_t_35",13.1205,0.1754904,"temp_8"
8,"wq8_t_36",13.1937,0.1754904,"temp_8"
8,"wq8_t_37",13.3,0.1754904,"temp_8"
8,"wq8_t_38",14.8,0.1754904,"temp_8"
8,"wq8_t_39",14.2,0.1754904,"temp_8"
8,"wq8_t_40",14.4,0.1754904,"temp_8"
8,"wq8_t_41",14.7,0.1754904,"temp_8"
8,"wq8_t_42",15,0.1754904,"temp_8"
8,"wq8_t_43",15.1,0.1754904,"temp_8"
8,"wq8_t_44",16.9827,0.1754904,"temp_8"
8,"wq8_t_45",15.1,0.1754904,"temp_8"
8,"wq8_t_46",18.632,0.1754904,"temp_8"
8,"wq8_t_47",15.3,0.1754904,"temp_8"
8,"wq8_t_48",15.3,0.1754904,"temp_8"
8,"wq8_t_49",15.5,0.1754904,"temp_8"
8,"wq8_t_50",15.5,0.1754904,"temp_8"
8,"wq8_t_51",15.8,0.1754904,"temp_8"
8,"wq8_t_52",15.8,0.1754904,"temp_8"
8,"wq8_t_53",15.9,0.1754904,"temp_8"
8,"wq8_t_54",12.4,0.1754904,"temp_8"
8,"wq8_t_55",13.6,0.1754904,"temp_8"
8,"wq8_t_56",13.3,0.1754904,"temp_8"
8,"wq8_t_57",5.8736,0.1754904,"temp_8"
8,"wq8_t_58",5.9,0.1754904,"temp_8"
8,"wq8_t_59",3.2,0.1754904,"temp_8"
8,"wq8_t_60",5.7,0.1754904,"temp_8"
8,"wq8_t_61",6.3,0.1754904,"temp_8"
8,"wq8_t_62",6.7,0.1754904,"temp_8"
8,"wq8_t_63",7.0108,0.1754904,"temp_8"
8,"wq8_t_64",7.1058,0.1754904,"temp_8"
8,"wq8_t_65",7.1701,0.1754904,"temp_8"
8,"wq8_t_66",8.1402,0.1754904,"temp_8"
8,"wq8_t_67",8.1709,0.1754904,"temp_8"
8,"wq8_t_68",8.5393,0.1754904,"temp_8"
8,"wq8_t_69",8.811,0.1754904,"temp_8"
8,"wq8_t_70",9.1173,0.1754904,"temp_8"
8,"wq8_t_71",9.3245,0.1754904,"temp_8"
8,"wq8_t_72",9.3362,0.1754904,"temp_8"
8,"wq8_t_73",9.5081,0.1754904,"temp_8"
8,"wq8_t_74",9.7,0.1754904,"temp_8"
8,"wq8_t_75",9.6576,0.1754904,"temp_8"
8,"wq8_t_76",9.8412,0.1754904,"temp_8"
8,"wq8_t_77",9.9763,0.1754904,"temp_8"
8,"wq8_t_78",10.0187,0.1754904,"temp_8"
8,"wq8_t_79",10.1491,0.1754904,"temp_8"
8,"wq8_t_80",10.2547,0.1754904,"temp_8"
8,"wq8_t_81",10.3974,0.1754904,"temp_8"
8,"wq8_t_82",10.5067,0.1754904,"temp_8"
8,"wq8_t_83",10.6374,0.1754904,"temp_8"
8,"wq8_t_84",10.6371,0.1754904,"temp_8"
8,"wq8_t_85",10.7619,0.1754904,"temp_8"
8,"wq8_t_86",10.8568,0.1754904,"temp_8"
8,"wq8_t_87",10.9347,0.1754904,"temp_8"
8,"wq8_t_88",11.0488,0.1754904,"temp_8"
8,"wq8_t_89",11.1226,0.1754904,"temp_8"
8,"wq8_t_90",11.2456,0.1754904,"temp_8"
8,"wq8_t_91",11.4284,0.1754904,"temp_8"
8,"wq8_t_92",11.4922,0.1754904,"temp_8"
8,"wq8_t_93",11.7081,0.1754904,"temp_8"
8,"wq8_t_94",11.8019,0.1754904,"temp_8"
8,"wq8_t_95",11.9273,0.1754904,"temp_8"
8,"wq8_t_96",11.769,0.1754904,"temp_8"
8,"wq8_t_97",11.7922,0.1754904,"temp_8"
8,"wq8_t_98",11.7977,0.1754904,"temp_8"
8,"wq8_t_99",11.8059,0.1754904,"temp_8"
8,"wq8_t_100",12,0.1754904,"temp_8"
8,"wq8_t_101",11.966,0.1754904,"temp_8"
8,"wq8_t_102",11.9332,0.1754904,"temp_8"
8,"wq8_t_103",11.9482,0.1754904,"temp_8"
8,"wq8_t_104",11.9384,0.1754904,"temp_8"
8,"wq8_t_105",11.8437,0.1754904,"temp_8"
8,"wq8_t_106",11.959,0.1754904,"temp_8"
8,"wq8_t_107",11.9719,0.1754904,"temp_8"
8,"wq8_t_108",12.4849,0.1754904,"temp_8"
8,"wq8_t_109",12.3,0.1754904,"temp_8"
8,"wq8_t_110",12.2574,0.1754904,"temp_8"
8,"wq8_t_111",12.2276,0.1754904,"temp_8"
8,"wq8_t_112",14.1,0.1754904,"temp_8"
8,"wq8_t_113",13.457,0.1754904,"temp_8"
8,"wq8_t_114",13.9144,0.1754904,"temp_8"
8,"wq8_t_115",14.6,0.1754904,"temp_8"
8,"wq8_t_116",13.946,0.1754904,"temp_8"
8,"wq8_t_117",13.8051,0.1754904,"temp_8"
8,"wq8_t_118",13.7411,0.1754904,"temp_8"
8,"wq8_t_119",13.6523,0.1754904,"temp_8"
8,"wq8_t_120",14.7,0.1754904,"temp_8"
8,"wq8_t_121",13.7387,0.1754904,"temp_8"
8,"wq8_t_122",13.6846,0.1754904,"temp_8"
8,"wq8_t_123",14.7,0.1754904,"temp_8"
8,"wq8_t_124",14.0077,0.1754904,"temp_8"
8,"wq8_t_125",11.9797,0.1754904,"temp_8"
8,"wq8_t_126",11.6113,0.1754904,"temp_8"
8,"wq8_t_127",11.7238,0.1754904,"temp_8"
8,"wq8_t_128",9.7775,0.1754904,"temp_8"
8,"wq8_t_129",7.9,0.1754904,"temp_8"
8,"wq8_t_130",7.9738,0.1754904,"temp_8"
8,"wq8_t_131",5.315,0.1754904,"temp_8"
8,"wq8_t_132",4.5,0.1754904,"temp_8"
8,"wq8_t_133",4.4212,0.1754904,"temp_8"
9,"wq9_t_1",6.5,0.1754904,"temp_9"
9,"wq9_t_2",7.9164,0.1754904,"temp_9"
9,"wq9_t_3",7.5,0.1754904,"temp_9"
9,"wq9_t_4",7.0476,0.1754904,"temp_9"
9,"wq9_t_5",6.8,0.1754904,"temp_9"
9,"wq9_t_6",8.0856,0.1754904,"temp_9"
9,"wq9_t_7",7.8,0.1754904,"temp_9"
9,"wq9_t_8",8.0094,0.1754904,"temp_9"
9,"wq9_t_9",8.1,0.1754904,"temp_9"
9,"wq9_t_10",8.9402,0.1754904,"temp_9"
9,"wq9_t_11",9.3285,0.1754904,"temp_9"
9,"wq9_t_12",9.3,0.1754904,"temp_9"
9,"wq9_t_13",9.5336,0.1754904,"temp_9"
9,"wq9_t_14",9.6664,0.1754904,"temp_9"
9,"wq9_t_15",9.6,0.1754904,"temp_9"
9,"wq9_t_16",9.7689,0.1754904,"temp_9"
9,"wq9_t_17",9.9756,0.1754904,"temp_9"
9,"wq9_t_18",9.9,0.1754904,"temp_9"
9,"wq9_t_19",10,0.1754904,"temp_9"
9,"wq9_t_20",10.2,0.1754904,"temp_9"
9,"wq9_t_21",10.3,0.1754904,"temp_9"
9,"wq9_t_22",10.5,0.1754904,"temp_9"
9,"wq9_t_23",10.7,0.1754904,"temp_9"
9,"wq9_t_24",10.9,0.1754904,"temp_9"
9,"wq9_t_25",11.3,0.1754904,"temp_9"
9,"wq9_t_26",11.5,0.1754904,"temp_9"
9,"wq9_t_27",11.8,0.1754904,"temp_9"
9,"wq9_t_28",12.4,0.1754904,"temp_9"
9,"wq9_t_29",12.6,0.1754904,"temp_9"
9,"wq9_t_30",12.7255,0.1754904,"temp_9"
9,"wq9_t_31",12.8766,0.1754904,"temp_9"
9,"wq9_t_32",12.8,0.1754904,"temp_9"
9,"wq9_t_33",12.9457,0.1754904,"temp_9"
9,"wq9_t_34",13.0223,0.1754904,"temp_9"
9,"wq9_t_35",13.1013,0.1754904,"temp_9"
9,"wq9_t_36",13.1899,0.1754904,"temp_9"
9,"wq9_t_37",13.2,0.1754904,"temp_9"
9,"wq9_t_38",13.8,0.1754904,"temp_9"
9,"wq9_t_39",14.1,0.1754904,"temp_9"
9,"wq9_t_40",14.3,0.1754904,"temp_9"
9,"wq9_t_41",14.6,0.1754904,"temp_9"
9,"wq9_t_42",14.8,0.1754904,"temp_9"
9,"wq9_t_43",15,0.1754904,"temp_9"
9,"wq9_t_44",16.9827,0.1754904,"temp_9"
9,"wq9_t_45",15.1,0.1754904,"temp_9"
9,"wq9_t_46",18.632,0.1754904,"temp_9"
9,"wq9_t_47",15.2,0.1754904,"temp_9"
9,"wq9_t_48",15.3,0.1754904,"temp_9"
9,"wq9_t_49",15.4,0.1754904,"temp_9"
9,"wq9_t_50",15.5,0.1754904,"temp_9"
9,"wq9_t_51",15.7,0.1754904,"temp_9"
9,"wq9_t_52",15.8,0.1754904,"temp_9"
9,"wq9_t_53",15.8,0.1754904,"temp_9"
9,"wq9_t_54",12.3,0.1754904,"temp_9"
9,"wq9_t_55",13.6,0.1754904,"temp_9"
9,"wq9_t_56",13.3,0.1754904,"temp_9"
9,"wq9_t_57",5.8721,0.1754904,"temp_9"
9,"wq9_t_58",5.8,0.1754904,"temp_9"
9,"wq9_t_59",3.2,0.1754904,"temp_9"
9,"wq9_t_60",5.1,0.1754904,"temp_9"
9,"wq9_t_61",5.6,0.1754904,"temp_9"
9,"wq9_t_62",6.2,0.1754904,"temp_9"
9,"wq9_t_63",6.6,0.1754904,"temp_9"
9,"wq9_t_64",6.9276,0.1754904,"temp_9"
9,"wq9_t_65",7.0848,0.1754904,"temp_9"
9,"wq9_t_66",7.0808,0.1754904,"temp_9"
9,"wq9_t_67",8.1391,0.1754904,"temp_9"
9,"wq9_t_68",8.171,0.1754904,"temp_9"
9,"wq9_t_69",8.5287,0.1754904,"temp_9"
9,"wq9_t_70",8.8068,0.1754904,"temp_9"
9,"wq9_t_71",9.1063,0.1754904,"temp_9"
9,"wq9_t_72",9.3224,0.1754904,"temp_9"
9,"wq9_t_73",9.3321,0.1754904,"temp_9"
9,"wq9_t_74",9.501,0.1754904,"temp_9"
9,"wq9_t_75",9.6,0.1754904,"temp_9"
9,"wq9_t_76",9.6577,0.1754904,"temp_9"
9,"wq9_t_77",9.786,0.1754904,"temp_9"
9,"wq9_t_78",9.9673,0.1754904,"temp_9"
9,"wq9_t_79",10.0039,0.1754904,"temp_9"
9,"wq9_t_80",10.1344,0.1754904,"temp_9"
9,"wq9_t_81",10.2495,0.1754904,"temp_9"
9,"wq9_t_82",10.3943,0.1754904,"temp_9"
9,"wq9_t_83",10.4999,0.1754904,"temp_9"
9,"wq9_t_84",10.6298,0.1754904,"temp_9"
9,"wq9_t_85",10.6338,0.1754904,"temp_9"
9,"wq9_t_86",10.7562,0.1754904,"temp_9"
9,"wq9_t_87",10.8517,0.1754904,"temp_9"
9,"wq9_t_88",10.9393,0.1754904,"temp_9"
9,"wq9_t_89",11.0438,0.1754904,"temp_9"
9,"wq9_t_90",11.1156,0.1754904,"temp_9"
9,"wq9_t_91",11.2399,0.1754904,"temp_9"
9,"wq9_t_92",11.4164,0.1754904,"temp_9"
9,"wq9_t_93",11.4887,0.1754904,"temp_9"
9,"wq9_t_94",11.7081,0.1754904,"temp_9"
9,"wq9_t_95",11.8012,0.1754904,"temp_9"
9,"wq9_t_96",11.9169,0.1754904,"temp_9"
9,"wq9_t_97",11.6836,0.1754904,"temp_9"
9,"wq9_t_98",11.6471,0.1754904,"temp_9"
9,"wq9_t_99",11.5729,0.1754904,"temp_9"
9,"wq9_t_100",11.8044,0.1754904,"temp_9"
9,"wq9_t_101",12,0.1754904,"temp_9"
9,"wq9_t_102",11.9201,0.1754904,"temp_9"
9,"wq9_t_103",11.9162,0.1754904,"temp_9"
9,"wq9_t_104",11.7712,0.1754904,"temp_9"
9,"wq9_t_105",11.7638,0.1754904,"temp_9"
9,"wq9_t_106",11.7345,0.1754904,"temp_9"
9,"wq9_t_107",11.8747,0.1754904,"temp_9"
9,"wq9_t_108",11.9602,0.1754904,"temp_9"
9,"wq9_t_109",12.4849,0.1754904,"temp_9"
9,"wq9_t_110",12.2,0.1754904,"temp_9"
9,"wq9_t_111",12.2505,0.1754904,"temp_9"
9,"wq9_t_112",12.1695,0.1754904,"temp_9"
9,"wq9_t_113",13.3,0.1754904,"temp_9"
9,"wq9_t_114",13.0473,0.1754904,"temp_9"
9,"wq9_t_115",13.3754,0.1754904,"temp_9"
9,"wq9_t_116",13.9,0.1754904,"temp_9"
9,"wq9_t_117",13.3283,0.1754904,"temp_9"
9,"wq9_t_118",13.1904,0.1754904,"temp_9"
9,"wq9_t_119",13.1556,0.1754904,"temp_9"
9,"wq9_t_120",13.0627,0.1754904,"temp_9"
9,"wq9_t_121",13.8,0.1754904,"temp_9"
9,"wq9_t_122",13.1973,0.1754904,"temp_9"
9,"wq9_t_123",13.0269,0.1754904,"temp_9"
9,"wq9_t_124",13.4,0.1754904,"temp_9"
9,"wq9_t_125",12.9634,0.1754904,"temp_9"
9,"wq9_t_126",11.969,0.1754904,"temp_9"
9,"wq9_t_127",11.5838,0.1754904,"temp_9"
9,"wq9_t_128",11.714,0.1754904,"temp_9"
9,"wq9_t_129",9.6542,0.1754904,"temp_9"
9,"wq9_t_130",7.9,0.1754904,"temp_9"
9,"wq9_t_131",7.9741,0.1754904,"temp_9"
9,"wq9_t_132",5.3108,0.1754904,"temp_9"
9,"wq9_t_133",4.4,0.1754904,"temp_9"
9,"wq9_t_134",4.3914,0.1754904,"temp_9"
9.2,"wq9.2_t_1",6.5,0.1754904,"temp_9.2"
9.2,"wq9.2_t_2",7.9143,0.1754904,"temp_9.2"
9.2,"wq9.2_t_3",7.5,0.1754904,"temp_9.2"
9.2,"wq9.2_t_4",7.0409,0.1754904,"temp_9.2"
9.2,"wq9.2_t_5",6.8,0.1754904,"temp_9.2"
9.2,"wq9.2_t_6",8.0262,0.1754904,"temp_9.2"
9.2,"wq9.2_t_7",7.8,0.1754904,"temp_9.2"
9.2,"wq9.2_t_8",8.0004,0.1754904,"temp_9.2"
9.2,"wq9.2_t_9",8.1,0.1754904,"temp_9.2"
9.2,"wq9.2_t_10",8.9413,0.1754904,"temp_9.2"
9.2,"wq9.2_t_11",9.3533,0.1754904,"temp_9.2"
9.2,"wq9.2_t_12",9.3,0.1754904,"temp_9.2"
9.2,"wq9.2_t_13",9.5331,0.1754904,"temp_9.2"
9.2,"wq9.2_t_14",9.6671,0.1754904,"temp_9.2"
9.2,"wq9.2_t_15",9.6,0.1754904,"temp_9.2"
9.2,"wq9.2_t_16",9.7672,0.1754904,"temp_9.2"
9.2,"wq9.2_t_17",9.9536,0.1754904,"temp_9.2"
9.2,"wq9.2_t_18",9.9,0.1754904,"temp_9.2"
9.2,"wq9.2_t_19",10,0.1754904,"temp_9.2"
9.2,"wq9.2_t_20",10.2,0.1754904,"temp_9.2"
9.2,"wq9.2_t_21",10.3,0.1754904,"temp_9.2"
9.2,"wq9.2_t_22",10.5,0.1754904,"temp_9.2"
9.2,"wq9.2_t_23",10.7,0.1754904,"temp_9.2"
9.2,"wq9.2_t_24",10.9,0.1754904,"temp_9.2"
9.2,"wq9.2_t_25",11.3,0.1754904,"temp_9.2"
9.2,"wq9.2_t_26",11.5,0.1754904,"temp_9.2"
9.2,"wq9.2_t_27",11.8,0.1754904,"temp_9.2"
9.2,"wq9.2_t_28",12.4,0.1754904,"temp_9.2"
9.2,"wq9.2_t_29",12.6,0.1754904,"temp_9.2"
9.2,"wq9.2_t_30",12.7221,0.1754904,"temp_9.2"
9.2,"wq9.2_t_31",12.8747,0.1754904,"temp_9.2"
9.2,"wq9.2_t_32",12.8,0.1754904,"temp_9.2"
9.2,"wq9.2_t_33",12.9703,0.1754904,"temp_9.2"
9.2,"wq9.2_t_34",13.0193,0.1754904,"temp_9.2"
9.2,"wq9.2_t_35",13.0952,0.1754904,"temp_9.2"
9.2,"wq9.2_t_36",13.1884,0.1754904,"temp_9.2"
9.2,"wq9.2_t_37",13.2,0.1754904,"temp_9.2"
9.2,"wq9.2_t_38",13.8,0.1754904,"temp_9.2"
9.2,"wq9.2_t_39",14.1,0.1754904,"temp_9.2"
9.2,"wq9.2_t_40",14.3,0.1754904,"temp_9.2"
9.2,"wq9.2_t_41",14.6,0.1754904,"temp_9.2"
9.2,"wq9.2_t_42",14.8,0.1754904,"temp_9.2"
9.2,"wq9.2_t_43",15,0.1754904,"temp_9.2"
9.2,"wq9.2_t_44",16.9827,0.1754904,"temp_9.2"
9.2,"wq9.2_t_45",15.1,0.1754904,"temp_9.2"
9.2,"wq9.2_t_46",18.632,0.1754904,"temp_9.2"
9.2,"wq9.2_t_47",15.2,0.1754904,"temp_9.2"
9.2,"wq9.2_t_48",15.3,0.1754904,"temp_9.2"
9.2,"wq9.2_t_49",15.4,0.1754904,"temp_9.2"
9.2,"wq9.2_t_50",15.5,0.1754904,"temp_9.2"
9.2,"wq9.2_t_51",15.7,0.1754904,"temp_9.2"
9.2,"wq9.2_t_52",15.8,0.1754904,"temp_9.2"
9.2,"wq9.2_t_53",15.8,0.1754904,"temp_9.2"
9.2,"wq9.2_t_54",12.3,0.1754904,"temp_9.2"
9.2,"wq9.2_t_55",13.6,0.1754904,"temp_9.2"
9.2,"wq9.2_t_56",13.3,0.1754904,"temp_9.2"
9.2,"wq9.2_t_57",5.8736,0.1754904,"temp_9.2"
9.2,"wq9.2_t_58",5.8,0.1754904,"temp_9.2"
9.2,"wq9.2_t_59",3.2,0.1754904,"temp_9.2"
9.2,"wq9.2_t_60",5.1,0.1754904,"temp_9.2"
9.2,"wq9.2_t_61",5.6,0.1754904,"temp_9.2"
9.2,"wq9.2_t_62",6.2,0.1754904,"temp_9.2"
9.2,"wq9.2_t_63",6.6,0.1754904,"temp_9.2"
9.2,"wq9.2_t_64",6.9252,0.1754904,"temp_9.2"
9.2,"wq9.2_t_65",7.0453,0.1754904,"temp_9.2"
9.2,"wq9.2_t_66",7.071,0.1754904,"temp_9.2"
9.2,"wq9.2_t_67",8.1399,0.1754904,"temp_9.2"
9.2,"wq9.2_t_68",8.1711,0.1754904,"temp_9.2"
9.2,"wq9.2_t_69",8.5244,0.1754904,"temp_9.2"
9.2,"wq9.2_t_70",8.8081,0.1754904,"temp_9.2"
9.2,"wq9.2_t_71",9.1077,0.1754904,"temp_9.2"
9.2,"wq9.2_t_72",9.3224,0.1754904,"temp_9.2"
9.2,"wq9.2_t_73",9.3316,0.1754904,"temp_9.2"
9.2,"wq9.2_t_74",9.5007,0.1754904,"temp_9.2"
9.2,"wq9.2_t_75",9.6,0.1754904,"temp_9.2"
9.2,"wq9.2_t_76",9.6494,0.1754904,"temp_9.2"
9.2,"wq9.2_t_77",9.7672,0.1754904,"temp_9.2"
9.2,"wq9.2_t_78",9.9658,0.1754904,"temp_9.2"
9.2,"wq9.2_t_79",10.0043,0.1754904,"temp_9.2"
9.2,"wq9.2_t_80",10.132,0.1754904,"temp_9.2"
9.2,"wq9.2_t_81",10.2494,0.1754904,"temp_9.2"
9.2,"wq9.2_t_82",10.3928,0.1754904,"temp_9.2"
9.2,"wq9.2_t_83",10.4964,0.1754904,"temp_9.2"
9.2,"wq9.2_t_84",10.6306,0.1754904,"temp_9.2"
9.2,"wq9.2_t_85",10.6402,0.1754904,"temp_9.2"
9.2,"wq9.2_t_86",10.7551,0.1754904,"temp_9.2"
9.2,"wq9.2_t_87",10.8532,0.1754904,"temp_9.2"
9.2,"wq9.2_t_88",10.9293,0.1754904,"temp_9.2"
9.2,"wq9.2_t_89",11.0335,0.1754904,"temp_9.2"
9.2,"wq9.2_t_90",11.1156,0.1754904,"temp_9.2"
9.2,"wq9.2_t_91",11.2374,0.1754904,"temp_9.2"
9.2,"wq9.2_t_92",11.4163,0.1754904,"temp_9.2"
9.2,"wq9.2_t_93",11.4889,0.1754904,"temp_9.2"
9.2,"wq9.2_t_94",11.7081,0.1754904,"temp_9.2"
9.2,"wq9.2_t_95",11.7983,0.1754904,"temp_9.2"
9.2,"wq9.2_t_96",11.9123,0.1754904,"temp_9.2"
9.2,"wq9.2_t_97",11.6675,0.1754904,"temp_9.2"
9.2,"wq9.2_t_98",11.694,0.1754904,"temp_9.2"
9.2,"wq9.2_t_99",11.7885,0.1754904,"temp_9.2"
9.2,"wq9.2_t_100",11.8018,0.1754904,"temp_9.2"
9.2,"wq9.2_t_101",12,0.1754904,"temp_9.2"
9.2,"wq9.2_t_102",11.8724,0.1754904,"temp_9.2"
9.2,"wq9.2_t_103",11.8425,0.1754904,"temp_9.2"
9.2,"wq9.2_t_104",11.7359,0.1754904,"temp_9.2"
9.2,"wq9.2_t_105",11.7267,0.1754904,"temp_9.2"
9.2,"wq9.2_t_106",11.6988,0.1754904,"temp_9.2"
9.2,"wq9.2_t_107",11.9416,0.1754904,"temp_9.2"
9.2,"wq9.2_t_108",11.957,0.1754904,"temp_9.2"
9.2,"wq9.2_t_109",12.4849,0.1754904,"temp_9.2"
9.2,"wq9.2_t_110",12.2,0.1754904,"temp_9.2"
9.2,"wq9.2_t_111",12.2489,0.1754904,"temp_9.2"
9.2,"wq9.2_t_112",12.1712,0.1754904,"temp_9.2"
9.2,"wq9.2_t_113",13.3,0.1754904,"temp_9.2"
9.2,"wq9.2_t_114",12.9026,0.1754904,"temp_9.2"
9.2,"wq9.2_t_115",13.1795,0.1754904,"temp_9.2"
9.2,"wq9.2_t_116",13.9,0.1754904,"temp_9.2"
9.2,"wq9.2_t_117",13.0637,0.1754904,"temp_9.2"
9.2,"wq9.2_t_118",13.0143,0.1754904,"temp_9.2"
9.2,"wq9.2_t_119",13.1345,0.1754904,"temp_9.2"
9.2,"wq9.2_t_120",12.9274,0.1754904,"temp_9.2"
9.2,"wq9.2_t_121",13.8,0.1754904,"temp_9.2"
9.2,"wq9.2_t_122",13.0267,0.1754904,"temp_9.2"
9.2,"wq9.2_t_123",12.9678,0.1754904,"temp_9.2"
9.2,"wq9.2_t_124",13.4,0.1754904,"temp_9.2"
9.2,"wq9.2_t_125",12.9014,0.1754904,"temp_9.2"
9.2,"wq9.2_t_126",11.9695,0.1754904,"temp_9.2"
9.2,"wq9.2_t_127",11.5791,0.1754904,"temp_9.2"
9.2,"wq9.2_t_128",11.7125,0.1754904,"temp_9.2"
9.2,"wq9.2_t_129",9.6778,0.1754904,"temp_9.2"
9.2,"wq9.2_t_130",7.9,0.1754904,"temp_9.2"
9.2,"wq9.2_t_131",7.9762,0.1754904,"temp_9.2"
9.2,"wq9.2_t_132",5.3187,0.1754904,"temp_9.2"
9.2,"wq9.2_t_133",4.4,0.1754904,"temp_9.2"
9.2,"wq9.2_t_134",4.3833,0.1754904,"temp_9.2"
