"Depth","ID","CAR_ch4","weight","obs_group"
0.1,"wq0.1_ch4_1",0.233445823,0.06837588,"ch4_0.1"
0.1,"wq0.1_ch4_2",0.079866882,0.06837588,"ch4_0.1"
0.1,"wq0.1_ch4_3",0.093850667,0.06837588,"ch4_0.1"
0.1,"wq0.1_ch4_4",0.079534296,0.06837588,"ch4_0.1"
0.1,"wq0.1_ch4_5",0.085018689,0.06837588,"ch4_0.1"
0.1,"wq0.1_ch4_6",0.10857854,0.06837588,"ch4_0.1"
0.1,"wq0.1_ch4_7",0.16873124,0.06837588,"ch4_0.1"
0.1,"wq0.1_ch4_8",0.248115212,0.06837588,"ch4_0.1"
0.1,"wq0.1_ch4_9",0.209729393,0.06837588,"ch4_0.1"
0.1,"wq0.1_ch4_10",0.238865608,0.06837588,"ch4_0.1"
0.1,"wq0.1_ch4_11",0.166191413,0.06837588,"ch4_0.1"
0.1,"wq0.1_ch4_12",0.310048821,0.06837588,"ch4_0.1"
0.1,"wq0.1_ch4_13",0.21481927,0.06837588,"ch4_0.1"
0.1,"wq0.1_ch4_14",0.290172945,0.06837588,"ch4_0.1"
0.1,"wq0.1_ch4_15",0.213743026,0.06837588,"ch4_0.1"
0.1,"wq0.1_ch4_16",0.193386004,0.06837588,"ch4_0.1"
0.1,"wq0.1_ch4_17",0.168583948,0.06837588,"ch4_0.1"
0.1,"wq0.1_ch4_18",0.326536971,0.06837588,"ch4_0.1"
0.1,"wq0.1_ch4_19",0.288247111,0.06837588,"ch4_0.1"
0.1,"wq0.1_ch4_20",0.285217408,0.06837588,"ch4_0.1"
0.1,"wq0.1_ch4_21",0.310589238,0.06837588,"ch4_0.1"
0.1,"wq0.1_ch4_22",0.215896677,0.06837588,"ch4_0.1"
0.1,"wq0.1_ch4_23",0.323611683,0.06837588,"ch4_0.1"
0.1,"wq0.1_ch4_24",0.294574395,0.06837588,"ch4_0.1"
0.1,"wq0.1_ch4_25",0.257945033,0.06837588,"ch4_0.1"
0.1,"wq0.1_ch4_26",0.397465193,0.06837588,"ch4_0.1"
0.1,"wq0.1_ch4_27",0.154686049,0.06837588,"ch4_0.1"
0.1,"wq0.1_ch4_28",0.148045042,0.06837588,"ch4_0.1"
0.1,"wq0.1_ch4_29",0.099507073,0.06837588,"ch4_0.1"
0.1,"wq0.1_ch4_30",0.044500067,0.06837588,"ch4_0.1"
0.1,"wq0.1_ch4_31",0.107967505,0.06837588,"ch4_0.1"
0.1,"wq0.1_ch4_32",0.141533268,0.06837588,"ch4_0.1"
0.1,"wq0.1_ch4_33",0.102476141,0.06837588,"ch4_0.1"
0.1,"wq0.1_ch4_34",0.109763257,0.06837588,"ch4_0.1"
0.1,"wq0.1_ch4_35",0.136650339,0.06837588,"ch4_0.1"
0.1,"wq0.1_ch4_36",0.061137682,0.06837588,"ch4_0.1"
0.1,"wq0.1_ch4_37",0.003569446,0.06837588,"ch4_0.1"
0.1,"wq0.1_ch4_38",0.093832496,0.06837588,"ch4_0.1"
0.1,"wq0.1_ch4_39",0.408236803,0.06837588,"ch4_0.1"
0.1,"wq0.1_ch4_40",0.060581966,0.06837588,"ch4_0.1"
0.1,"wq0.1_ch4_41",0.18162605,0.06837588,"ch4_0.1"
0.1,"wq0.1_ch4_42",0.194383417,0.06837588,"ch4_0.1"
0.1,"wq0.1_ch4_43",0.231164156,0.06837588,"ch4_0.1"
0.1,"wq0.1_ch4_44",0.386858128,0.06837588,"ch4_0.1"
0.1,"wq0.1_ch4_45",0.487841003,0.06837588,"ch4_0.1"
0.1,"wq0.1_ch4_46",0.789981855,0.06837588,"ch4_0.1"
0.1,"wq0.1_ch4_47",0.445384211,0.06837588,"ch4_0.1"
0.1,"wq0.1_ch4_48",0.453637616,0.06837588,"ch4_0.1"
0.1,"wq0.1_ch4_49",0.313643954,0.06837588,"ch4_0.1"
0.1,"wq0.1_ch4_50",0.383683446,0.06837588,"ch4_0.1"
0.1,"wq0.1_ch4_51",0.087365245,0.06837588,"ch4_0.1"
0.1,"wq0.1_ch4_52",0.30622008,0.06837588,"ch4_0.1"
0.1,"wq0.1_ch4_53",0.311941746,0.06837588,"ch4_0.1"
0.1,"wq0.1_ch4_54",0.479296979,0.06837588,"ch4_0.1"
0.1,"wq0.1_ch4_55",0.320956963,0.06837588,"ch4_0.1"
0.1,"wq0.1_ch4_56",0.277072459,0.06837588,"ch4_0.1"
0.1,"wq0.1_ch4_57",0.290588209,0.06837588,"ch4_0.1"
0.1,"wq0.1_ch4_58",0.347767478,0.06837588,"ch4_0.1"
0.1,"wq0.1_ch4_59",0.333144294,0.06837588,"ch4_0.1"
0.1,"wq0.1_ch4_60",0.643224477,0.06837588,"ch4_0.1"
0.1,"wq0.1_ch4_61",0.257167707,0.06837588,"ch4_0.1"
0.1,"wq0.1_ch4_62",0.340191086,0.06837588,"ch4_0.1"
0.1,"wq0.1_ch4_63",0.048832949,0.06837588,"ch4_0.1"
0.1,"wq0.1_ch4_64",0.269908121,0.06837588,"ch4_0.1"
0.1,"wq0.1_ch4_65",0.067806398,0.06837588,"ch4_0.1"
0.1,"wq0.1_ch4_66",0.01958258,0.06837588,"ch4_0.1"
0.1,"wq0.1_ch4_67",1.173245607,0.06837588,"ch4_0.1"
0.1,"wq0.1_ch4_68",0.896962641,0.06837588,"ch4_0.1"
0.1,"wq0.1_ch4_69",0.015503601,0.06837588,"ch4_0.1"
0.1,"wq0.1_ch4_70",0.175385622,0.06837588,"ch4_0.1"
0.1,"wq0.1_ch4_71",0.234282198,0.06837588,"ch4_0.1"
0.1,"wq0.1_ch4_72",0.257684475,0.06837588,"ch4_0.1"
0.1,"wq0.1_ch4_73",0.524246063,0.06837588,"ch4_0.1"
0.1,"wq0.1_ch4_74",0.329387807,0.06837588,"ch4_0.1"
0.1,"wq0.1_ch4_75",0.723201641,0.06837588,"ch4_0.1"
0.1,"wq0.1_ch4_76",0.694031443,0.06837588,"ch4_0.1"
0.1,"wq0.1_ch4_77",0.449322554,0.06837588,"ch4_0.1"
0.1,"wq0.1_ch4_78",0.435660178,0.06837588,"ch4_0.1"
0.1,"wq0.1_ch4_79",0.557389132,0.06837588,"ch4_0.1"
0.1,"wq0.1_ch4_80",0.423215991,0.06837588,"ch4_0.1"
0.1,"wq0.1_ch4_81",0.427927447,0.06837588,"ch4_0.1"
0.1,"wq0.1_ch4_82",0.255485791,0.06837588,"ch4_0.1"
0.1,"wq0.1_ch4_83",0.233736106,0.06837588,"ch4_0.1"
0.1,"wq0.1_ch4_84",0.064270396,0.06837588,"ch4_0.1"
0.1,"wq0.1_ch4_85",0.279297011,0.06837588,"ch4_0.1"
0.1,"wq0.1_ch4_86",0.267162221,0.06837588,"ch4_0.1"
0.1,"wq0.1_ch4_87",0.614523762,0.06837588,"ch4_0.1"
0.1,"wq0.1_ch4_88",0.402589833,0.06837588,"ch4_0.1"
0.1,"wq0.1_ch4_89",0.452516898,0.06837588,"ch4_0.1"
0.1,"wq0.1_ch4_90",0.512979324,0.06837588,"ch4_0.1"
0.1,"wq0.1_ch4_91",0.748882485,0.06837588,"ch4_0.1"
0.1,"wq0.1_ch4_92",1.335567396,0.06837588,"ch4_0.1"
0.1,"wq0.1_ch4_93",0.755181799,0.06837588,"ch4_0.1"
0.1,"wq0.1_ch4_94",0.801245521,0.06837588,"ch4_0.1"
0.1,"wq0.1_ch4_95",0.934723388,0.06837588,"ch4_0.1"
0.1,"wq0.1_ch4_96",0.68799329,0.06837588,"ch4_0.1"
0.1,"wq0.1_ch4_97",0.67701561,0.06837588,"ch4_0.1"
0.1,"wq0.1_ch4_98",0.78952695,0.06837588,"ch4_0.1"
0.1,"wq0.1_ch4_99",0.724737426,0.06837588,"ch4_0.1"
0.1,"wq0.1_ch4_100",0.455611313,0.06837588,"ch4_0.1"
0.1,"wq0.1_ch4_101",0.658735363,0.06837588,"ch4_0.1"
0.1,"wq0.1_ch4_102",0.598359898,0.06837588,"ch4_0.1"
0.1,"wq0.1_ch4_103",0.483336492,0.06837588,"ch4_0.1"
0.1,"wq0.1_ch4_104",0.126460512,0.06837588,"ch4_0.1"
0.1,"wq0.1_ch4_105",0.315785034,0.06837588,"ch4_0.1"
0.1,"wq0.1_ch4_106",0.418524807,0.06837588,"ch4_0.1"
0.1,"wq0.1_ch4_107",0.846583114,0.06837588,"ch4_0.1"
0.1,"wq0.1_ch4_108",0.266816412,0.06837588,"ch4_0.1"
0.1,"wq0.1_ch4_109",0.061983271,0.06837588,"ch4_0.1"
0.1,"wq0.1_ch4_110",0.15837353,0.06837588,"ch4_0.1"
0.1,"wq0.1_ch4_111",0.067360414,0.06837588,"ch4_0.1"
0.1,"wq0.1_ch4_112",0.264532652,0.06837588,"ch4_0.1"
0.1,"wq0.1_ch4_113",0.245894995,0.06837588,"ch4_0.1"
0.1,"wq0.1_ch4_114",0.154387875,0.06837588,"ch4_0.1"
0.1,"wq0.1_ch4_115",0.159348606,0.06837588,"ch4_0.1"
1.6,"wq1.6_ch4_1",0.266622468,0.06837588,"ch4_1.6"
1.6,"wq1.6_ch4_2",0.087400242,0.06837588,"ch4_1.6"
1.6,"wq1.6_ch4_3",0.097060897,0.06837588,"ch4_1.6"
1.6,"wq1.6_ch4_4",0.079114104,0.06837588,"ch4_1.6"
1.6,"wq1.6_ch4_5",0.096545064,0.06837588,"ch4_1.6"
1.6,"wq1.6_ch4_6",0.106533713,0.06837588,"ch4_1.6"
1.6,"wq1.6_ch4_7",0.171035137,0.06837588,"ch4_1.6"
1.6,"wq1.6_ch4_8",0.254448793,0.06837588,"ch4_1.6"
1.6,"wq1.6_ch4_9",0.306239346,0.06837588,"ch4_1.6"
1.6,"wq1.6_ch4_10",0.237602932,0.06837588,"ch4_1.6"
1.6,"wq1.6_ch4_11",0.214930672,0.06837588,"ch4_1.6"
1.6,"wq1.6_ch4_12",0.366845684,0.06837588,"ch4_1.6"
1.6,"wq1.6_ch4_13",0.246459962,0.06837588,"ch4_1.6"
1.6,"wq1.6_ch4_14",0.243228814,0.06837588,"ch4_1.6"
1.6,"wq1.6_ch4_15",0.189546953,0.06837588,"ch4_1.6"
1.6,"wq1.6_ch4_16",0.262352809,0.06837588,"ch4_1.6"
1.6,"wq1.6_ch4_17",0.227091613,0.06837588,"ch4_1.6"
1.6,"wq1.6_ch4_18",0.336256024,0.06837588,"ch4_1.6"
1.6,"wq1.6_ch4_19",0.26814661,0.06837588,"ch4_1.6"
1.6,"wq1.6_ch4_20",0.28240985,0.06837588,"ch4_1.6"
1.6,"wq1.6_ch4_21",0.299480916,0.06837588,"ch4_1.6"
1.6,"wq1.6_ch4_22",0.171074393,0.06837588,"ch4_1.6"
1.6,"wq1.6_ch4_23",0.169514719,0.06837588,"ch4_1.6"
1.6,"wq1.6_ch4_24",0.286088305,0.06837588,"ch4_1.6"
1.6,"wq1.6_ch4_25",0.31385641,0.06837588,"ch4_1.6"
1.6,"wq1.6_ch4_26",0.296586211,0.06837588,"ch4_1.6"
1.6,"wq1.6_ch4_27",0.41898176,0.06837588,"ch4_1.6"
1.6,"wq1.6_ch4_28",0.265278582,0.06837588,"ch4_1.6"
1.6,"wq1.6_ch4_29",0.15326766,0.06837588,"ch4_1.6"
1.6,"wq1.6_ch4_30",0.107541818,0.06837588,"ch4_1.6"
1.6,"wq1.6_ch4_31",0.040467417,0.06837588,"ch4_1.6"
1.6,"wq1.6_ch4_32",0.091781796,0.06837588,"ch4_1.6"
1.6,"wq1.6_ch4_33",0.149371363,0.06837588,"ch4_1.6"
1.6,"wq1.6_ch4_34",0.115886871,0.06837588,"ch4_1.6"
1.6,"wq1.6_ch4_35",0.154711654,0.06837588,"ch4_1.6"
1.6,"wq1.6_ch4_36",0.065489626,0.06837588,"ch4_1.6"
1.6,"wq1.6_ch4_37",0.006410291,0.06837588,"ch4_1.6"
1.6,"wq1.6_ch4_38",0.093240583,0.06837588,"ch4_1.6"
1.6,"wq1.6_ch4_39",0.381788222,0.06837588,"ch4_1.6"
1.6,"wq1.6_ch4_40",0.039800991,0.06837588,"ch4_1.6"
1.6,"wq1.6_ch4_41",0.208055292,0.06837588,"ch4_1.6"
1.6,"wq1.6_ch4_42",0.219419643,0.06837588,"ch4_1.6"
1.6,"wq1.6_ch4_43",0.249604983,0.06837588,"ch4_1.6"
1.6,"wq1.6_ch4_44",0.371977005,0.06837588,"ch4_1.6"
1.6,"wq1.6_ch4_45",0.684535373,0.06837588,"ch4_1.6"
1.6,"wq1.6_ch4_46",0.703399038,0.06837588,"ch4_1.6"
1.6,"wq1.6_ch4_47",0.485244637,0.06837588,"ch4_1.6"
1.6,"wq1.6_ch4_48",0.548293622,0.06837588,"ch4_1.6"
1.6,"wq1.6_ch4_49",0.503638658,0.06837588,"ch4_1.6"
1.6,"wq1.6_ch4_50",0.425832451,0.06837588,"ch4_1.6"
1.6,"wq1.6_ch4_51",0.552735207,0.06837588,"ch4_1.6"
1.6,"wq1.6_ch4_52",0.248393012,0.06837588,"ch4_1.6"
1.6,"wq1.6_ch4_53",0.639861763,0.06837588,"ch4_1.6"
1.6,"wq1.6_ch4_54",0.272195426,0.06837588,"ch4_1.6"
1.6,"wq1.6_ch4_55",0.257563153,0.06837588,"ch4_1.6"
1.6,"wq1.6_ch4_56",0.291049643,0.06837588,"ch4_1.6"
1.6,"wq1.6_ch4_57",0.353859653,0.06837588,"ch4_1.6"
1.6,"wq1.6_ch4_58",0.651742267,0.06837588,"ch4_1.6"
1.6,"wq1.6_ch4_59",0.348653141,0.06837588,"ch4_1.6"
1.6,"wq1.6_ch4_60",0.488927433,0.06837588,"ch4_1.6"
1.6,"wq1.6_ch4_61",0.068465308,0.06837588,"ch4_1.6"
1.6,"wq1.6_ch4_62",0.238716355,0.06837588,"ch4_1.6"
1.6,"wq1.6_ch4_63",0.074458922,0.06837588,"ch4_1.6"
1.6,"wq1.6_ch4_64",0.032559819,0.06837588,"ch4_1.6"
1.6,"wq1.6_ch4_65",0.92283196,0.06837588,"ch4_1.6"
1.6,"wq1.6_ch4_66",0.017684988,0.06837588,"ch4_1.6"
1.6,"wq1.6_ch4_67",0.181235258,0.06837588,"ch4_1.6"
1.6,"wq1.6_ch4_68",0.226856024,0.06837588,"ch4_1.6"
1.6,"wq1.6_ch4_69",0.248901121,0.06837588,"ch4_1.6"
1.6,"wq1.6_ch4_70",0.629250964,0.06837588,"ch4_1.6"
1.6,"wq1.6_ch4_71",0.290026487,0.06837588,"ch4_1.6"
1.6,"wq1.6_ch4_72",0.766030595,0.06837588,"ch4_1.6"
1.6,"wq1.6_ch4_73",0.941030494,0.06837588,"ch4_1.6"
1.6,"wq1.6_ch4_74",0.510446935,0.06837588,"ch4_1.6"
1.6,"wq1.6_ch4_75",0.440840412,0.06837588,"ch4_1.6"
1.6,"wq1.6_ch4_76",0.644602999,0.06837588,"ch4_1.6"
1.6,"wq1.6_ch4_77",0.530476132,0.06837588,"ch4_1.6"
1.6,"wq1.6_ch4_78",0.508893617,0.06837588,"ch4_1.6"
1.6,"wq1.6_ch4_79",0.256897611,0.06837588,"ch4_1.6"
1.6,"wq1.6_ch4_80",0.241128336,0.06837588,"ch4_1.6"
1.6,"wq1.6_ch4_81",0.138801042,0.06837588,"ch4_1.6"
1.6,"wq1.6_ch4_82",0.28092121,0.06837588,"ch4_1.6"
1.6,"wq1.6_ch4_83",0.202373952,0.06837588,"ch4_1.6"
1.6,"wq1.6_ch4_84",0.694729768,0.06837588,"ch4_1.6"
1.6,"wq1.6_ch4_85",0.512385977,0.06837588,"ch4_1.6"
1.6,"wq1.6_ch4_86",0.825530137,0.06837588,"ch4_1.6"
1.6,"wq1.6_ch4_87",0.744948193,0.06837588,"ch4_1.6"
1.6,"wq1.6_ch4_88",1.047540746,0.06837588,"ch4_1.6"
1.6,"wq1.6_ch4_89",1.021804208,0.06837588,"ch4_1.6"
1.6,"wq1.6_ch4_90",0.827461577,0.06837588,"ch4_1.6"
1.6,"wq1.6_ch4_91",0.985256351,0.06837588,"ch4_1.6"
1.6,"wq1.6_ch4_92",0.562680954,0.06837588,"ch4_1.6"
1.6,"wq1.6_ch4_93",0.734739067,0.06837588,"ch4_1.6"
1.6,"wq1.6_ch4_94",0.696036055,0.06837588,"ch4_1.6"
1.6,"wq1.6_ch4_95",0.79286859,0.06837588,"ch4_1.6"
1.6,"wq1.6_ch4_96",0.413613218,0.06837588,"ch4_1.6"
1.6,"wq1.6_ch4_97",0.542207841,0.06837588,"ch4_1.6"
1.6,"wq1.6_ch4_98",0.627478257,0.06837588,"ch4_1.6"
1.6,"wq1.6_ch4_99",0.166772585,0.06837588,"ch4_1.6"
1.6,"wq1.6_ch4_100",0.14192215,0.06837588,"ch4_1.6"
1.6,"wq1.6_ch4_101",0.342538722,0.06837588,"ch4_1.6"
1.6,"wq1.6_ch4_102",0.588824265,0.06837588,"ch4_1.6"
1.6,"wq1.6_ch4_103",0.306958967,0.06837588,"ch4_1.6"
1.6,"wq1.6_ch4_104",0.032221473,0.06837588,"ch4_1.6"
1.6,"wq1.6_ch4_105",0.044646578,0.06837588,"ch4_1.6"
1.6,"wq1.6_ch4_106",0.064023947,0.06837588,"ch4_1.6"
1.6,"wq1.6_ch4_107",0.048846904,0.06837588,"ch4_1.6"
1.6,"wq1.6_ch4_108",0.139847088,0.06837588,"ch4_1.6"
1.6,"wq1.6_ch4_109",0.262678198,0.06837588,"ch4_1.6"
1.6,"wq1.6_ch4_110",0.140780782,0.06837588,"ch4_1.6"
1.6,"wq1.6_ch4_111",0.168543287,0.06837588,"ch4_1.6"
3.8,"wq3.8_ch4_1",0.251818036,0.06837588,"ch4_3.8"
3.8,"wq3.8_ch4_2",0.089792478,0.06837588,"ch4_3.8"
3.8,"wq3.8_ch4_3",0.091047343,0.06837588,"ch4_3.8"
3.8,"wq3.8_ch4_4",0.082424493,0.06837588,"ch4_3.8"
3.8,"wq3.8_ch4_5",0.091171043,0.06837588,"ch4_3.8"
3.8,"wq3.8_ch4_6",0.132248633,0.06837588,"ch4_3.8"
3.8,"wq3.8_ch4_7",0.138481051,0.06837588,"ch4_3.8"
3.8,"wq3.8_ch4_8",0.274326672,0.06837588,"ch4_3.8"
3.8,"wq3.8_ch4_9",0.27373086,0.06837588,"ch4_3.8"
3.8,"wq3.8_ch4_10",0.230825822,0.06837588,"ch4_3.8"
3.8,"wq3.8_ch4_11",0.188197806,0.06837588,"ch4_3.8"
3.8,"wq3.8_ch4_12",0.140417078,0.06837588,"ch4_3.8"
3.8,"wq3.8_ch4_13",0.06361909,0.06837588,"ch4_3.8"
3.8,"wq3.8_ch4_14",0.178864647,0.06837588,"ch4_3.8"
3.8,"wq3.8_ch4_15",0.148974422,0.06837588,"ch4_3.8"
3.8,"wq3.8_ch4_16",0.114766119,0.06837588,"ch4_3.8"
3.8,"wq3.8_ch4_17",0.10956496,0.06837588,"ch4_3.8"
3.8,"wq3.8_ch4_18",0.119597283,0.06837588,"ch4_3.8"
3.8,"wq3.8_ch4_19",0.127690536,0.06837588,"ch4_3.8"
3.8,"wq3.8_ch4_20",0.136490079,0.06837588,"ch4_3.8"
3.8,"wq3.8_ch4_21",0.124744912,0.06837588,"ch4_3.8"
3.8,"wq3.8_ch4_22",0.162294182,0.06837588,"ch4_3.8"
3.8,"wq3.8_ch4_23",0.057976163,0.06837588,"ch4_3.8"
3.8,"wq3.8_ch4_24",0.119149376,0.06837588,"ch4_3.8"
3.8,"wq3.8_ch4_25",0.12799108,0.06837588,"ch4_3.8"
3.8,"wq3.8_ch4_26",0.166963782,0.06837588,"ch4_3.8"
3.8,"wq3.8_ch4_27",0.2441682,0.06837588,"ch4_3.8"
3.8,"wq3.8_ch4_28",0.133941099,0.06837588,"ch4_3.8"
3.8,"wq3.8_ch4_29",0.121294292,0.06837588,"ch4_3.8"
3.8,"wq3.8_ch4_30",0.101881002,0.06837588,"ch4_3.8"
3.8,"wq3.8_ch4_31",0.042474086,0.06837588,"ch4_3.8"
3.8,"wq3.8_ch4_32",0.032362742,0.06837588,"ch4_3.8"
3.8,"wq3.8_ch4_33",0.025356548,0.06837588,"ch4_3.8"
3.8,"wq3.8_ch4_34",0.100060777,0.06837588,"ch4_3.8"
3.8,"wq3.8_ch4_35",0.06041644,0.06837588,"ch4_3.8"
3.8,"wq3.8_ch4_36",0.12733805,0.06837588,"ch4_3.8"
3.8,"wq3.8_ch4_37",0.050171841,0.06837588,"ch4_3.8"
3.8,"wq3.8_ch4_38",0.010575133,0.06837588,"ch4_3.8"
3.8,"wq3.8_ch4_39",0.087779323,0.06837588,"ch4_3.8"
3.8,"wq3.8_ch4_40",0.428271196,0.06837588,"ch4_3.8"
3.8,"wq3.8_ch4_41",0.039036684,0.06837588,"ch4_3.8"
3.8,"wq3.8_ch4_42",0.111354746,0.06837588,"ch4_3.8"
3.8,"wq3.8_ch4_43",0.197212906,0.06837588,"ch4_3.8"
3.8,"wq3.8_ch4_44",0.273459672,0.06837588,"ch4_3.8"
3.8,"wq3.8_ch4_45",0.292767099,0.06837588,"ch4_3.8"
3.8,"wq3.8_ch4_46",0.484241012,0.06837588,"ch4_3.8"
3.8,"wq3.8_ch4_47",0.746702988,0.06837588,"ch4_3.8"
3.8,"wq3.8_ch4_48",0.272504599,0.06837588,"ch4_3.8"
3.8,"wq3.8_ch4_49",0.100381443,0.06837588,"ch4_3.8"
3.8,"wq3.8_ch4_50",0.223414343,0.06837588,"ch4_3.8"
3.8,"wq3.8_ch4_51",0.205113375,0.06837588,"ch4_3.8"
3.8,"wq3.8_ch4_52",0.296734384,0.06837588,"ch4_3.8"
3.8,"wq3.8_ch4_53",0.093922015,0.06837588,"ch4_3.8"
3.8,"wq3.8_ch4_54",0.107597837,0.06837588,"ch4_3.8"
3.8,"wq3.8_ch4_55",0.225853861,0.06837588,"ch4_3.8"
3.8,"wq3.8_ch4_56",0.078216324,0.06837588,"ch4_3.8"
3.8,"wq3.8_ch4_57",0.131293252,0.06837588,"ch4_3.8"
3.8,"wq3.8_ch4_58",0.097356443,0.06837588,"ch4_3.8"
3.8,"wq3.8_ch4_59",13.39539388,0.06837588,"ch4_3.8"
3.8,"wq3.8_ch4_60",0.297794439,0.06837588,"ch4_3.8"
3.8,"wq3.8_ch4_61",7.612448155,0.06837588,"ch4_3.8"
3.8,"wq3.8_ch4_62",1.429405057,0.06837588,"ch4_3.8"
3.8,"wq3.8_ch4_63",2.785210024,0.06837588,"ch4_3.8"
3.8,"wq3.8_ch4_64",4.0283957,0.06837588,"ch4_3.8"
3.8,"wq3.8_ch4_65",0.12795268,0.06837588,"ch4_3.8"
3.8,"wq3.8_ch4_66",0.038629902,0.06837588,"ch4_3.8"
3.8,"wq3.8_ch4_67",0.49196969,0.06837588,"ch4_3.8"
3.8,"wq3.8_ch4_68",0.006750124,0.06837588,"ch4_3.8"
3.8,"wq3.8_ch4_69",1.103981223,0.06837588,"ch4_3.8"
3.8,"wq3.8_ch4_70",0.012568721,0.06837588,"ch4_3.8"
3.8,"wq3.8_ch4_71",0.174494871,0.06837588,"ch4_3.8"
3.8,"wq3.8_ch4_72",0.227940544,0.06837588,"ch4_3.8"
3.8,"wq3.8_ch4_73",0.297725012,0.06837588,"ch4_3.8"
3.8,"wq3.8_ch4_74",0.245302278,0.06837588,"ch4_3.8"
3.8,"wq3.8_ch4_75",0.214112207,0.06837588,"ch4_3.8"
3.8,"wq3.8_ch4_76",0.089705181,0.06837588,"ch4_3.8"
3.8,"wq3.8_ch4_77",0.248253865,0.06837588,"ch4_3.8"
3.8,"wq3.8_ch4_78",0.177858019,0.06837588,"ch4_3.8"
3.8,"wq3.8_ch4_79",0.271323016,0.06837588,"ch4_3.8"
3.8,"wq3.8_ch4_80",0.089431225,0.06837588,"ch4_3.8"
3.8,"wq3.8_ch4_81",0.063185211,0.06837588,"ch4_3.8"
3.8,"wq3.8_ch4_82",0.116664673,0.06837588,"ch4_3.8"
3.8,"wq3.8_ch4_83",0.245420259,0.06837588,"ch4_3.8"
3.8,"wq3.8_ch4_84",0.315627869,0.06837588,"ch4_3.8"
3.8,"wq3.8_ch4_85",0.211793325,0.06837588,"ch4_3.8"
3.8,"wq3.8_ch4_86",0.226816328,0.06837588,"ch4_3.8"
3.8,"wq3.8_ch4_87",0.156841506,0.06837588,"ch4_3.8"
3.8,"wq3.8_ch4_88",0.12666158,0.06837588,"ch4_3.8"
3.8,"wq3.8_ch4_89",0.074917898,0.06837588,"ch4_3.8"
3.8,"wq3.8_ch4_90",3.999203621,0.06837588,"ch4_3.8"
3.8,"wq3.8_ch4_91",6.442273196,0.06837588,"ch4_3.8"
3.8,"wq3.8_ch4_92",10.67177584,0.06837588,"ch4_3.8"
3.8,"wq3.8_ch4_93",24.51371258,0.06837588,"ch4_3.8"
3.8,"wq3.8_ch4_94",29.04596868,0.06837588,"ch4_3.8"
3.8,"wq3.8_ch4_95",23.02817344,0.06837588,"ch4_3.8"
3.8,"wq3.8_ch4_96",0.013837284,0.06837588,"ch4_3.8"
3.8,"wq3.8_ch4_97",0.061740149,0.06837588,"ch4_3.8"
3.8,"wq3.8_ch4_98",0.055832793,0.06837588,"ch4_3.8"
3.8,"wq3.8_ch4_99",0.10738508,0.06837588,"ch4_3.8"
3.8,"wq3.8_ch4_100",0.127217658,0.06837588,"ch4_3.8"
3.8,"wq3.8_ch4_101",0.181276174,0.06837588,"ch4_3.8"
5,"wq5_ch4_1",0.204248564,0.06837588,"ch4_5"
5,"wq5_ch4_2",0.086146095,0.06837588,"ch4_5"
5,"wq5_ch4_3",0.087344631,0.06837588,"ch4_5"
5,"wq5_ch4_4",0.083444825,0.06837588,"ch4_5"
5,"wq5_ch4_5",0.088188668,0.06837588,"ch4_5"
5,"wq5_ch4_6",0.128746158,0.06837588,"ch4_5"
5,"wq5_ch4_7",0.138455943,0.06837588,"ch4_5"
5,"wq5_ch4_8",0.193153716,0.06837588,"ch4_5"
5,"wq5_ch4_9",0.142833061,0.06837588,"ch4_5"
5,"wq5_ch4_10",0.190324076,0.06837588,"ch4_5"
5,"wq5_ch4_11",0.125316416,0.06837588,"ch4_5"
5,"wq5_ch4_12",0.083215262,0.06837588,"ch4_5"
5,"wq5_ch4_13",0.075534188,0.06837588,"ch4_5"
5,"wq5_ch4_14",0.103548266,0.06837588,"ch4_5"
5,"wq5_ch4_15",0.117218745,0.06837588,"ch4_5"
5,"wq5_ch4_16",0.048940858,0.06837588,"ch4_5"
5,"wq5_ch4_17",0.053376148,0.06837588,"ch4_5"
5,"wq5_ch4_18",0.121234923,0.06837588,"ch4_5"
5,"wq5_ch4_19",0.112902482,0.06837588,"ch4_5"
5,"wq5_ch4_20",0.086127112,0.06837588,"ch4_5"
5,"wq5_ch4_21",0.086425592,0.06837588,"ch4_5"
5,"wq5_ch4_22",0.045213763,0.06837588,"ch4_5"
5,"wq5_ch4_23",0.062804922,0.06837588,"ch4_5"
5,"wq5_ch4_24",0.025497778,0.06837588,"ch4_5"
5,"wq5_ch4_25",2.277109793,0.06837588,"ch4_5"
5,"wq5_ch4_26",3.771080326,0.06837588,"ch4_5"
5,"wq5_ch4_27",8.568221307,0.06837588,"ch4_5"
5,"wq5_ch4_28",1.848149868,0.06837588,"ch4_5"
5,"wq5_ch4_29",0.087869557,0.06837588,"ch4_5"
5,"wq5_ch4_30",0.44172201,0.06837588,"ch4_5"
5,"wq5_ch4_31",3.082221636,0.06837588,"ch4_5"
5,"wq5_ch4_32",0.172878799,0.06837588,"ch4_5"
5,"wq5_ch4_33",0.007374031,0.06837588,"ch4_5"
5,"wq5_ch4_34",0.564445346,0.06837588,"ch4_5"
5,"wq5_ch4_35",0.514116244,0.06837588,"ch4_5"
5,"wq5_ch4_36",0.223889447,0.06837588,"ch4_5"
5,"wq5_ch4_37",0.036332878,0.06837588,"ch4_5"
5,"wq5_ch4_38",0.012845997,0.06837588,"ch4_5"
5,"wq5_ch4_39",0.093325246,0.06837588,"ch4_5"
5,"wq5_ch4_40",0.453436512,0.06837588,"ch4_5"
5,"wq5_ch4_41",0.022397786,0.06837588,"ch4_5"
5,"wq5_ch4_42",0.100760116,0.06837588,"ch4_5"
5,"wq5_ch4_43",0.080218238,0.06837588,"ch4_5"
5,"wq5_ch4_44",0.219208637,0.06837588,"ch4_5"
5,"wq5_ch4_45",0.222662983,0.06837588,"ch4_5"
5,"wq5_ch4_46",0.375196228,0.06837588,"ch4_5"
5,"wq5_ch4_47",0.689795324,0.06837588,"ch4_5"
5,"wq5_ch4_48",0.06041778,0.06837588,"ch4_5"
5,"wq5_ch4_49",0.254393893,0.06837588,"ch4_5"
5,"wq5_ch4_50",0.199016472,0.06837588,"ch4_5"
5,"wq5_ch4_51",0.254319801,0.06837588,"ch4_5"
5,"wq5_ch4_52",0.046670156,0.06837588,"ch4_5"
5,"wq5_ch4_53",0.191627041,0.06837588,"ch4_5"
5,"wq5_ch4_54",0.17502641,0.06837588,"ch4_5"
5,"wq5_ch4_55",0.18504648,0.06837588,"ch4_5"
5,"wq5_ch4_56",0.090588064,0.06837588,"ch4_5"
5,"wq5_ch4_57",0.053921874,0.06837588,"ch4_5"
5,"wq5_ch4_58",1.643985253,0.06837588,"ch4_5"
5,"wq5_ch4_59",1.352519106,0.06837588,"ch4_5"
5,"wq5_ch4_60",0.257563153,0.06837588,"ch4_5"
5,"wq5_ch4_61",4.956888203,0.06837588,"ch4_5"
5,"wq5_ch4_62",11.15468705,0.06837588,"ch4_5"
5,"wq5_ch4_63",13.11626657,0.06837588,"ch4_5"
5,"wq5_ch4_64",27.3129106,0.06837588,"ch4_5"
5,"wq5_ch4_65",3.410638259,0.06837588,"ch4_5"
5,"wq5_ch4_66",26.56174119,0.06837588,"ch4_5"
5,"wq5_ch4_67",21.13913912,0.06837588,"ch4_5"
5,"wq5_ch4_68",0.181290382,0.06837588,"ch4_5"
5,"wq5_ch4_69",0.863657065,0.06837588,"ch4_5"
5,"wq5_ch4_70",0.94608674,0.06837588,"ch4_5"
5,"wq5_ch4_71",0.015274394,0.06837588,"ch4_5"
5,"wq5_ch4_72",0.144207518,0.06837588,"ch4_5"
5,"wq5_ch4_73",0.227046984,0.06837588,"ch4_5"
5,"wq5_ch4_74",0.248802744,0.06837588,"ch4_5"
5,"wq5_ch4_75",0.187611497,0.06837588,"ch4_5"
5,"wq5_ch4_76",0.282795916,0.06837588,"ch4_5"
5,"wq5_ch4_77",0.069370663,0.06837588,"ch4_5"
5,"wq5_ch4_78",0.045875548,0.06837588,"ch4_5"
5,"wq5_ch4_79",0.093124356,0.06837588,"ch4_5"
5,"wq5_ch4_80",0.161700142,0.06837588,"ch4_5"
5,"wq5_ch4_81",0.030674205,0.06837588,"ch4_5"
5,"wq5_ch4_82",0.061453028,0.06837588,"ch4_5"
5,"wq5_ch4_83",0.154219193,0.06837588,"ch4_5"
5,"wq5_ch4_84",0.054362985,0.06837588,"ch4_5"
5,"wq5_ch4_85",0.064695079,0.06837588,"ch4_5"
5,"wq5_ch4_86",0.074871223,0.06837588,"ch4_5"
5,"wq5_ch4_87",0.084124018,0.06837588,"ch4_5"
5,"wq5_ch4_88",0.124955332,0.06837588,"ch4_5"
5,"wq5_ch4_89",0.060349149,0.06837588,"ch4_5"
5,"wq5_ch4_90",0.161673798,0.06837588,"ch4_5"
5,"wq5_ch4_91",0.139434151,0.06837588,"ch4_5"
5,"wq5_ch4_92",0.164973853,0.06837588,"ch4_5"
5,"wq5_ch4_93",0.24309347,0.06837588,"ch4_5"
5,"wq5_ch4_94",0.30055808,0.06837588,"ch4_5"
5,"wq5_ch4_95",0.119006462,0.06837588,"ch4_5"
5,"wq5_ch4_96",0.200437407,0.06837588,"ch4_5"
5,"wq5_ch4_97",0.126856428,0.06837588,"ch4_5"
5,"wq5_ch4_98",0.417128165,0.06837588,"ch4_5"
5,"wq5_ch4_99",0.156697137,0.06837588,"ch4_5"
5,"wq5_ch4_100",0.036445077,0.06837588,"ch4_5"
5,"wq5_ch4_101",0.046260496,0.06837588,"ch4_5"
5,"wq5_ch4_102",0.829303321,0.06837588,"ch4_5"
5,"wq5_ch4_103",6.364558156,0.06837588,"ch4_5"
5,"wq5_ch4_104",7.179082484,0.06837588,"ch4_5"
5,"wq5_ch4_105",18.69134111,0.06837588,"ch4_5"
5,"wq5_ch4_106",10.01689393,0.06837588,"ch4_5"
5,"wq5_ch4_107",14.67107954,0.06837588,"ch4_5"
5,"wq5_ch4_108",28.7663601,0.06837588,"ch4_5"
5,"wq5_ch4_109",17.6507872,0.06837588,"ch4_5"
5,"wq5_ch4_110",59.16671668,0.06837588,"ch4_5"
5,"wq5_ch4_111",43.76372203,0.06837588,"ch4_5"
5,"wq5_ch4_112",63.97355363,0.06837588,"ch4_5"
5,"wq5_ch4_113",22.57514277,0.06837588,"ch4_5"
5,"wq5_ch4_114",0.058980451,0.06837588,"ch4_5"
5,"wq5_ch4_115",0.013255342,0.06837588,"ch4_5"
5,"wq5_ch4_116",0.033408634,0.06837588,"ch4_5"
5,"wq5_ch4_117",0.042194662,0.06837588,"ch4_5"
5,"wq5_ch4_118",0.130013565,0.06837588,"ch4_5"
5,"wq5_ch4_119",0.174947234,0.06837588,"ch4_5"
6.2,"wq6.2_ch4_1",0.209719732,0.06837588,"ch4_6.2"
6.2,"wq6.2_ch4_2",0.087489631,0.06837588,"ch4_6.2"
6.2,"wq6.2_ch4_3",0.080073445,0.06837588,"ch4_6.2"
6.2,"wq6.2_ch4_4",0.089534158,0.06837588,"ch4_6.2"
6.2,"wq6.2_ch4_5",0.083183507,0.06837588,"ch4_6.2"
6.2,"wq6.2_ch4_6",0.126724772,0.06837588,"ch4_6.2"
6.2,"wq6.2_ch4_7",0.127653186,0.06837588,"ch4_6.2"
6.2,"wq6.2_ch4_8",0.115216583,0.06837588,"ch4_6.2"
6.2,"wq6.2_ch4_9",0.147356967,0.06837588,"ch4_6.2"
6.2,"wq6.2_ch4_10",0.130308156,0.06837588,"ch4_6.2"
6.2,"wq6.2_ch4_11",0.131011932,0.06837588,"ch4_6.2"
6.2,"wq6.2_ch4_12",0.064374846,0.06837588,"ch4_6.2"
6.2,"wq6.2_ch4_13",0.081314377,0.06837588,"ch4_6.2"
6.2,"wq6.2_ch4_14",0.130234601,0.06837588,"ch4_6.2"
6.2,"wq6.2_ch4_15",0.163935867,0.06837588,"ch4_6.2"
6.2,"wq6.2_ch4_16",0.061761592,0.06837588,"ch4_6.2"
6.2,"wq6.2_ch4_17",0.088265112,0.06837588,"ch4_6.2"
6.2,"wq6.2_ch4_18",0.126191224,0.06837588,"ch4_6.2"
6.2,"wq6.2_ch4_19",0.221926639,0.06837588,"ch4_6.2"
6.2,"wq6.2_ch4_20",0.191044625,0.06837588,"ch4_6.2"
6.2,"wq6.2_ch4_21",0.103433791,0.06837588,"ch4_6.2"
6.2,"wq6.2_ch4_22",0.148676724,0.06837588,"ch4_6.2"
6.2,"wq6.2_ch4_23",0.023475296,0.06837588,"ch4_6.2"
6.2,"wq6.2_ch4_24",0.106024036,0.06837588,"ch4_6.2"
6.2,"wq6.2_ch4_25",0.982269729,0.06837588,"ch4_6.2"
6.2,"wq6.2_ch4_26",0.791412941,0.06837588,"ch4_6.2"
6.2,"wq6.2_ch4_27",0.695326508,0.06837588,"ch4_6.2"
6.2,"wq6.2_ch4_28",0.257797127,0.06837588,"ch4_6.2"
6.2,"wq6.2_ch4_29",0.0429859,0.06837588,"ch4_6.2"
6.2,"wq6.2_ch4_30",0.156198409,0.06837588,"ch4_6.2"
6.2,"wq6.2_ch4_31",0.191271273,0.06837588,"ch4_6.2"
6.2,"wq6.2_ch4_32",0.551075555,0.06837588,"ch4_6.2"
6.2,"wq6.2_ch4_33",0.009891032,0.06837588,"ch4_6.2"
6.2,"wq6.2_ch4_34",0.074823794,0.06837588,"ch4_6.2"
6.2,"wq6.2_ch4_35",0.024763516,0.06837588,"ch4_6.2"
6.2,"wq6.2_ch4_36",0.083179012,0.06837588,"ch4_6.2"
6.2,"wq6.2_ch4_37",0.028868203,0.06837588,"ch4_6.2"
6.2,"wq6.2_ch4_38",0.015116249,0.06837588,"ch4_6.2"
6.2,"wq6.2_ch4_39",0.094731484,0.06837588,"ch4_6.2"
6.2,"wq6.2_ch4_40",0.445637435,0.06837588,"ch4_6.2"
6.2,"wq6.2_ch4_41",0.059520194,0.06837588,"ch4_6.2"
6.2,"wq6.2_ch4_42",0.086507209,0.06837588,"ch4_6.2"
6.2,"wq6.2_ch4_43",0.047486026,0.06837588,"ch4_6.2"
6.2,"wq6.2_ch4_44",0.061734253,0.06837588,"ch4_6.2"
6.2,"wq6.2_ch4_45",0.198334916,0.06837588,"ch4_6.2"
6.2,"wq6.2_ch4_46",0.221832577,0.06837588,"ch4_6.2"
6.2,"wq6.2_ch4_47",0.483050508,0.06837588,"ch4_6.2"
6.2,"wq6.2_ch4_48",0.107611671,0.06837588,"ch4_6.2"
6.2,"wq6.2_ch4_49",0.067624188,0.06837588,"ch4_6.2"
6.2,"wq6.2_ch4_50",0.067815839,0.06837588,"ch4_6.2"
6.2,"wq6.2_ch4_51",0.08568328,0.06837588,"ch4_6.2"
6.2,"wq6.2_ch4_52",0.049074848,0.06837588,"ch4_6.2"
6.2,"wq6.2_ch4_53",0.176990373,0.06837588,"ch4_6.2"
6.2,"wq6.2_ch4_54",0.088502664,0.06837588,"ch4_6.2"
6.2,"wq6.2_ch4_55",0.085953485,0.06837588,"ch4_6.2"
6.2,"wq6.2_ch4_56",0.00178035,0.06837588,"ch4_6.2"
6.2,"wq6.2_ch4_57",0.021004766,0.06837588,"ch4_6.2"
6.2,"wq6.2_ch4_58",0.64008507,0.06837588,"ch4_6.2"
6.2,"wq6.2_ch4_59",0.002413939,0.06837588,"ch4_6.2"
6.2,"wq6.2_ch4_60",1.300444505,0.06837588,"ch4_6.2"
6.2,"wq6.2_ch4_61",3.751522506,0.06837588,"ch4_6.2"
6.2,"wq6.2_ch4_62",18.22140044,0.06837588,"ch4_6.2"
6.2,"wq6.2_ch4_63",24.24016712,0.06837588,"ch4_6.2"
6.2,"wq6.2_ch4_64",42.09217831,0.06837588,"ch4_6.2"
6.2,"wq6.2_ch4_65",64.36986851,0.06837588,"ch4_6.2"
6.2,"wq6.2_ch4_66",54.77256285,0.06837588,"ch4_6.2"
6.2,"wq6.2_ch4_67",25.38194121,0.06837588,"ch4_6.2"
6.2,"wq6.2_ch4_68",4.378623268,0.06837588,"ch4_6.2"
6.2,"wq6.2_ch4_69",0.021603003,0.06837588,"ch4_6.2"
6.2,"wq6.2_ch4_70",0.155293507,0.06837588,"ch4_6.2"
6.2,"wq6.2_ch4_71",0.22454152,0.06837588,"ch4_6.2"
6.2,"wq6.2_ch4_72",0.269657443,0.06837588,"ch4_6.2"
6.2,"wq6.2_ch4_73",0.134668909,0.06837588,"ch4_6.2"
6.2,"wq6.2_ch4_74",0.068986042,0.06837588,"ch4_6.2"
6.2,"wq6.2_ch4_75",0.015252035,0.06837588,"ch4_6.2"
6.2,"wq6.2_ch4_76",0.120566334,0.06837588,"ch4_6.2"
6.2,"wq6.2_ch4_77",0.018282757,0.06837588,"ch4_6.2"
6.2,"wq6.2_ch4_78",0.016307117,0.06837588,"ch4_6.2"
6.2,"wq6.2_ch4_79",0.115601761,0.06837588,"ch4_6.2"
6.2,"wq6.2_ch4_80",0.062094656,0.06837588,"ch4_6.2"
6.2,"wq6.2_ch4_81",0.058287987,0.06837588,"ch4_6.2"
6.2,"wq6.2_ch4_82",0.402253239,0.06837588,"ch4_6.2"
6.2,"wq6.2_ch4_83",0.589784578,0.06837588,"ch4_6.2"
6.2,"wq6.2_ch4_84",0.750794056,0.06837588,"ch4_6.2"
6.2,"wq6.2_ch4_85",0.032779765,0.06837588,"ch4_6.2"
6.2,"wq6.2_ch4_86",0.53412424,0.06837588,"ch4_6.2"
6.2,"wq6.2_ch4_87",1.697857972,0.06837588,"ch4_6.2"
6.2,"wq6.2_ch4_88",0.269946005,0.06837588,"ch4_6.2"
6.2,"wq6.2_ch4_89",3.103967198,0.06837588,"ch4_6.2"
6.2,"wq6.2_ch4_90",1.085160069,0.06837588,"ch4_6.2"
6.2,"wq6.2_ch4_91",17.7942269,0.06837588,"ch4_6.2"
6.2,"wq6.2_ch4_92",1.329206873,0.06837588,"ch4_6.2"
6.2,"wq6.2_ch4_93",0.085460299,0.06837588,"ch4_6.2"
6.2,"wq6.2_ch4_94",0.028807414,0.06837588,"ch4_6.2"
6.2,"wq6.2_ch4_95",0.258705475,0.06837588,"ch4_6.2"
6.2,"wq6.2_ch4_96",0.02131459,0.06837588,"ch4_6.2"
6.2,"wq6.2_ch4_97",0.036111431,0.06837588,"ch4_6.2"
6.2,"wq6.2_ch4_98",0.15370765,0.06837588,"ch4_6.2"
6.2,"wq6.2_ch4_99",0.201062196,0.06837588,"ch4_6.2"
8,"wq8_ch4_1",0.155060796,0.06837588,"ch4_8"
8,"wq8_ch4_2",0.087862574,0.06837588,"ch4_8"
8,"wq8_ch4_3",0.078446442,0.06837588,"ch4_8"
8,"wq8_ch4_4",0.103916711,0.06837588,"ch4_8"
8,"wq8_ch4_5",0.121487892,0.06837588,"ch4_8"
8,"wq8_ch4_6",0.085533446,0.06837588,"ch4_8"
8,"wq8_ch4_7",0.112735973,0.06837588,"ch4_8"
8,"wq8_ch4_8",0.100487447,0.06837588,"ch4_8"
8,"wq8_ch4_9",0.083341333,0.06837588,"ch4_8"
8,"wq8_ch4_10",0.069456844,0.06837588,"ch4_8"
8,"wq8_ch4_11",0.12809738,0.06837588,"ch4_8"
8,"wq8_ch4_12",0.067344634,0.06837588,"ch4_8"
8,"wq8_ch4_13",0.080091148,0.06837588,"ch4_8"
8,"wq8_ch4_14",0.1271788,0.06837588,"ch4_8"
8,"wq8_ch4_15",0.069266772,0.06837588,"ch4_8"
8,"wq8_ch4_16",0.071966185,0.06837588,"ch4_8"
8,"wq8_ch4_17",0.107369399,0.06837588,"ch4_8"
8,"wq8_ch4_18",0.214116873,0.06837588,"ch4_8"
8,"wq8_ch4_19",0.142226656,0.06837588,"ch4_8"
8,"wq8_ch4_20",0.079680299,0.06837588,"ch4_8"
8,"wq8_ch4_21",0.000960914,0.06837588,"ch4_8"
8,"wq8_ch4_22",0.018285478,0.06837588,"ch4_8"
8,"wq8_ch4_23",0.140644916,0.06837588,"ch4_8"
8,"wq8_ch4_24",0.443095542,0.06837588,"ch4_8"
8,"wq8_ch4_25",0.080011911,0.06837588,"ch4_8"
8,"wq8_ch4_26",0.080578551,0.06837588,"ch4_8"
8,"wq8_ch4_27",0.137647466,0.06837588,"ch4_8"
8,"wq8_ch4_28",0.024332793,0.06837588,"ch4_8"
8,"wq8_ch4_29",0.029318792,0.06837588,"ch4_8"
8,"wq8_ch4_30",0.018876926,0.06837588,"ch4_8"
8,"wq8_ch4_31",0.025992369,0.06837588,"ch4_8"
8,"wq8_ch4_32",0.009047023,0.06837588,"ch4_8"
8,"wq8_ch4_33",0.040469676,0.06837588,"ch4_8"
8,"wq8_ch4_34",0.114437682,0.06837588,"ch4_8"
8,"wq8_ch4_35",0.049172213,0.06837588,"ch4_8"
8,"wq8_ch4_36",0.037207617,0.06837588,"ch4_8"
8,"wq8_ch4_37",0.018520477,0.06837588,"ch4_8"
8,"wq8_ch4_38",0.096619341,0.06837588,"ch4_8"
8,"wq8_ch4_39",0.451625987,0.06837588,"ch4_8"
8,"wq8_ch4_40",0.043141331,0.06837588,"ch4_8"
8,"wq8_ch4_41",0.089366518,0.06837588,"ch4_8"
8,"wq8_ch4_42",0.05555542,0.06837588,"ch4_8"
8,"wq8_ch4_43",0.059636062,0.06837588,"ch4_8"
8,"wq8_ch4_44",0.098336855,0.06837588,"ch4_8"
8,"wq8_ch4_45",0.271910389,0.06837588,"ch4_8"
8,"wq8_ch4_46",0.458550214,0.06837588,"ch4_8"
8,"wq8_ch4_47",0.08988366,0.06837588,"ch4_8"
8,"wq8_ch4_48",0.068755765,0.06837588,"ch4_8"
8,"wq8_ch4_49",0.06436006,0.06837588,"ch4_8"
8,"wq8_ch4_50",0.079832402,0.06837588,"ch4_8"
8,"wq8_ch4_51",0.433915235,0.06837588,"ch4_8"
8,"wq8_ch4_52",0.206358328,0.06837588,"ch4_8"
8,"wq8_ch4_53",0.086276629,0.06837588,"ch4_8"
8,"wq8_ch4_54",0.102853696,0.06837588,"ch4_8"
8,"wq8_ch4_55",0.016486495,0.06837588,"ch4_8"
8,"wq8_ch4_56",0.01443799,0.06837588,"ch4_8"
8,"wq8_ch4_57",1.841540551,0.06837588,"ch4_8"
8,"wq8_ch4_58",0.068094416,0.06837588,"ch4_8"
8,"wq8_ch4_59",6.090727517,0.06837588,"ch4_8"
8,"wq8_ch4_60",28.99858217,0.06837588,"ch4_8"
8,"wq8_ch4_61",25.44623515,0.06837588,"ch4_8"
8,"wq8_ch4_62",29.14313239,0.06837588,"ch4_8"
8,"wq8_ch4_63",68.27813841,0.06837588,"ch4_8"
8,"wq8_ch4_64",17.93433816,0.06837588,"ch4_8"
8,"wq8_ch4_65",78.24535744,0.06837588,"ch4_8"
8,"wq8_ch4_66",93.55747769,0.06837588,"ch4_8"
8,"wq8_ch4_67",84.85743578,0.06837588,"ch4_8"
8,"wq8_ch4_68",36.28283213,0.06837588,"ch4_8"
8,"wq8_ch4_69",0.013330254,0.06837588,"ch4_8"
8,"wq8_ch4_70",0.146300384,0.06837588,"ch4_8"
8,"wq8_ch4_71",0.236330244,0.06837588,"ch4_8"
8,"wq8_ch4_72",0.168983317,0.06837588,"ch4_8"
8,"wq8_ch4_73",0.053323719,0.06837588,"ch4_8"
8,"wq8_ch4_74",0.019430694,0.06837588,"ch4_8"
8,"wq8_ch4_75",0.164432505,0.06837588,"ch4_8"
8,"wq8_ch4_76",0.074784172,0.06837588,"ch4_8"
8,"wq8_ch4_77",0.13661455,0.06837588,"ch4_8"
8,"wq8_ch4_78",0.354210956,0.06837588,"ch4_8"
8,"wq8_ch4_79",0.026589192,0.06837588,"ch4_8"
8,"wq8_ch4_80",0.244688084,0.06837588,"ch4_8"
8,"wq8_ch4_81",0.196159808,0.06837588,"ch4_8"
8,"wq8_ch4_82",0.1725489,0.06837588,"ch4_8"
8,"wq8_ch4_83",0.904194898,0.06837588,"ch4_8"
8,"wq8_ch4_84",0.048877526,0.06837588,"ch4_8"
8,"wq8_ch4_85",0.274646651,0.06837588,"ch4_8"
8,"wq8_ch4_86",0.516461737,0.06837588,"ch4_8"
8,"wq8_ch4_87",0.026047717,0.06837588,"ch4_8"
8,"wq8_ch4_88",0.933933936,0.06837588,"ch4_8"
8,"wq8_ch4_89",7.866940424,0.06837588,"ch4_8"
8,"wq8_ch4_90",24.24558996,0.06837588,"ch4_8"
8,"wq8_ch4_91",0.052273895,0.06837588,"ch4_8"
8,"wq8_ch4_92",0.010035639,0.06837588,"ch4_8"
8,"wq8_ch4_93",0.375176607,0.06837588,"ch4_8"
8,"wq8_ch4_94",0.089831128,0.06837588,"ch4_8"
8,"wq8_ch4_95",0.024982116,0.06837588,"ch4_8"
8,"wq8_ch4_96",0.039458243,0.06837588,"ch4_8"
8,"wq8_ch4_97",0.141204953,0.06837588,"ch4_8"
8,"wq8_ch4_98",0.194583244,0.06837588,"ch4_8"
9,"wq9_ch4_1",0.165653622,0.06837588,"ch4_9"
9,"wq9_ch4_2",0.08490661,0.06837588,"ch4_9"
9,"wq9_ch4_3",0.084961437,0.06837588,"ch4_9"
9,"wq9_ch4_4",0.111218842,0.06837588,"ch4_9"
9,"wq9_ch4_5",0.086586661,0.06837588,"ch4_9"
9,"wq9_ch4_6",0.1164253,0.06837588,"ch4_9"
9,"wq9_ch4_7",0.06628262,0.06837588,"ch4_9"
9,"wq9_ch4_8",0.101412937,0.06837588,"ch4_9"
9,"wq9_ch4_9",0.103345529,0.06837588,"ch4_9"
9,"wq9_ch4_10",0.092522955,0.06837588,"ch4_9"
9,"wq9_ch4_11",0.07101398,0.06837588,"ch4_9"
9,"wq9_ch4_12",0.078402741,0.06837588,"ch4_9"
9,"wq9_ch4_13",0.083684402,0.06837588,"ch4_9"
9,"wq9_ch4_14",0.086625178,0.06837588,"ch4_9"
9,"wq9_ch4_15",0.148263192,0.06837588,"ch4_9"
9,"wq9_ch4_16",0.065976336,0.06837588,"ch4_9"
9,"wq9_ch4_17",0.109257163,0.06837588,"ch4_9"
9,"wq9_ch4_18",0.224763351,0.06837588,"ch4_9"
9,"wq9_ch4_19",0.191133776,0.06837588,"ch4_9"
9,"wq9_ch4_20",0.078837186,0.06837588,"ch4_9"
9,"wq9_ch4_21",0.003374296,0.06837588,"ch4_9"
9,"wq9_ch4_22",0.016067345,0.06837588,"ch4_9"
9,"wq9_ch4_23",0.068228251,0.06837588,"ch4_9"
9,"wq9_ch4_24",0.101755459,0.06837588,"ch4_9"
9,"wq9_ch4_25",0.053270703,0.06837588,"ch4_9"
9,"wq9_ch4_26",0.066549266,0.06837588,"ch4_9"
9,"wq9_ch4_27",0.247705233,0.06837588,"ch4_9"
9,"wq9_ch4_28",0.03305818,0.06837588,"ch4_9"
9,"wq9_ch4_29",0.192724551,0.06837588,"ch4_9"
9,"wq9_ch4_30",0.043320175,0.06837588,"ch4_9"
9,"wq9_ch4_31",0.010538973,0.06837588,"ch4_9"
9,"wq9_ch4_32",0.024562919,0.06837588,"ch4_9"
9,"wq9_ch4_33",0.035391743,0.06837588,"ch4_9"
9,"wq9_ch4_34",0.02713144,0.06837588,"ch4_9"
9,"wq9_ch4_35",0.085893615,0.06837588,"ch4_9"
9,"wq9_ch4_36",0.020411119,0.06837588,"ch4_9"
9,"wq9_ch4_37",0.093168943,0.06837588,"ch4_9"
9,"wq9_ch4_38",0.449294085,0.06837588,"ch4_9"
9,"wq9_ch4_39",0.044469439,0.06837588,"ch4_9"
9,"wq9_ch4_40",0.171765304,0.06837588,"ch4_9"
9,"wq9_ch4_41",0.079372232,0.06837588,"ch4_9"
9,"wq9_ch4_42",0.062208598,0.06837588,"ch4_9"
9,"wq9_ch4_43",0.105221685,0.06837588,"ch4_9"
9,"wq9_ch4_44",0.207641764,0.06837588,"ch4_9"
9,"wq9_ch4_45",0.481166411,0.06837588,"ch4_9"
9,"wq9_ch4_46",0.176892959,0.06837588,"ch4_9"
9,"wq9_ch4_47",0.065326929,0.06837588,"ch4_9"
9,"wq9_ch4_48",0.060772354,0.06837588,"ch4_9"
9,"wq9_ch4_49",0.076819214,0.06837588,"ch4_9"
9,"wq9_ch4_50",0.19650554,0.06837588,"ch4_9"
9,"wq9_ch4_51",0.07256043,0.06837588,"ch4_9"
9,"wq9_ch4_52",0.079261808,0.06837588,"ch4_9"
9,"wq9_ch4_53",0.090588064,0.06837588,"ch4_9"
9,"wq9_ch4_54",0.00728894,0.06837588,"ch4_9"
9,"wq9_ch4_55",20.84035825,0.06837588,"ch4_9"
9,"wq9_ch4_56",84.71846089,0.06837588,"ch4_9"
9,"wq9_ch4_57",35.63201893,0.06837588,"ch4_9"
9,"wq9_ch4_58",64.71455855,0.06837588,"ch4_9"
9,"wq9_ch4_59",12.66447465,0.06837588,"ch4_9"
9,"wq9_ch4_60",94.59549549,0.06837588,"ch4_9"
9,"wq9_ch4_61",114.5895286,0.06837588,"ch4_9"
9,"wq9_ch4_62",152.6216898,0.06837588,"ch4_9"
9,"wq9_ch4_63",170.7015909,0.06837588,"ch4_9"
9,"wq9_ch4_64",198.6566301,0.06837588,"ch4_9"
9,"wq9_ch4_65",0.011683215,0.06837588,"ch4_9"
9,"wq9_ch4_66",0.170396019,0.06837588,"ch4_9"
9,"wq9_ch4_67",0.239139156,0.06837588,"ch4_9"
9,"wq9_ch4_68",0.256360818,0.06837588,"ch4_9"
9,"wq9_ch4_69",0.140719009,0.06837588,"ch4_9"
9,"wq9_ch4_70",0.103519641,0.06837588,"ch4_9"
9,"wq9_ch4_71",0.040415158,0.06837588,"ch4_9"
9,"wq9_ch4_72",0.262220539,0.06837588,"ch4_9"
9,"wq9_ch4_73",0.137878119,0.06837588,"ch4_9"
9,"wq9_ch4_74",0.089653765,0.06837588,"ch4_9"
9,"wq9_ch4_75",0.301879311,0.06837588,"ch4_9"
9,"wq9_ch4_76",1.285519701,0.06837588,"ch4_9"
9,"wq9_ch4_77",0.830834655,0.06837588,"ch4_9"
9,"wq9_ch4_78",0.097808282,0.06837588,"ch4_9"
9,"wq9_ch4_79",0.027002115,0.06837588,"ch4_9"
9,"wq9_ch4_80",0.052186372,0.06837588,"ch4_9"
9,"wq9_ch4_81",0.13582752,0.06837588,"ch4_9"
9,"wq9_ch4_82",0.47579209,0.06837588,"ch4_9"
9,"wq9_ch4_83",0.355192265,0.06837588,"ch4_9"
9,"wq9_ch4_84",0.271357391,0.06837588,"ch4_9"
9,"wq9_ch4_85",3.992352245,0.06837588,"ch4_9"
9,"wq9_ch4_86",0.297055708,0.06837588,"ch4_9"
9,"wq9_ch4_87",0.819877225,0.06837588,"ch4_9"
9,"wq9_ch4_88",0.02472026,0.06837588,"ch4_9"
9,"wq9_ch4_89",0.054825967,0.06837588,"ch4_9"
9,"wq9_ch4_90",0.012081808,0.06837588,"ch4_9"
9,"wq9_ch4_91",10.81043906,0.06837588,"ch4_9"
9,"wq9_ch4_92",27.18315837,0.06837588,"ch4_9"
9,"wq9_ch4_93",12.91369533,0.06837588,"ch4_9"
9,"wq9_ch4_94",26.29257168,0.06837588,"ch4_9"
9,"wq9_ch4_95",0.087891322,0.06837588,"ch4_9"
9,"wq9_ch4_96",0.326709904,0.06837588,"ch4_9"
9,"wq9_ch4_97",0.012256318,0.06837588,"ch4_9"
9,"wq9_ch4_98",0.065242214,0.06837588,"ch4_9"
9,"wq9_ch4_99",4.067047968,0.06837588,"ch4_9"
9,"wq9_ch4_100",52.14760103,0.06837588,"ch4_9"
9,"wq9_ch4_101",120.5333929,0.06837588,"ch4_9"
9,"wq9_ch4_102",0.029640237,0.06837588,"ch4_9"
9,"wq9_ch4_103",0.025264035,0.06837588,"ch4_9"
9,"wq9_ch4_104",0.571747612,0.06837588,"ch4_9"
9,"wq9_ch4_105",0.029531608,0.06837588,"ch4_9"
9,"wq9_ch4_106",0.045988924,0.06837588,"ch4_9"
9,"wq9_ch4_107",0.021668928,0.06837588,"ch4_9"
9,"wq9_ch4_108",0.016695265,0.06837588,"ch4_9"
9,"wq9_ch4_109",0.025364905,0.06837588,"ch4_9"
9,"wq9_ch4_110",0.042106725,0.06837588,"ch4_9"
9,"wq9_ch4_111",0.144321575,0.06837588,"ch4_9"
9,"wq9_ch4_112",0.187962039,0.06837588,"ch4_9"
