"depth_new","ID","OXY_mmol","weight","obs_group"
0.1,"wq0.1_ox_1",358.90625,0.009506,"oxy_0.1"
0.1,"wq0.1_ox_2",267.35375,0.009506,"oxy_0.1"
0.1,"wq0.1_ox_3",340,0.009506,"oxy_0.1"
0.1,"wq0.1_ox_4",319.86875,0.009506,"oxy_0.1"
0.1,"wq0.1_ox_5",312.5,0.009506,"oxy_0.1"
0.1,"wq0.1_ox_6",286.45375,0.009506,"oxy_0.1"
0.1,"wq0.1_ox_7",303.90625,0.009506,"oxy_0.1"
0.1,"wq0.1_ox_8",267.7590625,0.009506,"oxy_0.1"
0.1,"wq0.1_ox_9",289.0625,0.009506,"oxy_0.1"
0.1,"wq0.1_ox_10",262.580625,0.009506,"oxy_0.1"
0.1,"wq0.1_ox_11",276.2903125,0.009506,"oxy_0.1"
0.1,"wq0.1_ox_12",258.4375,0.009506,"oxy_0.1"
0.1,"wq0.1_ox_13",265.4459375,0.009506,"oxy_0.1"
0.1,"wq0.1_ox_14",267.978125,0.009506,"oxy_0.1"
0.1,"wq0.1_ox_15",275.9375,0.009506,"oxy_0.1"
0.1,"wq0.1_ox_16",280.2803125,0.009506,"oxy_0.1"
0.1,"wq0.1_ox_17",279.079375,0.009506,"oxy_0.1"
0.1,"wq0.1_ox_18",272.96875,0.009506,"oxy_0.1"
0.1,"wq0.1_ox_19",269.6875,0.009506,"oxy_0.1"
0.1,"wq0.1_ox_20",275.625,0.009506,"oxy_0.1"
0.1,"wq0.1_ox_21",275,0.009506,"oxy_0.1"
0.1,"wq0.1_ox_22",270.9375,0.009506,"oxy_0.1"
0.1,"wq0.1_ox_23",282.1875,0.009506,"oxy_0.1"
0.1,"wq0.1_ox_24",275,0.009506,"oxy_0.1"
0.1,"wq0.1_ox_25",258.75,0.009506,"oxy_0.1"
0.1,"wq0.1_ox_26",278.125,0.009506,"oxy_0.1"
0.1,"wq0.1_ox_27",273.75,0.009506,"oxy_0.1"
0.1,"wq0.1_ox_28",271.5625,0.009506,"oxy_0.1"
0.1,"wq0.1_ox_29",296.5625,0.009506,"oxy_0.1"
0.1,"wq0.1_ox_30",258.15625,0.009506,"oxy_0.1"
0.1,"wq0.1_ox_31",276.396875,0.009506,"oxy_0.1"
0.1,"wq0.1_ox_32",275.625,0.009506,"oxy_0.1"
0.1,"wq0.1_ox_33",267.984375,0.009506,"oxy_0.1"
0.1,"wq0.1_ox_34",302.5625,0.009506,"oxy_0.1"
0.1,"wq0.1_ox_35",293.35,0.009506,"oxy_0.1"
0.1,"wq0.1_ox_36",287.728125,0.009506,"oxy_0.1"
0.1,"wq0.1_ox_37",300,0.009506,"oxy_0.1"
0.1,"wq0.1_ox_38",345.9375,0.009506,"oxy_0.1"
0.1,"wq0.1_ox_39",296.25,0.009506,"oxy_0.1"
0.1,"wq0.1_ox_40",255.3125,0.009506,"oxy_0.1"
0.1,"wq0.1_ox_41",219.375,0.009506,"oxy_0.1"
0.1,"wq0.1_ox_42",267.1875,0.009506,"oxy_0.1"
0.1,"wq0.1_ox_43",245.625,0.009506,"oxy_0.1"
0.1,"wq0.1_ox_44",287.5,0.009506,"oxy_0.1"
0.1,"wq0.1_ox_45",253.4375,0.009506,"oxy_0.1"
0.1,"wq0.1_ox_46",287.8125,0.009506,"oxy_0.1"
0.1,"wq0.1_ox_47",271.5625,0.009506,"oxy_0.1"
0.1,"wq0.1_ox_48",256.25,0.009506,"oxy_0.1"
0.1,"wq0.1_ox_49",302.1875,0.009506,"oxy_0.1"
0.1,"wq0.1_ox_50",247.5,0.009506,"oxy_0.1"
0.1,"wq0.1_ox_51",287.5,0.009506,"oxy_0.1"
0.1,"wq0.1_ox_52",282.5,0.009506,"oxy_0.1"
0.1,"wq0.1_ox_53",324.375,0.009506,"oxy_0.1"
0.1,"wq0.1_ox_54",285.9375,0.009506,"oxy_0.1"
0.1,"wq0.1_ox_55",323.45,0.009506,"oxy_0.1"
0.1,"wq0.1_ox_56",398.125,0.009506,"oxy_0.1"
0.1,"wq0.1_ox_57",415.9375,0.009506,"oxy_0.1"
0.1,"wq0.1_ox_58",415.625,0.009506,"oxy_0.1"
0.1,"wq0.1_ox_59",375.3125,0.009506,"oxy_0.1"
0.1,"wq0.1_ox_60",365.625,0.009506,"oxy_0.1"
0.1,"wq0.1_ox_61",349.375,0.009506,"oxy_0.1"
0.1,"wq0.1_ox_62",301.4125,0.009506,"oxy_0.1"
0.1,"wq0.1_ox_63",296.190625,0.009506,"oxy_0.1"
0.1,"wq0.1_ox_64",306.265625,0.009506,"oxy_0.1"
0.1,"wq0.1_ox_65",287.875,0.009506,"oxy_0.1"
0.1,"wq0.1_ox_66",238.75,0.009506,"oxy_0.1"
0.1,"wq0.1_ox_67",275.240625,0.009506,"oxy_0.1"
0.1,"wq0.1_ox_68",239.5375,0.009506,"oxy_0.1"
0.1,"wq0.1_ox_69",230.8125,0.009506,"oxy_0.1"
0.1,"wq0.1_ox_70",198.059375,0.009506,"oxy_0.1"
0.1,"wq0.1_ox_71",248.984375,0.009506,"oxy_0.1"
0.1,"wq0.1_ox_72",259.4125,0.009506,"oxy_0.1"
0.1,"wq0.1_ox_73",295,0.009506,"oxy_0.1"
0.1,"wq0.1_ox_74",276.85,0.009506,"oxy_0.1"
0.1,"wq0.1_ox_75",247.184375,0.009506,"oxy_0.1"
0.1,"wq0.1_ox_76",210.15625,0.009506,"oxy_0.1"
0.1,"wq0.1_ox_77",290.61875,0.009506,"oxy_0.1"
0.1,"wq0.1_ox_78",203.803125,0.009506,"oxy_0.1"
0.1,"wq0.1_ox_79",230.38125,0.009506,"oxy_0.1"
0.1,"wq0.1_ox_80",235.03125,0.009506,"oxy_0.1"
0.1,"wq0.1_ox_81",184.546875,0.009506,"oxy_0.1"
0.1,"wq0.1_ox_82",260.5,0.009506,"oxy_0.1"
0.1,"wq0.1_ox_83",278.40625,0.009506,"oxy_0.1"
0.1,"wq0.1_ox_84",271.253125,0.009506,"oxy_0.1"
0.1,"wq0.1_ox_85",264.15,0.009506,"oxy_0.1"
0.1,"wq0.1_ox_86",279.60625,0.009506,"oxy_0.1"
0.1,"wq0.1_ox_87",219.396875,0.009506,"oxy_0.1"
0.1,"wq0.1_ox_88",186.959375,0.009506,"oxy_0.1"
0.1,"wq0.1_ox_89",285.921875,0.009506,"oxy_0.1"
0.1,"wq0.1_ox_90",274.25,0.009506,"oxy_0.1"
0.1,"wq0.1_ox_91",309.915625,0.009506,"oxy_0.1"
0.1,"wq0.1_ox_92",289.496875,0.009506,"oxy_0.1"
0.1,"wq0.1_ox_93",323.809375,0.009506,"oxy_0.1"
0.1,"wq0.1_ox_94",247.671875,0.009506,"oxy_0.1"
0.1,"wq0.1_ox_95",251.646875,0.009506,"oxy_0.1"
0.1,"wq0.1_ox_96",163.234375,0.009506,"oxy_0.1"
0.1,"wq0.1_ox_97",231.4375,0.009506,"oxy_0.1"
0.1,"wq0.1_ox_98",279.1875,0.009506,"oxy_0.1"
0.1,"wq0.1_ox_99",257.5,0.009506,"oxy_0.1"
0.1,"wq0.1_ox_100",189.953125,0.009506,"oxy_0.1"
0.1,"wq0.1_ox_101",278.96875,0.009506,"oxy_0.1"
0.1,"wq0.1_ox_102",261.615625,0.009506,"oxy_0.1"
0.1,"wq0.1_ox_103",283.896875,0.009506,"oxy_0.1"
0.1,"wq0.1_ox_104",278.1,0.009506,"oxy_0.1"
0.1,"wq0.1_ox_105",192.56875,0.009506,"oxy_0.1"
0.1,"wq0.1_ox_106",270.56875,0.009506,"oxy_0.1"
0.1,"wq0.1_ox_107",187.41875,0.009506,"oxy_0.1"
0.1,"wq0.1_ox_108",283.4375,0.009506,"oxy_0.1"
0.1,"wq0.1_ox_109",251.921875,0.009506,"oxy_0.1"
0.1,"wq0.1_ox_110",256.690625,0.009506,"oxy_0.1"
0.1,"wq0.1_ox_111",245.625,0.009506,"oxy_0.1"
0.1,"wq0.1_ox_112",187.80625,0.009506,"oxy_0.1"
0.1,"wq0.1_ox_113",268.653125,0.009506,"oxy_0.1"
0.1,"wq0.1_ox_114",233.125,0.009506,"oxy_0.1"
0.1,"wq0.1_ox_115",159.6625,0.009506,"oxy_0.1"
0.1,"wq0.1_ox_116",217.946875,0.009506,"oxy_0.1"
0.1,"wq0.1_ox_117",224.65,0.009506,"oxy_0.1"
0.1,"wq0.1_ox_118",260.48125,0.009506,"oxy_0.1"
0.1,"wq0.1_ox_119",252.03125,0.009506,"oxy_0.1"
0.1,"wq0.1_ox_120",189.23125,0.009506,"oxy_0.1"
0.1,"wq0.1_ox_121",216.25,0.009506,"oxy_0.1"
0.1,"wq0.1_ox_122",200.571875,0.009506,"oxy_0.1"
0.1,"wq0.1_ox_123",233.815625,0.009506,"oxy_0.1"
0.1,"wq0.1_ox_124",218.834375,0.009506,"oxy_0.1"
0.1,"wq0.1_ox_125",265.628125,0.009506,"oxy_0.1"
0.1,"wq0.1_ox_126",235.715625,0.009506,"oxy_0.1"
0.1,"wq0.1_ox_127",325,0.009506,"oxy_0.1"
0.1,"wq0.1_ox_128",248.69375,0.009506,"oxy_0.1"
0.1,"wq0.1_ox_129",285.415625,0.009506,"oxy_0.1"
0.1,"wq0.1_ox_130",360.3125,0.009506,"oxy_0.1"
0.1,"wq0.1_ox_131",325.828125,0.009506,"oxy_0.1"
1,"wq1_ox_1",360,0.009506,"oxy_1"
1,"wq1_ox_2",267.5025,0.009506,"oxy_1"
1,"wq1_ox_3",272.513125,0.009506,"oxy_1"
1,"wq1_ox_4",356.25,0.009506,"oxy_1"
1,"wq1_ox_5",239.696875,0.009506,"oxy_1"
1,"wq1_ox_6",309.6875,0.009506,"oxy_1"
1,"wq1_ox_7",295.225,0.009506,"oxy_1"
1,"wq1_ox_8",257.1071875,0.009506,"oxy_1"
1,"wq1_ox_9",289.19,0.009506,"oxy_1"
1,"wq1_ox_10",279.4290625,0.009506,"oxy_1"
1,"wq1_ox_11",267.5425,0.009506,"oxy_1"
1,"wq1_ox_12",267.8125,0.009506,"oxy_1"
1,"wq1_ox_13",267.975,0.009506,"oxy_1"
1,"wq1_ox_14",279.4815625,0.009506,"oxy_1"
1,"wq1_ox_15",277.5,0.009506,"oxy_1"
1,"wq1_ox_16",266.5625,0.009506,"oxy_1"
1,"wq1_ox_17",282.5,0.009506,"oxy_1"
1,"wq1_ox_18",274.6875,0.009506,"oxy_1"
1,"wq1_ox_19",273.125,0.009506,"oxy_1"
1,"wq1_ox_20",273.4375,0.009506,"oxy_1"
1,"wq1_ox_21",297.5,0.009506,"oxy_1"
1,"wq1_ox_22",263.4375,0.009506,"oxy_1"
1,"wq1_ox_23",280.3125,0.009506,"oxy_1"
1,"wq1_ox_24",273.4375,0.009506,"oxy_1"
1,"wq1_ox_25",297.5,0.009506,"oxy_1"
1,"wq1_ox_26",297.5,0.009506,"oxy_1"
1,"wq1_ox_27",284.859375,0.009506,"oxy_1"
1,"wq1_ox_28",278.615625,0.009506,"oxy_1"
1,"wq1_ox_29",286.25,0.009506,"oxy_1"
1,"wq1_ox_30",295.51875,0.009506,"oxy_1"
1,"wq1_ox_31",312.715625,0.009506,"oxy_1"
1,"wq1_ox_32",305.415625,0.009506,"oxy_1"
1,"wq1_ox_33",328.425,0.009506,"oxy_1"
1,"wq1_ox_34",321.25,0.009506,"oxy_1"
1,"wq1_ox_35",343.125,0.009506,"oxy_1"
1,"wq1_ox_36",300,0.009506,"oxy_1"
1,"wq1_ox_37",254.6875,0.009506,"oxy_1"
1,"wq1_ox_38",220.625,0.009506,"oxy_1"
1,"wq1_ox_39",260.625,0.009506,"oxy_1"
1,"wq1_ox_40",247.8125,0.009506,"oxy_1"
1,"wq1_ox_41",270.3125,0.009506,"oxy_1"
1,"wq1_ox_42",257.8125,0.009506,"oxy_1"
1,"wq1_ox_43",260.9375,0.009506,"oxy_1"
1,"wq1_ox_44",273.75,0.009506,"oxy_1"
1,"wq1_ox_45",265.3125,0.009506,"oxy_1"
1,"wq1_ox_46",292.8125,0.009506,"oxy_1"
1,"wq1_ox_47",292.8125,0.009506,"oxy_1"
1,"wq1_ox_48",284.0625,0.009506,"oxy_1"
1,"wq1_ox_49",288.125,0.009506,"oxy_1"
1,"wq1_ox_50",280.625,0.009506,"oxy_1"
1,"wq1_ox_51",287.5,0.009506,"oxy_1"
1,"wq1_ox_52",322.428125,0.009506,"oxy_1"
1,"wq1_ox_53",355.3125,0.009506,"oxy_1"
1,"wq1_ox_54",410.3125,0.009506,"oxy_1"
1,"wq1_ox_55",414.0625,0.009506,"oxy_1"
1,"wq1_ox_56",368.4375,0.009506,"oxy_1"
1,"wq1_ox_57",347.8125,0.009506,"oxy_1"
1,"wq1_ox_58",266.625,0.009506,"oxy_1"
1,"wq1_ox_59",272.621875,0.009506,"oxy_1"
1,"wq1_ox_60",309.465625,0.009506,"oxy_1"
1,"wq1_ox_61",287.934375,0.009506,"oxy_1"
1,"wq1_ox_62",297.065625,0.009506,"oxy_1"
1,"wq1_ox_63",289.7,0.009506,"oxy_1"
1,"wq1_ox_64",261.56875,0.009506,"oxy_1"
1,"wq1_ox_65",222.45,0.009506,"oxy_1"
1,"wq1_ox_66",188.865625,0.009506,"oxy_1"
1,"wq1_ox_67",275.509375,0.009506,"oxy_1"
1,"wq1_ox_68",285.975,0.009506,"oxy_1"
1,"wq1_ox_69",302.1875,0.009506,"oxy_1"
1,"wq1_ox_70",304.015625,0.009506,"oxy_1"
1,"wq1_ox_71",291.875,0.009506,"oxy_1"
1,"wq1_ox_72",308.896875,0.009506,"oxy_1"
1,"wq1_ox_73",328.95625,0.009506,"oxy_1"
1,"wq1_ox_74",195.9125,0.009506,"oxy_1"
1,"wq1_ox_75",212.765625,0.009506,"oxy_1"
1,"wq1_ox_76",235.41875,0.009506,"oxy_1"
1,"wq1_ox_77",286.81875,0.009506,"oxy_1"
1,"wq1_ox_78",316.490625,0.009506,"oxy_1"
1,"wq1_ox_79",313.753125,0.009506,"oxy_1"
1,"wq1_ox_80",396.45625,0.009506,"oxy_1"
1,"wq1_ox_81",270.65,0.009506,"oxy_1"
1,"wq1_ox_82",276.034375,0.009506,"oxy_1"
1,"wq1_ox_83",317.221875,0.009506,"oxy_1"
1,"wq1_ox_84",345.521875,0.009506,"oxy_1"
1,"wq1_ox_85",266.03125,0.009506,"oxy_1"
1,"wq1_ox_86",278.328125,0.009506,"oxy_1"
1,"wq1_ox_87",270.040625,0.009506,"oxy_1"
1,"wq1_ox_88",276.578125,0.009506,"oxy_1"
1,"wq1_ox_89",329.490625,0.009506,"oxy_1"
1,"wq1_ox_90",225.20625,0.009506,"oxy_1"
1,"wq1_ox_91",238.828125,0.009506,"oxy_1"
1,"wq1_ox_92",230.475,0.009506,"oxy_1"
1,"wq1_ox_93",274.190625,0.009506,"oxy_1"
1,"wq1_ox_94",274.128125,0.009506,"oxy_1"
1,"wq1_ox_95",259.375,0.009506,"oxy_1"
1,"wq1_ox_96",264.40625,0.009506,"oxy_1"
1,"wq1_ox_97",282.715625,0.009506,"oxy_1"
1,"wq1_ox_98",259.65,0.009506,"oxy_1"
1,"wq1_ox_99",266.496875,0.009506,"oxy_1"
1,"wq1_ox_100",274.309375,0.009506,"oxy_1"
1,"wq1_ox_101",251.684375,0.009506,"oxy_1"
1,"wq1_ox_102",266.359375,0.009506,"oxy_1"
1,"wq1_ox_103",281.496875,0.009506,"oxy_1"
1,"wq1_ox_104",279.0625,0.009506,"oxy_1"
1,"wq1_ox_105",245.41875,0.009506,"oxy_1"
1,"wq1_ox_106",273.253125,0.009506,"oxy_1"
1,"wq1_ox_107",232.1875,0.009506,"oxy_1"
1,"wq1_ox_108",210.11875,0.009506,"oxy_1"
1,"wq1_ox_109",275.01875,0.009506,"oxy_1"
1,"wq1_ox_110",234.0625,0.009506,"oxy_1"
1,"wq1_ox_111",219.003125,0.009506,"oxy_1"
1,"wq1_ox_112",220.328125,0.009506,"oxy_1"
1,"wq1_ox_113",265.95625,0.009506,"oxy_1"
1,"wq1_ox_114",224.575,0.009506,"oxy_1"
1,"wq1_ox_115",184.0625,0.009506,"oxy_1"
1,"wq1_ox_116",184.03125,0.009506,"oxy_1"
1,"wq1_ox_117",216.5625,0.009506,"oxy_1"
1,"wq1_ox_118",195.99375,0.009506,"oxy_1"
1,"wq1_ox_119",233.30625,0.009506,"oxy_1"
1,"wq1_ox_120",219.7875,0.009506,"oxy_1"
1,"wq1_ox_121",258.409375,0.009506,"oxy_1"
1,"wq1_ox_122",214.8625,0.009506,"oxy_1"
1,"wq1_ox_123",323.75,0.009506,"oxy_1"
1,"wq1_ox_124",307.775,0.009506,"oxy_1"
1,"wq1_ox_125",294.184375,0.009506,"oxy_1"
1,"wq1_ox_126",360.3125,0.009506,"oxy_1"
1,"wq1_ox_127",308.403125,0.009506,"oxy_1"
2,"wq2_ox_1",360.3125,0.009506,"oxy_2"
2,"wq2_ox_2",258.471875,0.009506,"oxy_2"
2,"wq2_ox_3",333.125,0.009506,"oxy_2"
2,"wq2_ox_4",244.768125,0.009506,"oxy_2"
2,"wq2_ox_5",360,0.009506,"oxy_2"
2,"wq2_ox_6",228.856875,0.009506,"oxy_2"
2,"wq2_ox_7",312.1875,0.009506,"oxy_2"
2,"wq2_ox_8",323.933125,0.009506,"oxy_2"
2,"wq2_ox_9",313.4375,0.009506,"oxy_2"
2,"wq2_ox_10",320.865625,0.009506,"oxy_2"
2,"wq2_ox_11",291.439375,0.009506,"oxy_2"
2,"wq2_ox_12",300,0.009506,"oxy_2"
2,"wq2_ox_13",291.8378125,0.009506,"oxy_2"
2,"wq2_ox_14",262.7678125,0.009506,"oxy_2"
2,"wq2_ox_15",266.875,0.009506,"oxy_2"
2,"wq2_ox_16",242.6440625,0.009506,"oxy_2"
2,"wq2_ox_17",260.9984375,0.009506,"oxy_2"
2,"wq2_ox_18",276.5625,0.009506,"oxy_2"
2,"wq2_ox_19",304.375,0.009506,"oxy_2"
2,"wq2_ox_20",312.1875,0.009506,"oxy_2"
2,"wq2_ox_21",290.625,0.009506,"oxy_2"
2,"wq2_ox_22",302.5,0.009506,"oxy_2"
2,"wq2_ox_23",271.25,0.009506,"oxy_2"
2,"wq2_ox_24",299.6875,0.009506,"oxy_2"
2,"wq2_ox_25",262.8125,0.009506,"oxy_2"
2,"wq2_ox_26",278.4375,0.009506,"oxy_2"
2,"wq2_ox_27",299.375,0.009506,"oxy_2"
2,"wq2_ox_28",321.25,0.009506,"oxy_2"
2,"wq2_ox_29",292.8125,0.009506,"oxy_2"
2,"wq2_ox_30",318.528125,0.009506,"oxy_2"
2,"wq2_ox_31",396.584375,0.009506,"oxy_2"
2,"wq2_ox_32",297.1875,0.009506,"oxy_2"
2,"wq2_ox_33",396.609375,0.009506,"oxy_2"
2,"wq2_ox_34",295.409375,0.009506,"oxy_2"
2,"wq2_ox_35",339.746875,0.009506,"oxy_2"
2,"wq2_ox_36",346.13125,0.009506,"oxy_2"
2,"wq2_ox_37",342.5,0.009506,"oxy_2"
2,"wq2_ox_38",457.5,0.009506,"oxy_2"
2,"wq2_ox_39",397.1875,0.009506,"oxy_2"
2,"wq2_ox_40",253.75,0.009506,"oxy_2"
2,"wq2_ox_41",213.75,0.009506,"oxy_2"
2,"wq2_ox_42",259.6875,0.009506,"oxy_2"
2,"wq2_ox_43",237.5,0.009506,"oxy_2"
2,"wq2_ox_44",269.6875,0.009506,"oxy_2"
2,"wq2_ox_45",261.25,0.009506,"oxy_2"
2,"wq2_ox_46",260.9375,0.009506,"oxy_2"
2,"wq2_ox_47",280.3125,0.009506,"oxy_2"
2,"wq2_ox_48",269.6875,0.009506,"oxy_2"
2,"wq2_ox_49",289.375,0.009506,"oxy_2"
2,"wq2_ox_50",298.125,0.009506,"oxy_2"
2,"wq2_ox_51",281.25,0.009506,"oxy_2"
2,"wq2_ox_52",268.4375,0.009506,"oxy_2"
2,"wq2_ox_53",278.125,0.009506,"oxy_2"
2,"wq2_ox_54",284.375,0.009506,"oxy_2"
2,"wq2_ox_55",321.171875,0.009506,"oxy_2"
2,"wq2_ox_56",354.6875,0.009506,"oxy_2"
2,"wq2_ox_57",406.5625,0.009506,"oxy_2"
2,"wq2_ox_58",413.125,0.009506,"oxy_2"
2,"wq2_ox_59",384.0625,0.009506,"oxy_2"
2,"wq2_ox_60",365.9375,0.009506,"oxy_2"
2,"wq2_ox_61",346.875,0.009506,"oxy_2"
2,"wq2_ox_62",304.715625,0.009506,"oxy_2"
2,"wq2_ox_63",313.215625,0.009506,"oxy_2"
2,"wq2_ox_64",316.521875,0.009506,"oxy_2"
2,"wq2_ox_65",288.98125,0.009506,"oxy_2"
2,"wq2_ox_66",296.603125,0.009506,"oxy_2"
2,"wq2_ox_67",287.36875,0.009506,"oxy_2"
2,"wq2_ox_68",304.04375,0.009506,"oxy_2"
2,"wq2_ox_69",261.215625,0.009506,"oxy_2"
2,"wq2_ox_70",297.46875,0.009506,"oxy_2"
2,"wq2_ox_71",302.5875,0.009506,"oxy_2"
2,"wq2_ox_72",312.621875,0.009506,"oxy_2"
2,"wq2_ox_73",305,0.009506,"oxy_2"
2,"wq2_ox_74",258.7,0.009506,"oxy_2"
2,"wq2_ox_75",228.371875,0.009506,"oxy_2"
2,"wq2_ox_76",221.884375,0.009506,"oxy_2"
2,"wq2_ox_77",255.2875,0.009506,"oxy_2"
2,"wq2_ox_78",290.078125,0.009506,"oxy_2"
2,"wq2_ox_79",281.415625,0.009506,"oxy_2"
2,"wq2_ox_80",286.528125,0.009506,"oxy_2"
2,"wq2_ox_81",268.5125,0.009506,"oxy_2"
2,"wq2_ox_82",309.05625,0.009506,"oxy_2"
2,"wq2_ox_83",316.534375,0.009506,"oxy_2"
2,"wq2_ox_84",322.925,0.009506,"oxy_2"
2,"wq2_ox_85",323.059375,0.009506,"oxy_2"
2,"wq2_ox_86",314.75625,0.009506,"oxy_2"
2,"wq2_ox_87",313.99375,0.009506,"oxy_2"
2,"wq2_ox_88",382.8125,0.009506,"oxy_2"
2,"wq2_ox_89",437.31875,0.009506,"oxy_2"
2,"wq2_ox_90",452.325,0.009506,"oxy_2"
2,"wq2_ox_91",458.090625,0.009506,"oxy_2"
2,"wq2_ox_92",286.21875,0.009506,"oxy_2"
2,"wq2_ox_93",331.35,0.009506,"oxy_2"
2,"wq2_ox_94",240.29375,0.009506,"oxy_2"
2,"wq2_ox_95",174.209375,0.009506,"oxy_2"
2,"wq2_ox_96",164.21875,0.009506,"oxy_2"
2,"wq2_ox_97",263.125,0.009506,"oxy_2"
2,"wq2_ox_98",259.20625,0.009506,"oxy_2"
2,"wq2_ox_99",179.965625,0.009506,"oxy_2"
2,"wq2_ox_100",252.4625,0.009506,"oxy_2"
2,"wq2_ox_101",243.84375,0.009506,"oxy_2"
2,"wq2_ox_102",287.14375,0.009506,"oxy_2"
2,"wq2_ox_103",301.565625,0.009506,"oxy_2"
2,"wq2_ox_104",313.1875,0.009506,"oxy_2"
2,"wq2_ox_105",278.4375,0.009506,"oxy_2"
2,"wq2_ox_106",216.875,0.009506,"oxy_2"
2,"wq2_ox_107",174.771875,0.009506,"oxy_2"
2,"wq2_ox_108",262.834375,0.009506,"oxy_2"
2,"wq2_ox_109",248.75,0.009506,"oxy_2"
2,"wq2_ox_110",215.8875,0.009506,"oxy_2"
2,"wq2_ox_111",105.84375,0.009506,"oxy_2"
2,"wq2_ox_112",227.88125,0.009506,"oxy_2"
2,"wq2_ox_113",181.875,0.009506,"oxy_2"
2,"wq2_ox_114",177.253125,0.009506,"oxy_2"
2,"wq2_ox_115",216.5625,0.009506,"oxy_2"
2,"wq2_ox_116",197.540625,0.009506,"oxy_2"
2,"wq2_ox_117",229.61875,0.009506,"oxy_2"
2,"wq2_ox_118",219.359375,0.009506,"oxy_2"
2,"wq2_ox_119",262.23125,0.009506,"oxy_2"
2,"wq2_ox_120",259.953125,0.009506,"oxy_2"
2,"wq2_ox_121",323.125,0.009506,"oxy_2"
2,"wq2_ox_122",298.328125,0.009506,"oxy_2"
2,"wq2_ox_123",345.528125,0.009506,"oxy_2"
2,"wq2_ox_124",357.5,0.009506,"oxy_2"
2,"wq2_ox_125",350.671875,0.009506,"oxy_2"
3,"wq3_ox_1",365.625,0.009506,"oxy_3"
3,"wq3_ox_2",238.9928125,0.009506,"oxy_3"
3,"wq3_ox_3",257.9140625,0.009506,"oxy_3"
3,"wq3_ox_4",365.625,0.009506,"oxy_3"
3,"wq3_ox_5",235.50875,0.009506,"oxy_3"
3,"wq3_ox_6",312.5,0.009506,"oxy_3"
3,"wq3_ox_7",310.925,0.009506,"oxy_3"
3,"wq3_ox_8",314.475625,0.009506,"oxy_3"
3,"wq3_ox_9",256.2703125,0.009506,"oxy_3"
3,"wq3_ox_10",260.481875,0.009506,"oxy_3"
3,"wq3_ox_11",238.7628125,0.009506,"oxy_3"
3,"wq3_ox_12",247.8125,0.009506,"oxy_3"
3,"wq3_ox_13",226.845,0.009506,"oxy_3"
3,"wq3_ox_14",214.665,0.009506,"oxy_3"
3,"wq3_ox_15",259.375,0.009506,"oxy_3"
3,"wq3_ox_16",270.3125,0.009506,"oxy_3"
3,"wq3_ox_17",311.25,0.009506,"oxy_3"
3,"wq3_ox_18",287.1875,0.009506,"oxy_3"
3,"wq3_ox_19",275.625,0.009506,"oxy_3"
3,"wq3_ox_20",271.25,0.009506,"oxy_3"
3,"wq3_ox_21",293.125,0.009506,"oxy_3"
3,"wq3_ox_22",297.5,0.009506,"oxy_3"
3,"wq3_ox_23",312.5,0.009506,"oxy_3"
3,"wq3_ox_24",337.8125,0.009506,"oxy_3"
3,"wq3_ox_25",312.5,0.009506,"oxy_3"
3,"wq3_ox_26",386.25,0.009506,"oxy_3"
3,"wq3_ox_27",283.3,0.009506,"oxy_3"
3,"wq3_ox_28",268.346875,0.009506,"oxy_3"
3,"wq3_ox_29",395,0.009506,"oxy_3"
3,"wq3_ox_30",262.915625,0.009506,"oxy_3"
3,"wq3_ox_31",277.31875,0.009506,"oxy_3"
3,"wq3_ox_32",278.234375,0.009506,"oxy_3"
3,"wq3_ox_33",253.415625,0.009506,"oxy_3"
3,"wq3_ox_34",335.3125,0.009506,"oxy_3"
3,"wq3_ox_35",421.5625,0.009506,"oxy_3"
3,"wq3_ox_36",332.8125,0.009506,"oxy_3"
3,"wq3_ox_37",267.8125,0.009506,"oxy_3"
3,"wq3_ox_38",201.25,0.009506,"oxy_3"
3,"wq3_ox_39",205.625,0.009506,"oxy_3"
3,"wq3_ox_40",280.625,0.009506,"oxy_3"
3,"wq3_ox_41",264.0625,0.009506,"oxy_3"
3,"wq3_ox_42",243.4375,0.009506,"oxy_3"
3,"wq3_ox_43",261.25,0.009506,"oxy_3"
3,"wq3_ox_44",247.1875,0.009506,"oxy_3"
3,"wq3_ox_45",296.875,0.009506,"oxy_3"
3,"wq3_ox_46",287.1875,0.009506,"oxy_3"
3,"wq3_ox_47",294.0625,0.009506,"oxy_3"
3,"wq3_ox_48",281.5625,0.009506,"oxy_3"
3,"wq3_ox_49",260,0.009506,"oxy_3"
3,"wq3_ox_50",271.875,0.009506,"oxy_3"
3,"wq3_ox_51",279.375,0.009506,"oxy_3"
3,"wq3_ox_52",321.646875,0.009506,"oxy_3"
3,"wq3_ox_53",353.125,0.009506,"oxy_3"
3,"wq3_ox_54",406.25,0.009506,"oxy_3"
3,"wq3_ox_55",411.875,0.009506,"oxy_3"
3,"wq3_ox_56",378.75,0.009506,"oxy_3"
3,"wq3_ox_57",346.875,0.009506,"oxy_3"
3,"wq3_ox_58",307.25625,0.009506,"oxy_3"
3,"wq3_ox_59",314.8,0.009506,"oxy_3"
3,"wq3_ox_60",317.325,0.009506,"oxy_3"
3,"wq3_ox_61",290.1125,0.009506,"oxy_3"
3,"wq3_ox_62",274.965625,0.009506,"oxy_3"
3,"wq3_ox_63",284.903125,0.009506,"oxy_3"
3,"wq3_ox_64",275.728125,0.009506,"oxy_3"
3,"wq3_ox_65",282.459375,0.009506,"oxy_3"
3,"wq3_ox_66",282.759375,0.009506,"oxy_3"
3,"wq3_ox_67",293.615625,0.009506,"oxy_3"
3,"wq3_ox_68",272.890625,0.009506,"oxy_3"
3,"wq3_ox_69",292.8125,0.009506,"oxy_3"
3,"wq3_ox_70",248.834375,0.009506,"oxy_3"
3,"wq3_ox_71",188.415625,0.009506,"oxy_3"
3,"wq3_ox_72",160.69375,0.009506,"oxy_3"
3,"wq3_ox_73",192.9875,0.009506,"oxy_3"
3,"wq3_ox_74",195.846875,0.009506,"oxy_3"
3,"wq3_ox_75",192.678125,0.009506,"oxy_3"
3,"wq3_ox_76",189.25,0.009506,"oxy_3"
3,"wq3_ox_77",187.728125,0.009506,"oxy_3"
3,"wq3_ox_78",149.99375,0.009506,"oxy_3"
3,"wq3_ox_79",211.41875,0.009506,"oxy_3"
3,"wq3_ox_80",177.784375,0.009506,"oxy_3"
3,"wq3_ox_81",175.85,0.009506,"oxy_3"
3,"wq3_ox_82",164.646875,0.009506,"oxy_3"
3,"wq3_ox_83",157.7,0.009506,"oxy_3"
3,"wq3_ox_84",173.778125,0.009506,"oxy_3"
3,"wq3_ox_85",171.325,0.009506,"oxy_3"
3,"wq3_ox_86",202.76875,0.009506,"oxy_3"
3,"wq3_ox_87",173.5625,0.009506,"oxy_3"
3,"wq3_ox_88",166.39375,0.009506,"oxy_3"
3,"wq3_ox_89",189.215625,0.009506,"oxy_3"
3,"wq3_ox_90",103.084375,0.009506,"oxy_3"
3,"wq3_ox_91",70.60625,0.009506,"oxy_3"
3,"wq3_ox_92",37.753125,0.009506,"oxy_3"
3,"wq3_ox_93",117.8125,0.009506,"oxy_3"
3,"wq3_ox_94",9.796875,0.009506,"oxy_3"
3,"wq3_ox_95",10.73125,0.009506,"oxy_3"
3,"wq3_ox_96",11.78125,0.009506,"oxy_3"
3,"wq3_ox_97",82.5,0.009506,"oxy_3"
3,"wq3_ox_98",183.75,0.009506,"oxy_3"
3,"wq3_ox_99",127.503125,0.009506,"oxy_3"
3,"wq3_ox_100",80.884375,0.009506,"oxy_3"
3,"wq3_ox_101",75,0.009506,"oxy_3"
3,"wq3_ox_102",138.4625,0.009506,"oxy_3"
3,"wq3_ox_103",58.2875,0.009506,"oxy_3"
3,"wq3_ox_104",179.375,0.009506,"oxy_3"
3,"wq3_ox_105",131.771875,0.009506,"oxy_3"
3,"wq3_ox_106",181.275,0.009506,"oxy_3"
3,"wq3_ox_107",215.625,0.009506,"oxy_3"
3,"wq3_ox_108",196.440625,0.009506,"oxy_3"
3,"wq3_ox_109",230.946875,0.009506,"oxy_3"
3,"wq3_ox_110",232.940625,0.009506,"oxy_3"
3,"wq3_ox_111",261.625,0.009506,"oxy_3"
3,"wq3_ox_112",261.1,0.009506,"oxy_3"
3,"wq3_ox_113",320.625,0.009506,"oxy_3"
3,"wq3_ox_114",298.64375,0.009506,"oxy_3"
3,"wq3_ox_115",345.6,0.009506,"oxy_3"
3,"wq3_ox_116",360,0.009506,"oxy_3"
3,"wq3_ox_117",352.471875,0.009506,"oxy_3"
4,"wq4_ox_1",363.75,0.009506,"oxy_4"
4,"wq4_ox_2",253.8165625,0.009506,"oxy_4"
4,"wq4_ox_3",328.75,0.009506,"oxy_4"
4,"wq4_ox_4",265.365625,0.009506,"oxy_4"
4,"wq4_ox_5",362.5,0.009506,"oxy_4"
4,"wq4_ox_6",254.2853125,0.009506,"oxy_4"
4,"wq4_ox_7",303.75,0.009506,"oxy_4"
4,"wq4_ox_8",297.9309375,0.009506,"oxy_4"
4,"wq4_ox_9",314.375,0.009506,"oxy_4"
4,"wq4_ox_10",280.1434375,0.009506,"oxy_4"
4,"wq4_ox_11",240.72125,0.009506,"oxy_4"
4,"wq4_ox_12",270.9375,0.009506,"oxy_4"
4,"wq4_ox_13",249.1,0.009506,"oxy_4"
4,"wq4_ox_14",293.525,0.009506,"oxy_4"
4,"wq4_ox_15",239.0625,0.009506,"oxy_4"
4,"wq4_ox_16",281.524375,0.009506,"oxy_4"
4,"wq4_ox_17",243.7865625,0.009506,"oxy_4"
4,"wq4_ox_18",224.6875,0.009506,"oxy_4"
4,"wq4_ox_19",228.75,0.009506,"oxy_4"
4,"wq4_ox_20",245.625,0.009506,"oxy_4"
4,"wq4_ox_21",308.4375,0.009506,"oxy_4"
4,"wq4_ox_22",210,0.009506,"oxy_4"
4,"wq4_ox_23",269.0625,0.009506,"oxy_4"
4,"wq4_ox_24",266.25,0.009506,"oxy_4"
4,"wq4_ox_25",256.25,0.009506,"oxy_4"
4,"wq4_ox_26",269.0625,0.009506,"oxy_4"
4,"wq4_ox_27",280.625,0.009506,"oxy_4"
4,"wq4_ox_28",251.875,0.009506,"oxy_4"
4,"wq4_ox_29",255.625,0.009506,"oxy_4"
4,"wq4_ox_30",146.471875,0.009506,"oxy_4"
4,"wq4_ox_31",99.4125,0.009506,"oxy_4"
4,"wq4_ox_32",237.8125,0.009506,"oxy_4"
4,"wq4_ox_33",78.040625,0.009506,"oxy_4"
4,"wq4_ox_34",197.98125,0.009506,"oxy_4"
4,"wq4_ox_35",216.021875,0.009506,"oxy_4"
4,"wq4_ox_36",220.059375,0.009506,"oxy_4"
4,"wq4_ox_37",259.0625,0.009506,"oxy_4"
4,"wq4_ox_38",230.625,0.009506,"oxy_4"
4,"wq4_ox_39",234.375,0.009506,"oxy_4"
4,"wq4_ox_40",185,0.009506,"oxy_4"
4,"wq4_ox_41",106.25,0.009506,"oxy_4"
4,"wq4_ox_42",75.625,0.009506,"oxy_4"
4,"wq4_ox_43",108.75,0.009506,"oxy_4"
4,"wq4_ox_44",5.40625,0.009506,"oxy_4"
4,"wq4_ox_45",139.0625,0.009506,"oxy_4"
4,"wq4_ox_46",15.103125,0.009506,"oxy_4"
4,"wq4_ox_47",198.4375,0.009506,"oxy_4"
4,"wq4_ox_48",262.5,0.009506,"oxy_4"
4,"wq4_ox_49",205.625,0.009506,"oxy_4"
4,"wq4_ox_50",254.6875,0.009506,"oxy_4"
4,"wq4_ox_51",283.125,0.009506,"oxy_4"
4,"wq4_ox_52",290.9375,0.009506,"oxy_4"
4,"wq4_ox_53",296.875,0.009506,"oxy_4"
4,"wq4_ox_54",233.4375,0.009506,"oxy_4"
4,"wq4_ox_55",262.1875,0.009506,"oxy_4"
4,"wq4_ox_56",281.25,0.009506,"oxy_4"
4,"wq4_ox_57",320.36875,0.009506,"oxy_4"
4,"wq4_ox_58",350.3125,0.009506,"oxy_4"
4,"wq4_ox_59",405.625,0.009506,"oxy_4"
4,"wq4_ox_60",375.9375,0.009506,"oxy_4"
4,"wq4_ox_61",365,0.009506,"oxy_4"
4,"wq4_ox_62",346.25,0.009506,"oxy_4"
4,"wq4_ox_63",289.25625,0.009506,"oxy_4"
4,"wq4_ox_64",278.26875,0.009506,"oxy_4"
4,"wq4_ox_65",301.06875,0.009506,"oxy_4"
4,"wq4_ox_66",264.646875,0.009506,"oxy_4"
4,"wq4_ox_67",268.528125,0.009506,"oxy_4"
4,"wq4_ox_68",239.43125,0.009506,"oxy_4"
4,"wq4_ox_69",223.290625,0.009506,"oxy_4"
4,"wq4_ox_70",224.5,0.009506,"oxy_4"
4,"wq4_ox_71",218.3125,0.009506,"oxy_4"
4,"wq4_ox_72",223.884375,0.009506,"oxy_4"
4,"wq4_ox_73",216.29375,0.009506,"oxy_4"
4,"wq4_ox_74",256.25,0.009506,"oxy_4"
4,"wq4_ox_75",276.3625,0.009506,"oxy_4"
4,"wq4_ox_76",224.025,0.009506,"oxy_4"
4,"wq4_ox_77",146.5125,0.009506,"oxy_4"
4,"wq4_ox_78",134.471875,0.009506,"oxy_4"
4,"wq4_ox_79",148.646875,0.009506,"oxy_4"
4,"wq4_ox_80",96.009375,0.009506,"oxy_4"
4,"wq4_ox_81",125.228125,0.009506,"oxy_4"
4,"wq4_ox_82",140.45625,0.009506,"oxy_4"
4,"wq4_ox_83",133.94375,0.009506,"oxy_4"
4,"wq4_ox_84",187.578125,0.009506,"oxy_4"
4,"wq4_ox_85",169.015625,0.009506,"oxy_4"
4,"wq4_ox_86",130.696875,0.009506,"oxy_4"
4,"wq4_ox_87",131.521875,0.009506,"oxy_4"
4,"wq4_ox_88",126.06875,0.009506,"oxy_4"
4,"wq4_ox_89",111.1375,0.009506,"oxy_4"
4,"wq4_ox_90",107.771875,0.009506,"oxy_4"
4,"wq4_ox_91",100.521875,0.009506,"oxy_4"
4,"wq4_ox_92",117.14375,0.009506,"oxy_4"
4,"wq4_ox_93",55.353125,0.009506,"oxy_4"
4,"wq4_ox_94",35.771875,0.009506,"oxy_4"
4,"wq4_ox_95",9.771875,0.009506,"oxy_4"
4,"wq4_ox_96",76.93125,0.009506,"oxy_4"
4,"wq4_ox_97",4.415625,0.009506,"oxy_4"
4,"wq4_ox_98",45.453125,0.009506,"oxy_4"
4,"wq4_ox_99",7.2125,0.009506,"oxy_4"
4,"wq4_ox_100",17.5,0.009506,"oxy_4"
4,"wq4_ox_101",12.7125,0.009506,"oxy_4"
4,"wq4_ox_102",8.315625,0.009506,"oxy_4"
4,"wq4_ox_103",6.753125,0.009506,"oxy_4"
4,"wq4_ox_104",5.55625,0.009506,"oxy_4"
4,"wq4_ox_105",3.184375,0.009506,"oxy_4"
4,"wq4_ox_106",3.646875,0.009506,"oxy_4"
4,"wq4_ox_107",4.88125,0.009506,"oxy_4"
4,"wq4_ox_108",4.35625,0.009506,"oxy_4"
4,"wq4_ox_109",24.6875,0.009506,"oxy_4"
4,"wq4_ox_110",3.59375,0.009506,"oxy_4"
4,"wq4_ox_111",2.878125,0.009506,"oxy_4"
4,"wq4_ox_112",149.6875,0.009506,"oxy_4"
4,"wq4_ox_113",42.359375,0.009506,"oxy_4"
4,"wq4_ox_114",4.08125,0.009506,"oxy_4"
4,"wq4_ox_115",172.1875,0.009506,"oxy_4"
4,"wq4_ox_116",0.8875,0.009506,"oxy_4"
4,"wq4_ox_117",30.59375,0.009506,"oxy_4"
4,"wq4_ox_118",4.359375,0.009506,"oxy_4"
4,"wq4_ox_119",6.909375,0.009506,"oxy_4"
4,"wq4_ox_120",153.4375,0.009506,"oxy_4"
4,"wq4_ox_121",115.665625,0.009506,"oxy_4"
4,"wq4_ox_122",195.359375,0.009506,"oxy_4"
4,"wq4_ox_123",202.8125,0.009506,"oxy_4"
4,"wq4_ox_124",191.334375,0.009506,"oxy_4"
4,"wq4_ox_125",230.996875,0.009506,"oxy_4"
4,"wq4_ox_126",233.109375,0.009506,"oxy_4"
4,"wq4_ox_127",258.303125,0.009506,"oxy_4"
4,"wq4_ox_128",259.56875,0.009506,"oxy_4"
4,"wq4_ox_129",320,0.009506,"oxy_4"
4,"wq4_ox_130",297.965625,0.009506,"oxy_4"
4,"wq4_ox_131",346.190625,0.009506,"oxy_4"
4,"wq4_ox_132",362.1875,0.009506,"oxy_4"
4,"wq4_ox_133",349.75625,0.009506,"oxy_4"
5,"wq5_ox_1",351.5625,0.009506,"oxy_5"
5,"wq5_ox_2",235.5215625,0.009506,"oxy_5"
5,"wq5_ox_3",327.8125,0.009506,"oxy_5"
5,"wq5_ox_4",284.81875,0.009506,"oxy_5"
5,"wq5_ox_5",346.5625,0.009506,"oxy_5"
5,"wq5_ox_6",246.0696875,0.009506,"oxy_5"
5,"wq5_ox_7",298.125,0.009506,"oxy_5"
5,"wq5_ox_8",263.9646875,0.009506,"oxy_5"
5,"wq5_ox_9",299.375,0.009506,"oxy_5"
5,"wq5_ox_10",281.34625,0.009506,"oxy_5"
5,"wq5_ox_11",296.650625,0.009506,"oxy_5"
5,"wq5_ox_12",301.875,0.009506,"oxy_5"
5,"wq5_ox_13",300.4640625,0.009506,"oxy_5"
5,"wq5_ox_14",296.513125,0.009506,"oxy_5"
5,"wq5_ox_15",284.6875,0.009506,"oxy_5"
5,"wq5_ox_16",298.051875,0.009506,"oxy_5"
5,"wq5_ox_17",291.249375,0.009506,"oxy_5"
5,"wq5_ox_18",284.6875,0.009506,"oxy_5"
5,"wq5_ox_19",272.8125,0.009506,"oxy_5"
5,"wq5_ox_20",308.125,0.009506,"oxy_5"
5,"wq5_ox_21",272.8125,0.009506,"oxy_5"
5,"wq5_ox_22",279.0625,0.009506,"oxy_5"
5,"wq5_ox_23",266.25,0.009506,"oxy_5"
5,"wq5_ox_24",256.5625,0.009506,"oxy_5"
5,"wq5_ox_25",225.625,0.009506,"oxy_5"
5,"wq5_ox_26",194.6875,0.009506,"oxy_5"
5,"wq5_ox_27",176.875,0.009506,"oxy_5"
5,"wq5_ox_28",128.125,0.009506,"oxy_5"
5,"wq5_ox_29",103.4375,0.009506,"oxy_5"
5,"wq5_ox_30",222.534375,0.009506,"oxy_5"
5,"wq5_ox_31",238.621875,0.009506,"oxy_5"
5,"wq5_ox_32",106.5625,0.009506,"oxy_5"
5,"wq5_ox_33",269.94375,0.009506,"oxy_5"
5,"wq5_ox_34",167.971875,0.009506,"oxy_5"
5,"wq5_ox_35",189,0.009506,"oxy_5"
5,"wq5_ox_36",164.915625,0.009506,"oxy_5"
5,"wq5_ox_37",204.0625,0.009506,"oxy_5"
5,"wq5_ox_38",161.5625,0.009506,"oxy_5"
5,"wq5_ox_39",75.9375,0.009506,"oxy_5"
5,"wq5_ox_40",22.5,0.009506,"oxy_5"
5,"wq5_ox_41",27.8125,0.009506,"oxy_5"
5,"wq5_ox_42",15,0.009506,"oxy_5"
5,"wq5_ox_43",23.4375,0.009506,"oxy_5"
5,"wq5_ox_44",6.15625,0.009506,"oxy_5"
5,"wq5_ox_45",20.625,0.009506,"oxy_5"
5,"wq5_ox_46",2.3,0.009506,"oxy_5"
5,"wq5_ox_47",24.375,0.009506,"oxy_5"
5,"wq5_ox_48",16.5625,0.009506,"oxy_5"
5,"wq5_ox_49",25.625,0.009506,"oxy_5"
5,"wq5_ox_50",25.3125,0.009506,"oxy_5"
5,"wq5_ox_51",27.1875,0.009506,"oxy_5"
5,"wq5_ox_52",29.6875,0.009506,"oxy_5"
5,"wq5_ox_53",40.3125,0.009506,"oxy_5"
5,"wq5_ox_54",203.75,0.009506,"oxy_5"
5,"wq5_ox_55",265.625,0.009506,"oxy_5"
5,"wq5_ox_56",287.1875,0.009506,"oxy_5"
5,"wq5_ox_57",318.8125,0.009506,"oxy_5"
5,"wq5_ox_58",350,0.009506,"oxy_5"
5,"wq5_ox_59",399.6875,0.009506,"oxy_5"
5,"wq5_ox_60",404.6875,0.009506,"oxy_5"
5,"wq5_ox_61",373.75,0.009506,"oxy_5"
5,"wq5_ox_62",360,0.009506,"oxy_5"
5,"wq5_ox_63",322.8125,0.009506,"oxy_5"
5,"wq5_ox_64",258.228125,0.009506,"oxy_5"
5,"wq5_ox_65",268.565625,0.009506,"oxy_5"
5,"wq5_ox_66",273.54375,0.009506,"oxy_5"
5,"wq5_ox_67",272.0875,0.009506,"oxy_5"
5,"wq5_ox_68",280.38125,0.009506,"oxy_5"
5,"wq5_ox_69",276.478125,0.009506,"oxy_5"
5,"wq5_ox_70",281.328125,0.009506,"oxy_5"
5,"wq5_ox_71",278.325,0.009506,"oxy_5"
5,"wq5_ox_72",280.38125,0.009506,"oxy_5"
5,"wq5_ox_73",279.903125,0.009506,"oxy_5"
5,"wq5_ox_74",285.2125,0.009506,"oxy_5"
5,"wq5_ox_75",265,0.009506,"oxy_5"
5,"wq5_ox_76",274.975,0.009506,"oxy_5"
5,"wq5_ox_77",250.503125,0.009506,"oxy_5"
5,"wq5_ox_78",243.1625,0.009506,"oxy_5"
5,"wq5_ox_79",247.190625,0.009506,"oxy_5"
5,"wq5_ox_80",243.96875,0.009506,"oxy_5"
5,"wq5_ox_81",256.184375,0.009506,"oxy_5"
5,"wq5_ox_82",244.871875,0.009506,"oxy_5"
5,"wq5_ox_83",246.453125,0.009506,"oxy_5"
5,"wq5_ox_84",245.471875,0.009506,"oxy_5"
5,"wq5_ox_85",250.871875,0.009506,"oxy_5"
5,"wq5_ox_86",252.490625,0.009506,"oxy_5"
5,"wq5_ox_87",244.8125,0.009506,"oxy_5"
5,"wq5_ox_88",242.615625,0.009506,"oxy_5"
5,"wq5_ox_89",240.446875,0.009506,"oxy_5"
5,"wq5_ox_90",238.3,0.009506,"oxy_5"
5,"wq5_ox_91",236.475,0.009506,"oxy_5"
5,"wq5_ox_92",225.140625,0.009506,"oxy_5"
5,"wq5_ox_93",227.3625,0.009506,"oxy_5"
5,"wq5_ox_94",162.865625,0.009506,"oxy_5"
5,"wq5_ox_95",135.70625,0.009506,"oxy_5"
5,"wq5_ox_96",94.503125,0.009506,"oxy_5"
5,"wq5_ox_97",79.78125,0.009506,"oxy_5"
5,"wq5_ox_98",26.959375,0.009506,"oxy_5"
5,"wq5_ox_99",41.875,0.009506,"oxy_5"
5,"wq5_ox_100",37.33125,0.009506,"oxy_5"
5,"wq5_ox_101",47.8125,0.009506,"oxy_5"
5,"wq5_ox_102",32.334375,0.009506,"oxy_5"
5,"wq5_ox_103",35.846875,0.009506,"oxy_5"
5,"wq5_ox_104",4.846875,0.009506,"oxy_5"
5,"wq5_ox_105",5.59375,0.009506,"oxy_5"
5,"wq5_ox_106",2.384375,0.009506,"oxy_5"
5,"wq5_ox_107",3.203125,0.009506,"oxy_5"
5,"wq5_ox_108",3.303125,0.009506,"oxy_5"
5,"wq5_ox_109",2.81875,0.009506,"oxy_5"
5,"wq5_ox_110",16.5625,0.009506,"oxy_5"
5,"wq5_ox_111",2.734375,0.009506,"oxy_5"
5,"wq5_ox_112",2.375,0.009506,"oxy_5"
5,"wq5_ox_113",206.25,0.009506,"oxy_5"
5,"wq5_ox_114",3.39375,0.009506,"oxy_5"
5,"wq5_ox_115",2.6875,0.009506,"oxy_5"
5,"wq5_ox_116",19.0625,0.009506,"oxy_5"
5,"wq5_ox_117",3.634375,0.009506,"oxy_5"
5,"wq5_ox_118",4.2625,0.009506,"oxy_5"
5,"wq5_ox_119",4.81875,0.009506,"oxy_5"
5,"wq5_ox_120",4.634375,0.009506,"oxy_5"
5,"wq5_ox_121",150.625,0.009506,"oxy_5"
5,"wq5_ox_122",90.834375,0.009506,"oxy_5"
5,"wq5_ox_123",195.55,0.009506,"oxy_5"
5,"wq5_ox_124",203.125,0.009506,"oxy_5"
5,"wq5_ox_125",183.625,0.009506,"oxy_5"
5,"wq5_ox_126",230.840625,0.009506,"oxy_5"
5,"wq5_ox_127",232.328125,0.009506,"oxy_5"
5,"wq5_ox_128",250.4875,0.009506,"oxy_5"
5,"wq5_ox_129",259.571875,0.009506,"oxy_5"
5,"wq5_ox_130",318.75,0.009506,"oxy_5"
5,"wq5_ox_131",297.31875,0.009506,"oxy_5"
5,"wq5_ox_132",345.109375,0.009506,"oxy_5"
5,"wq5_ox_133",360.3125,0.009506,"oxy_5"
5,"wq5_ox_134",351.1,0.009506,"oxy_5"
6,"wq6_ox_1",336.875,0.009506,"oxy_6"
6,"wq6_ox_2",224.925,0.009506,"oxy_6"
6,"wq6_ox_3",323.4375,0.009506,"oxy_6"
6,"wq6_ox_4",275.496875,0.009506,"oxy_6"
6,"wq6_ox_5",339.6875,0.009506,"oxy_6"
6,"wq6_ox_6",263.0596875,0.009506,"oxy_6"
6,"wq6_ox_7",287.1875,0.009506,"oxy_6"
6,"wq6_ox_8",251.7409375,0.009506,"oxy_6"
6,"wq6_ox_9",264.0625,0.009506,"oxy_6"
6,"wq6_ox_10",280.5175,0.009506,"oxy_6"
6,"wq6_ox_11",296.7359375,0.009506,"oxy_6"
6,"wq6_ox_12",310.9375,0.009506,"oxy_6"
6,"wq6_ox_13",301.4840625,0.009506,"oxy_6"
6,"wq6_ox_14",297.7621875,0.009506,"oxy_6"
6,"wq6_ox_15",289.0625,0.009506,"oxy_6"
6,"wq6_ox_16",297.970625,0.009506,"oxy_6"
6,"wq6_ox_17",291.73625,0.009506,"oxy_6"
6,"wq6_ox_18",290.9375,0.009506,"oxy_6"
6,"wq6_ox_19",293.75,0.009506,"oxy_6"
6,"wq6_ox_20",322.8125,0.009506,"oxy_6"
6,"wq6_ox_21",302.1875,0.009506,"oxy_6"
6,"wq6_ox_22",290.625,0.009506,"oxy_6"
6,"wq6_ox_23",255,0.009506,"oxy_6"
6,"wq6_ox_24",213.75,0.009506,"oxy_6"
6,"wq6_ox_25",197.5,0.009506,"oxy_6"
6,"wq6_ox_26",312.5,0.009506,"oxy_6"
6,"wq6_ox_27",318.75,0.009506,"oxy_6"
6,"wq6_ox_28",279.6875,0.009506,"oxy_6"
6,"wq6_ox_29",295,0.009506,"oxy_6"
6,"wq6_ox_30",288.05625,0.009506,"oxy_6"
6,"wq6_ox_31",285.2125,0.009506,"oxy_6"
6,"wq6_ox_32",279.0625,0.009506,"oxy_6"
6,"wq6_ox_33",273.721875,0.009506,"oxy_6"
6,"wq6_ox_34",273.790625,0.009506,"oxy_6"
6,"wq6_ox_35",254.45625,0.009506,"oxy_6"
6,"wq6_ox_36",252.7625,0.009506,"oxy_6"
6,"wq6_ox_37",126.25,0.009506,"oxy_6"
6,"wq6_ox_38",215,0.009506,"oxy_6"
6,"wq6_ox_39",222.5,0.009506,"oxy_6"
6,"wq6_ox_40",220.3125,0.009506,"oxy_6"
6,"wq6_ox_41",200.625,0.009506,"oxy_6"
6,"wq6_ox_42",181.875,0.009506,"oxy_6"
6,"wq6_ox_43",186.25,0.009506,"oxy_6"
6,"wq6_ox_44",6.15625,0.009506,"oxy_6"
6,"wq6_ox_45",188.125,0.009506,"oxy_6"
6,"wq6_ox_46",2.3,0.009506,"oxy_6"
6,"wq6_ox_47",176.875,0.009506,"oxy_6"
6,"wq6_ox_48",205.3125,0.009506,"oxy_6"
6,"wq6_ox_49",210.625,0.009506,"oxy_6"
6,"wq6_ox_50",227.1875,0.009506,"oxy_6"
6,"wq6_ox_51",195.9375,0.009506,"oxy_6"
6,"wq6_ox_52",211.25,0.009506,"oxy_6"
6,"wq6_ox_53",220,0.009506,"oxy_6"
6,"wq6_ox_54",225.3125,0.009506,"oxy_6"
6,"wq6_ox_55",267.1875,0.009506,"oxy_6"
6,"wq6_ox_56",288.4375,0.009506,"oxy_6"
6,"wq6_ox_57",321.1,0.009506,"oxy_6"
6,"wq6_ox_58",349.375,0.009506,"oxy_6"
6,"wq6_ox_59",396.875,0.009506,"oxy_6"
6,"wq6_ox_60",395.9375,0.009506,"oxy_6"
6,"wq6_ox_61",372.1875,0.009506,"oxy_6"
6,"wq6_ox_62",347.8125,0.009506,"oxy_6"
6,"wq6_ox_63",313.4375,0.009506,"oxy_6"
6,"wq6_ox_64",252.990625,0.009506,"oxy_6"
6,"wq6_ox_65",253.290625,0.009506,"oxy_6"
6,"wq6_ox_66",271.80625,0.009506,"oxy_6"
6,"wq6_ox_67",277.34375,0.009506,"oxy_6"
6,"wq6_ox_68",280.10625,0.009506,"oxy_6"
6,"wq6_ox_69",285.990625,0.009506,"oxy_6"
6,"wq6_ox_70",282.6375,0.009506,"oxy_6"
6,"wq6_ox_71",277.996875,0.009506,"oxy_6"
6,"wq6_ox_72",282.5875,0.009506,"oxy_6"
6,"wq6_ox_73",284.0125,0.009506,"oxy_6"
6,"wq6_ox_74",284.91875,0.009506,"oxy_6"
6,"wq6_ox_75",304.6875,0.009506,"oxy_6"
6,"wq6_ox_76",275.653125,0.009506,"oxy_6"
6,"wq6_ox_77",244.846875,0.009506,"oxy_6"
6,"wq6_ox_78",241.940625,0.009506,"oxy_6"
6,"wq6_ox_79",245.221875,0.009506,"oxy_6"
6,"wq6_ox_80",241.721875,0.009506,"oxy_6"
6,"wq6_ox_81",245.81875,0.009506,"oxy_6"
6,"wq6_ox_82",244.896875,0.009506,"oxy_6"
6,"wq6_ox_83",246.209375,0.009506,"oxy_6"
6,"wq6_ox_84",247.24375,0.009506,"oxy_6"
6,"wq6_ox_85",250.653125,0.009506,"oxy_6"
6,"wq6_ox_86",254.165625,0.009506,"oxy_6"
6,"wq6_ox_87",247.459375,0.009506,"oxy_6"
6,"wq6_ox_88",244.846875,0.009506,"oxy_6"
6,"wq6_ox_89",240.33125,0.009506,"oxy_6"
6,"wq6_ox_90",238.63125,0.009506,"oxy_6"
6,"wq6_ox_91",234.575,0.009506,"oxy_6"
6,"wq6_ox_92",229.00625,0.009506,"oxy_6"
6,"wq6_ox_93",228.3625,0.009506,"oxy_6"
6,"wq6_ox_94",163.403125,0.009506,"oxy_6"
6,"wq6_ox_95",128.2125,0.009506,"oxy_6"
6,"wq6_ox_96",93.159375,0.009506,"oxy_6"
6,"wq6_ox_97",81.978125,0.009506,"oxy_6"
6,"wq6_ox_98",29.11875,0.009506,"oxy_6"
6,"wq6_ox_99",1.965625,0.009506,"oxy_6"
6,"wq6_ox_100",31.671875,0.009506,"oxy_6"
6,"wq6_ox_101",62.5,0.009506,"oxy_6"
6,"wq6_ox_102",47.4125,0.009506,"oxy_6"
6,"wq6_ox_103",42.74375,0.009506,"oxy_6"
6,"wq6_ox_104",0.721875,0.009506,"oxy_6"
6,"wq6_ox_105",2.915625,0.009506,"oxy_6"
6,"wq6_ox_106",2.240625,0.009506,"oxy_6"
6,"wq6_ox_107",2.6375,0.009506,"oxy_6"
6,"wq6_ox_108",2.6875,0.009506,"oxy_6"
6,"wq6_ox_109",2.59375,0.009506,"oxy_6"
6,"wq6_ox_110",15.625,0.009506,"oxy_6"
6,"wq6_ox_111",2.353125,0.009506,"oxy_6"
6,"wq6_ox_112",2.228125,0.009506,"oxy_6"
6,"wq6_ox_113",178.125,0.009506,"oxy_6"
6,"wq6_ox_114",2.69375,0.009506,"oxy_6"
6,"wq6_ox_115",3.003125,0.009506,"oxy_6"
6,"wq6_ox_116",12.8125,0.009506,"oxy_6"
6,"wq6_ox_117",3.565625,0.009506,"oxy_6"
6,"wq6_ox_118",4.85,0.009506,"oxy_6"
6,"wq6_ox_119",4.384375,0.009506,"oxy_6"
6,"wq6_ox_120",4.6375,0.009506,"oxy_6"
6,"wq6_ox_121",77.8125,0.009506,"oxy_6"
6,"wq6_ox_122",2.084375,0.009506,"oxy_6"
6,"wq6_ox_123",202.24375,0.009506,"oxy_6"
6,"wq6_ox_124",202.8125,0.009506,"oxy_6"
6,"wq6_ox_125",183.521875,0.009506,"oxy_6"
6,"wq6_ox_126",231.171875,0.009506,"oxy_6"
6,"wq6_ox_127",228.890625,0.009506,"oxy_6"
6,"wq6_ox_128",215.50625,0.009506,"oxy_6"
6,"wq6_ox_129",261.20625,0.009506,"oxy_6"
6,"wq6_ox_130",317.8125,0.009506,"oxy_6"
6,"wq6_ox_131",297.25625,0.009506,"oxy_6"
6,"wq6_ox_132",344.88125,0.009506,"oxy_6"
6,"wq6_ox_133",358.75,0.009506,"oxy_6"
6,"wq6_ox_134",353.13125,0.009506,"oxy_6"
7,"wq7_ox_1",252.80125,0.009506,"oxy_7"
7,"wq7_ox_2",296.206875,0.009506,"oxy_7"
7,"wq7_ox_3",265.4015625,0.009506,"oxy_7"
7,"wq7_ox_4",220.150625,0.009506,"oxy_7"
7,"wq7_ox_5",289.1490625,0.009506,"oxy_7"
7,"wq7_ox_6",296.765625,0.009506,"oxy_7"
7,"wq7_ox_7",302.025625,0.009506,"oxy_7"
7,"wq7_ox_8",298.9759375,0.009506,"oxy_7"
7,"wq7_ox_9",297.284375,0.009506,"oxy_7"
7,"wq7_ox_10",292.6878125,0.009506,"oxy_7"
7,"wq7_ox_11",294.6875,0.009506,"oxy_7"
7,"wq7_ox_12",302.1875,0.009506,"oxy_7"
7,"wq7_ox_13",286.178125,0.009506,"oxy_7"
7,"wq7_ox_14",284.925,0.009506,"oxy_7"
7,"wq7_ox_15",276.353125,0.009506,"oxy_7"
7,"wq7_ox_16",263.6375,0.009506,"oxy_7"
7,"wq7_ox_17",250.009375,0.009506,"oxy_7"
7,"wq7_ox_18",237.828125,0.009506,"oxy_7"
7,"wq7_ox_19",6.15625,0.009506,"oxy_7"
7,"wq7_ox_20",2.3,0.009506,"oxy_7"
7,"wq7_ox_21",318.49375,0.009506,"oxy_7"
7,"wq7_ox_22",236.41875,0.009506,"oxy_7"
7,"wq7_ox_23",252.44375,0.009506,"oxy_7"
7,"wq7_ox_24",229.646875,0.009506,"oxy_7"
7,"wq7_ox_25",277.05,0.009506,"oxy_7"
7,"wq7_ox_26",280.334375,0.009506,"oxy_7"
7,"wq7_ox_27",288.1,0.009506,"oxy_7"
7,"wq7_ox_28",282.371875,0.009506,"oxy_7"
7,"wq7_ox_29",277.728125,0.009506,"oxy_7"
7,"wq7_ox_30",282.534375,0.009506,"oxy_7"
7,"wq7_ox_31",283.165625,0.009506,"oxy_7"
7,"wq7_ox_32",282.875,0.009506,"oxy_7"
7,"wq7_ox_33",279.140625,0.009506,"oxy_7"
7,"wq7_ox_34",242.971875,0.009506,"oxy_7"
7,"wq7_ox_35",242.3625,0.009506,"oxy_7"
7,"wq7_ox_36",245.928125,0.009506,"oxy_7"
7,"wq7_ox_37",240.65,0.009506,"oxy_7"
7,"wq7_ox_38",245.5125,0.009506,"oxy_7"
7,"wq7_ox_39",246.78125,0.009506,"oxy_7"
7,"wq7_ox_40",246.9125,0.009506,"oxy_7"
7,"wq7_ox_41",246.840625,0.009506,"oxy_7"
7,"wq7_ox_42",250.93125,0.009506,"oxy_7"
7,"wq7_ox_43",254.784375,0.009506,"oxy_7"
7,"wq7_ox_44",248.625,0.009506,"oxy_7"
7,"wq7_ox_45",243.915625,0.009506,"oxy_7"
7,"wq7_ox_46",240.178125,0.009506,"oxy_7"
7,"wq7_ox_47",239.5625,0.009506,"oxy_7"
7,"wq7_ox_48",234.071875,0.009506,"oxy_7"
7,"wq7_ox_49",229.834375,0.009506,"oxy_7"
7,"wq7_ox_50",228.3625,0.009506,"oxy_7"
7,"wq7_ox_51",164.228125,0.009506,"oxy_7"
7,"wq7_ox_52",127.73125,0.009506,"oxy_7"
7,"wq7_ox_53",93.203125,0.009506,"oxy_7"
7,"wq7_ox_54",68.225,0.009506,"oxy_7"
7,"wq7_ox_55",43.1,0.009506,"oxy_7"
7,"wq7_ox_56",2.184375,0.009506,"oxy_7"
7,"wq7_ox_57",33.23125,0.009506,"oxy_7"
7,"wq7_ox_58",63.4375,0.009506,"oxy_7"
7,"wq7_ox_59",45.70625,0.009506,"oxy_7"
7,"wq7_ox_60",31.66875,0.009506,"oxy_7"
7,"wq7_ox_61",3.25625,0.009506,"oxy_7"
7,"wq7_ox_62",2.428125,0.009506,"oxy_7"
7,"wq7_ox_63",2.071875,0.009506,"oxy_7"
7,"wq7_ox_64",2.434375,0.009506,"oxy_7"
7,"wq7_ox_65",2.496875,0.009506,"oxy_7"
7,"wq7_ox_66",2.59375,0.009506,"oxy_7"
7,"wq7_ox_67",2.284375,0.009506,"oxy_7"
7,"wq7_ox_68",1.99375,0.009506,"oxy_7"
7,"wq7_ox_69",2.409375,0.009506,"oxy_7"
7,"wq7_ox_70",2.546875,0.009506,"oxy_7"
7,"wq7_ox_71",3.165625,0.009506,"oxy_7"
7,"wq7_ox_72",3.428125,0.009506,"oxy_7"
7,"wq7_ox_73",3.740625,0.009506,"oxy_7"
7,"wq7_ox_74",3.95,0.009506,"oxy_7"
7,"wq7_ox_75",3.765625,0.009506,"oxy_7"
7,"wq7_ox_76",188.5125,0.009506,"oxy_7"
7,"wq7_ox_77",181.5625,0.009506,"oxy_7"
7,"wq7_ox_78",203.60625,0.009506,"oxy_7"
7,"wq7_ox_79",230.49375,0.009506,"oxy_7"
7,"wq7_ox_80",224.90625,0.009506,"oxy_7"
7,"wq7_ox_81",194.009375,0.009506,"oxy_7"
7,"wq7_ox_82",260.609375,0.009506,"oxy_7"
7,"wq7_ox_83",296.721875,0.009506,"oxy_7"
7,"wq7_ox_84",346.159375,0.009506,"oxy_7"
7,"wq7_ox_85",351.278125,0.009506,"oxy_7"
8,"wq8_ox_1",326.875,0.009506,"oxy_8"
8,"wq8_ox_2",285.1784375,0.009506,"oxy_8"
8,"wq8_ox_3",312.5,0.009506,"oxy_8"
8,"wq8_ox_4",303.24375,0.009506,"oxy_8"
8,"wq8_ox_5",328.125,0.009506,"oxy_8"
8,"wq8_ox_6",286.645,0.009506,"oxy_8"
8,"wq8_ox_7",280.3125,0.009506,"oxy_8"
8,"wq8_ox_8",223.4940625,0.009506,"oxy_8"
8,"wq8_ox_9",240.625,0.009506,"oxy_8"
8,"wq8_ox_10",289.19375,0.009506,"oxy_8"
8,"wq8_ox_11",297.4425,0.009506,"oxy_8"
8,"wq8_ox_12",310.9375,0.009506,"oxy_8"
8,"wq8_ox_13",302.07375,0.009506,"oxy_8"
8,"wq8_ox_14",298.054375,0.009506,"oxy_8"
8,"wq8_ox_15",291.875,0.009506,"oxy_8"
8,"wq8_ox_16",296.7171875,0.009506,"oxy_8"
8,"wq8_ox_17",292.7796875,0.009506,"oxy_8"
8,"wq8_ox_18",290.3125,0.009506,"oxy_8"
8,"wq8_ox_19",297.1875,0.009506,"oxy_8"
8,"wq8_ox_20",324.375,0.009506,"oxy_8"
8,"wq8_ox_21",304.6875,0.009506,"oxy_8"
8,"wq8_ox_22",298.4375,0.009506,"oxy_8"
8,"wq8_ox_23",293.125,0.009506,"oxy_8"
8,"wq8_ox_24",313.4375,0.009506,"oxy_8"
8,"wq8_ox_25",311.25,0.009506,"oxy_8"
8,"wq8_ox_26",325,0.009506,"oxy_8"
8,"wq8_ox_27",329.375,0.009506,"oxy_8"
8,"wq8_ox_28",297.1875,0.009506,"oxy_8"
8,"wq8_ox_29",304.6875,0.009506,"oxy_8"
8,"wq8_ox_30",287.44375,0.009506,"oxy_8"
8,"wq8_ox_31",285.934375,0.009506,"oxy_8"
8,"wq8_ox_32",291.25,0.009506,"oxy_8"
8,"wq8_ox_33",273.61875,0.009506,"oxy_8"
8,"wq8_ox_34",266.3,0.009506,"oxy_8"
8,"wq8_ox_35",250.528125,0.009506,"oxy_8"
8,"wq8_ox_36",239.06875,0.009506,"oxy_8"
8,"wq8_ox_37",234.0625,0.009506,"oxy_8"
8,"wq8_ox_38",251.875,0.009506,"oxy_8"
8,"wq8_ox_39",235.3125,0.009506,"oxy_8"
8,"wq8_ox_40",236.875,0.009506,"oxy_8"
8,"wq8_ox_41",210.9375,0.009506,"oxy_8"
8,"wq8_ox_42",191.875,0.009506,"oxy_8"
8,"wq8_ox_43",190,0.009506,"oxy_8"
8,"wq8_ox_44",6.15625,0.009506,"oxy_8"
8,"wq8_ox_45",189.375,0.009506,"oxy_8"
8,"wq8_ox_46",2.3,0.009506,"oxy_8"
8,"wq8_ox_47",183.125,0.009506,"oxy_8"
8,"wq8_ox_48",215.625,0.009506,"oxy_8"
8,"wq8_ox_49",225,0.009506,"oxy_8"
8,"wq8_ox_50",226.5625,0.009506,"oxy_8"
8,"wq8_ox_51",223.4375,0.009506,"oxy_8"
8,"wq8_ox_52",223.125,0.009506,"oxy_8"
8,"wq8_ox_53",226.25,0.009506,"oxy_8"
8,"wq8_ox_54",288.75,0.009506,"oxy_8"
8,"wq8_ox_55",265.3125,0.009506,"oxy_8"
8,"wq8_ox_56",287.1875,0.009506,"oxy_8"
8,"wq8_ox_57",319.053125,0.009506,"oxy_8"
8,"wq8_ox_58",345.3125,0.009506,"oxy_8"
8,"wq8_ox_59",388.125,0.009506,"oxy_8"
8,"wq8_ox_60",372.1875,0.009506,"oxy_8"
8,"wq8_ox_61",334.0625,0.009506,"oxy_8"
8,"wq8_ox_62",304.0625,0.009506,"oxy_8"
8,"wq8_ox_63",226.775,0.009506,"oxy_8"
8,"wq8_ox_64",232.059375,0.009506,"oxy_8"
8,"wq8_ox_65",227.846875,0.009506,"oxy_8"
8,"wq8_ox_66",276.575,0.009506,"oxy_8"
8,"wq8_ox_67",279.81875,0.009506,"oxy_8"
8,"wq8_ox_68",288.790625,0.009506,"oxy_8"
8,"wq8_ox_69",282.703125,0.009506,"oxy_8"
8,"wq8_ox_70",277.73125,0.009506,"oxy_8"
8,"wq8_ox_71",282.928125,0.009506,"oxy_8"
8,"wq8_ox_72",284.121875,0.009506,"oxy_8"
8,"wq8_ox_73",282.96875,0.009506,"oxy_8"
8,"wq8_ox_74",306.5625,0.009506,"oxy_8"
8,"wq8_ox_75",278.853125,0.009506,"oxy_8"
8,"wq8_ox_76",236.359375,0.009506,"oxy_8"
8,"wq8_ox_77",242.8375,0.009506,"oxy_8"
8,"wq8_ox_78",245.04375,0.009506,"oxy_8"
8,"wq8_ox_79",241.6,0.009506,"oxy_8"
8,"wq8_ox_80",245.396875,0.009506,"oxy_8"
8,"wq8_ox_81",247.65,0.009506,"oxy_8"
8,"wq8_ox_82",248.29375,0.009506,"oxy_8"
8,"wq8_ox_83",245.528125,0.009506,"oxy_8"
8,"wq8_ox_84",249.553125,0.009506,"oxy_8"
8,"wq8_ox_85",254.428125,0.009506,"oxy_8"
8,"wq8_ox_86",247.228125,0.009506,"oxy_8"
8,"wq8_ox_87",243.759375,0.009506,"oxy_8"
8,"wq8_ox_88",240.734375,0.009506,"oxy_8"
8,"wq8_ox_89",238.7,0.009506,"oxy_8"
8,"wq8_ox_90",233.153125,0.009506,"oxy_8"
8,"wq8_ox_91",231.115625,0.009506,"oxy_8"
8,"wq8_ox_92",228.803125,0.009506,"oxy_8"
8,"wq8_ox_93",164.228125,0.009506,"oxy_8"
8,"wq8_ox_94",127.709375,0.009506,"oxy_8"
8,"wq8_ox_95",92.584375,0.009506,"oxy_8"
8,"wq8_ox_96",43.4375,0.009506,"oxy_8"
8,"wq8_ox_97",17.70625,0.009506,"oxy_8"
8,"wq8_ox_98",29.321875,0.009506,"oxy_8"
8,"wq8_ox_99",30.734375,0.009506,"oxy_8"
8,"wq8_ox_100",63.4375,0.009506,"oxy_8"
8,"wq8_ox_101",35.375,0.009506,"oxy_8"
8,"wq8_ox_102",2.596875,0.009506,"oxy_8"
8,"wq8_ox_103",2.78125,0.009506,"oxy_8"
8,"wq8_ox_104",2.228125,0.009506,"oxy_8"
8,"wq8_ox_105",1.746875,0.009506,"oxy_8"
8,"wq8_ox_106",2.28125,0.009506,"oxy_8"
8,"wq8_ox_107",2.309375,0.009506,"oxy_8"
8,"wq8_ox_108",2.59375,0.009506,"oxy_8"
8,"wq8_ox_109",15,0.009506,"oxy_8"
8,"wq8_ox_110",2.20625,0.009506,"oxy_8"
8,"wq8_ox_111",1.928125,0.009506,"oxy_8"
8,"wq8_ox_112",150,0.009506,"oxy_8"
8,"wq8_ox_113",2.203125,0.009506,"oxy_8"
8,"wq8_ox_114",2.478125,0.009506,"oxy_8"
8,"wq8_ox_115",12.1875,0.009506,"oxy_8"
8,"wq8_ox_116",2.890625,0.009506,"oxy_8"
8,"wq8_ox_117",3.009375,0.009506,"oxy_8"
8,"wq8_ox_118",2.853125,0.009506,"oxy_8"
8,"wq8_ox_119",3.6625,0.009506,"oxy_8"
8,"wq8_ox_120",17.8125,0.009506,"oxy_8"
8,"wq8_ox_121",3.4375,0.009506,"oxy_8"
8,"wq8_ox_122",6.09375,0.009506,"oxy_8"
8,"wq8_ox_123",159.0625,0.009506,"oxy_8"
8,"wq8_ox_124",1.521875,0.009506,"oxy_8"
8,"wq8_ox_125",230.41875,0.009506,"oxy_8"
8,"wq8_ox_126",221.49375,0.009506,"oxy_8"
8,"wq8_ox_127",173.553125,0.009506,"oxy_8"
8,"wq8_ox_128",261.909375,0.009506,"oxy_8"
8,"wq8_ox_129",315,0.009506,"oxy_8"
8,"wq8_ox_130",295.2375,0.009506,"oxy_8"
8,"wq8_ox_131",344.53125,0.009506,"oxy_8"
8,"wq8_ox_132",356.5625,0.009506,"oxy_8"
8,"wq8_ox_133",351.94375,0.009506,"oxy_8"
9,"wq9_ox_1",316.25,0.009506,"oxy_9"
9,"wq9_ox_2",247.7759375,0.009506,"oxy_9"
9,"wq9_ox_3",306.25,0.009506,"oxy_9"
9,"wq9_ox_4",297.1946875,0.009506,"oxy_9"
9,"wq9_ox_5",323.75,0.009506,"oxy_9"
9,"wq9_ox_6",255.3840625,0.009506,"oxy_9"
9,"wq9_ox_7",260.9375,0.009506,"oxy_9"
9,"wq9_ox_8",212.45625,0.009506,"oxy_9"
9,"wq9_ox_9",240.625,0.009506,"oxy_9"
9,"wq9_ox_10",289.3203125,0.009506,"oxy_9"
9,"wq9_ox_11",295.505625,0.009506,"oxy_9"
9,"wq9_ox_12",310.9375,0.009506,"oxy_9"
9,"wq9_ox_13",302.578125,0.009506,"oxy_9"
9,"wq9_ox_14",298.385625,0.009506,"oxy_9"
9,"wq9_ox_15",293.125,0.009506,"oxy_9"
9,"wq9_ox_16",296.2228125,0.009506,"oxy_9"
9,"wq9_ox_17",292.3909375,0.009506,"oxy_9"
9,"wq9_ox_18",290.9375,0.009506,"oxy_9"
9,"wq9_ox_19",297.5,0.009506,"oxy_9"
9,"wq9_ox_20",322.8125,0.009506,"oxy_9"
9,"wq9_ox_21",303.75,0.009506,"oxy_9"
9,"wq9_ox_22",296.875,0.009506,"oxy_9"
9,"wq9_ox_23",296.25,0.009506,"oxy_9"
9,"wq9_ox_24",314.0625,0.009506,"oxy_9"
9,"wq9_ox_25",317.5,0.009506,"oxy_9"
9,"wq9_ox_26",328.125,0.009506,"oxy_9"
9,"wq9_ox_27",332.1875,0.009506,"oxy_9"
9,"wq9_ox_28",299.375,0.009506,"oxy_9"
9,"wq9_ox_29",302.1875,0.009506,"oxy_9"
9,"wq9_ox_30",285.15,0.009506,"oxy_9"
9,"wq9_ox_31",283.6125,0.009506,"oxy_9"
9,"wq9_ox_32",288.4375,0.009506,"oxy_9"
9,"wq9_ox_33",275.178125,0.009506,"oxy_9"
9,"wq9_ox_34",265.165625,0.009506,"oxy_9"
9,"wq9_ox_35",250.49375,0.009506,"oxy_9"
9,"wq9_ox_36",238.103125,0.009506,"oxy_9"
9,"wq9_ox_37",236.5625,0.009506,"oxy_9"
9,"wq9_ox_38",255,0.009506,"oxy_9"
9,"wq9_ox_39",238.75,0.009506,"oxy_9"
9,"wq9_ox_40",239.0625,0.009506,"oxy_9"
9,"wq9_ox_41",211.875,0.009506,"oxy_9"
9,"wq9_ox_42",193.4375,0.009506,"oxy_9"
9,"wq9_ox_43",190.625,0.009506,"oxy_9"
9,"wq9_ox_44",6.15625,0.009506,"oxy_9"
9,"wq9_ox_45",190.3125,0.009506,"oxy_9"
9,"wq9_ox_46",2.3,0.009506,"oxy_9"
9,"wq9_ox_47",184.6875,0.009506,"oxy_9"
9,"wq9_ox_48",215.625,0.009506,"oxy_9"
9,"wq9_ox_49",226.25,0.009506,"oxy_9"
9,"wq9_ox_50",226.25,0.009506,"oxy_9"
9,"wq9_ox_51",225.625,0.009506,"oxy_9"
9,"wq9_ox_52",222.5,0.009506,"oxy_9"
9,"wq9_ox_53",225.3125,0.009506,"oxy_9"
9,"wq9_ox_54",289.0625,0.009506,"oxy_9"
9,"wq9_ox_55",264.375,0.009506,"oxy_9"
9,"wq9_ox_56",285.9375,0.009506,"oxy_9"
9,"wq9_ox_57",317.44375,0.009506,"oxy_9"
9,"wq9_ox_58",346.5625,0.009506,"oxy_9"
9,"wq9_ox_59",382.8125,0.009506,"oxy_9"
9,"wq9_ox_60",387.1875,0.009506,"oxy_9"
9,"wq9_ox_61",369.0625,0.009506,"oxy_9"
9,"wq9_ox_62",317.1875,0.009506,"oxy_9"
9,"wq9_ox_63",296.25,0.009506,"oxy_9"
9,"wq9_ox_64",221.7375,0.009506,"oxy_9"
9,"wq9_ox_65",228.425,0.009506,"oxy_9"
9,"wq9_ox_66",222.625,0.009506,"oxy_9"
9,"wq9_ox_67",276.39375,0.009506,"oxy_9"
9,"wq9_ox_68",278.865625,0.009506,"oxy_9"
9,"wq9_ox_69",288.121875,0.009506,"oxy_9"
9,"wq9_ox_70",282.109375,0.009506,"oxy_9"
9,"wq9_ox_71",277.59375,0.009506,"oxy_9"
9,"wq9_ox_72",282.471875,0.009506,"oxy_9"
9,"wq9_ox_73",282.7375,0.009506,"oxy_9"
9,"wq9_ox_74",279.759375,0.009506,"oxy_9"
9,"wq9_ox_75",307.5,0.009506,"oxy_9"
9,"wq9_ox_76",278.7125,0.009506,"oxy_9"
9,"wq9_ox_77",194.303125,0.009506,"oxy_9"
9,"wq9_ox_78",242.5625,0.009506,"oxy_9"
9,"wq9_ox_79",246.06875,0.009506,"oxy_9"
9,"wq9_ox_80",241.171875,0.009506,"oxy_9"
9,"wq9_ox_81",245.653125,0.009506,"oxy_9"
9,"wq9_ox_82",246.271875,0.009506,"oxy_9"
9,"wq9_ox_83",248.015625,0.009506,"oxy_9"
9,"wq9_ox_84",245.890625,0.009506,"oxy_9"
9,"wq9_ox_85",249.015625,0.009506,"oxy_9"
9,"wq9_ox_86",253.46875,0.009506,"oxy_9"
9,"wq9_ox_87",246.765625,0.009506,"oxy_9"
9,"wq9_ox_88",244.5,0.009506,"oxy_9"
9,"wq9_ox_89",239.3375,0.009506,"oxy_9"
9,"wq9_ox_90",238.51875,0.009506,"oxy_9"
9,"wq9_ox_91",233.075,0.009506,"oxy_9"
9,"wq9_ox_92",231.303125,0.009506,"oxy_9"
9,"wq9_ox_93",227.70625,0.009506,"oxy_9"
9,"wq9_ox_94",164.228125,0.009506,"oxy_9"
9,"wq9_ox_95",127.740625,0.009506,"oxy_9"
9,"wq9_ox_96",93.23125,0.009506,"oxy_9"
9,"wq9_ox_97",3.15625,0.009506,"oxy_9"
9,"wq9_ox_98",3.03125,0.009506,"oxy_9"
9,"wq9_ox_99",1.765625,0.009506,"oxy_9"
9,"wq9_ox_100",28.58125,0.009506,"oxy_9"
9,"wq9_ox_101",62.5,0.009506,"oxy_9"
9,"wq9_ox_102",2.66875,0.009506,"oxy_9"
9,"wq9_ox_103",2.53125,0.009506,"oxy_9"
9,"wq9_ox_104",2.565625,0.009506,"oxy_9"
9,"wq9_ox_105",2.246875,0.009506,"oxy_9"
9,"wq9_ox_106",1.81875,0.009506,"oxy_9"
9,"wq9_ox_107",2.34375,0.009506,"oxy_9"
9,"wq9_ox_108",2.2375,0.009506,"oxy_9"
9,"wq9_ox_109",2.59375,0.009506,"oxy_9"
9,"wq9_ox_110",14.375,0.009506,"oxy_9"
9,"wq9_ox_111",2.134375,0.009506,"oxy_9"
9,"wq9_ox_112",1.98125,0.009506,"oxy_9"
9,"wq9_ox_113",143.75,0.009506,"oxy_9"
9,"wq9_ox_114",2.184375,0.009506,"oxy_9"
9,"wq9_ox_115",2.315625,0.009506,"oxy_9"
9,"wq9_ox_116",12.5,0.009506,"oxy_9"
9,"wq9_ox_117",2.959375,0.009506,"oxy_9"
9,"wq9_ox_118",3.215625,0.009506,"oxy_9"
9,"wq9_ox_119",3.084375,0.009506,"oxy_9"
9,"wq9_ox_120",3.3,0.009506,"oxy_9"
9,"wq9_ox_121",15.3125,0.009506,"oxy_9"
9,"wq9_ox_122",3.234375,0.009506,"oxy_9"
9,"wq9_ox_123",4.253125,0.009506,"oxy_9"
9,"wq9_ox_124",17.8125,0.009506,"oxy_9"
9,"wq9_ox_125",5.921875,0.009506,"oxy_9"
9,"wq9_ox_126",229.696875,0.009506,"oxy_9"
9,"wq9_ox_127",213.04375,0.009506,"oxy_9"
9,"wq9_ox_128",167.74375,0.009506,"oxy_9"
9,"wq9_ox_129",260.45625,0.009506,"oxy_9"
9,"wq9_ox_130",314.6875,0.009506,"oxy_9"
9,"wq9_ox_131",295.15625,0.009506,"oxy_9"
9,"wq9_ox_132",343.8125,0.009506,"oxy_9"
9,"wq9_ox_133",355.3125,0.009506,"oxy_9"
9,"wq9_ox_134",350.9375,0.009506,"oxy_9"
9.2,"wq9.2_ox_1",316.25,0.009506,"oxy_9.2"
9.2,"wq9.2_ox_2",243.6328125,0.009506,"oxy_9.2"
9.2,"wq9.2_ox_3",306.25,0.009506,"oxy_9.2"
9.2,"wq9.2_ox_4",295.064375,0.009506,"oxy_9.2"
9.2,"wq9.2_ox_5",323.75,0.009506,"oxy_9.2"
9.2,"wq9.2_ox_6",251.63,0.009506,"oxy_9.2"
9.2,"wq9.2_ox_7",260.9375,0.009506,"oxy_9.2"
9.2,"wq9.2_ox_8",211.061875,0.009506,"oxy_9.2"
9.2,"wq9.2_ox_9",240.625,0.009506,"oxy_9.2"
9.2,"wq9.2_ox_10",289.3359375,0.009506,"oxy_9.2"
9.2,"wq9.2_ox_11",295.716875,0.009506,"oxy_9.2"
9.2,"wq9.2_ox_12",310.9375,0.009506,"oxy_9.2"
9.2,"wq9.2_ox_13",302.919375,0.009506,"oxy_9.2"
9.2,"wq9.2_ox_14",298.4203125,0.009506,"oxy_9.2"
9.2,"wq9.2_ox_15",293.125,0.009506,"oxy_9.2"
9.2,"wq9.2_ox_16",295.8,0.009506,"oxy_9.2"
9.2,"wq9.2_ox_17",292.4659375,0.009506,"oxy_9.2"
9.2,"wq9.2_ox_18",290.9375,0.009506,"oxy_9.2"
9.2,"wq9.2_ox_19",297.8125,0.009506,"oxy_9.2"
9.2,"wq9.2_ox_20",322.8125,0.009506,"oxy_9.2"
9.2,"wq9.2_ox_21",303.75,0.009506,"oxy_9.2"
9.2,"wq9.2_ox_22",296.875,0.009506,"oxy_9.2"
9.2,"wq9.2_ox_23",296.25,0.009506,"oxy_9.2"
9.2,"wq9.2_ox_24",314.0625,0.009506,"oxy_9.2"
9.2,"wq9.2_ox_25",317.5,0.009506,"oxy_9.2"
9.2,"wq9.2_ox_26",328.125,0.009506,"oxy_9.2"
9.2,"wq9.2_ox_27",332.1875,0.009506,"oxy_9.2"
9.2,"wq9.2_ox_28",299.375,0.009506,"oxy_9.2"
9.2,"wq9.2_ox_29",302.1875,0.009506,"oxy_9.2"
9.2,"wq9.2_ox_30",284.91875,0.009506,"oxy_9.2"
9.2,"wq9.2_ox_31",284.009375,0.009506,"oxy_9.2"
9.2,"wq9.2_ox_32",288.4375,0.009506,"oxy_9.2"
9.2,"wq9.2_ox_33",275.15625,0.009506,"oxy_9.2"
9.2,"wq9.2_ox_34",265.6875,0.009506,"oxy_9.2"
9.2,"wq9.2_ox_35",251.215625,0.009506,"oxy_9.2"
9.2,"wq9.2_ox_36",238.365625,0.009506,"oxy_9.2"
9.2,"wq9.2_ox_37",236.5625,0.009506,"oxy_9.2"
9.2,"wq9.2_ox_38",255,0.009506,"oxy_9.2"
9.2,"wq9.2_ox_39",238.75,0.009506,"oxy_9.2"
9.2,"wq9.2_ox_40",239.0625,0.009506,"oxy_9.2"
9.2,"wq9.2_ox_41",211.875,0.009506,"oxy_9.2"
9.2,"wq9.2_ox_42",193.4375,0.009506,"oxy_9.2"
9.2,"wq9.2_ox_43",190.625,0.009506,"oxy_9.2"
9.2,"wq9.2_ox_44",6.15625,0.009506,"oxy_9.2"
9.2,"wq9.2_ox_45",190.3125,0.009506,"oxy_9.2"
9.2,"wq9.2_ox_46",2.3,0.009506,"oxy_9.2"
9.2,"wq9.2_ox_47",184.6875,0.009506,"oxy_9.2"
9.2,"wq9.2_ox_48",215.625,0.009506,"oxy_9.2"
9.2,"wq9.2_ox_49",226.25,0.009506,"oxy_9.2"
9.2,"wq9.2_ox_50",226.25,0.009506,"oxy_9.2"
9.2,"wq9.2_ox_51",225.625,0.009506,"oxy_9.2"
9.2,"wq9.2_ox_52",222.5,0.009506,"oxy_9.2"
9.2,"wq9.2_ox_53",225.3125,0.009506,"oxy_9.2"
9.2,"wq9.2_ox_54",288.75,0.009506,"oxy_9.2"
9.2,"wq9.2_ox_55",264.375,0.009506,"oxy_9.2"
9.2,"wq9.2_ox_56",285.9375,0.009506,"oxy_9.2"
9.2,"wq9.2_ox_57",317.809375,0.009506,"oxy_9.2"
9.2,"wq9.2_ox_58",346.5625,0.009506,"oxy_9.2"
9.2,"wq9.2_ox_59",382.8125,0.009506,"oxy_9.2"
9.2,"wq9.2_ox_60",387.1875,0.009506,"oxy_9.2"
9.2,"wq9.2_ox_61",369.0625,0.009506,"oxy_9.2"
9.2,"wq9.2_ox_62",317.1875,0.009506,"oxy_9.2"
9.2,"wq9.2_ox_63",296.25,0.009506,"oxy_9.2"
9.2,"wq9.2_ox_64",216.5875,0.009506,"oxy_9.2"
9.2,"wq9.2_ox_65",221.98125,0.009506,"oxy_9.2"
9.2,"wq9.2_ox_66",217.315625,0.009506,"oxy_9.2"
9.2,"wq9.2_ox_67",277.10625,0.009506,"oxy_9.2"
9.2,"wq9.2_ox_68",278.771875,0.009506,"oxy_9.2"
9.2,"wq9.2_ox_69",286.796875,0.009506,"oxy_9.2"
9.2,"wq9.2_ox_70",281.34375,0.009506,"oxy_9.2"
9.2,"wq9.2_ox_71",276.2875,0.009506,"oxy_9.2"
9.2,"wq9.2_ox_72",283.26875,0.009506,"oxy_9.2"
9.2,"wq9.2_ox_73",283.13125,0.009506,"oxy_9.2"
9.2,"wq9.2_ox_74",279.925,0.009506,"oxy_9.2"
9.2,"wq9.2_ox_75",307.5,0.009506,"oxy_9.2"
9.2,"wq9.2_ox_76",279.153125,0.009506,"oxy_9.2"
9.2,"wq9.2_ox_77",184.265625,0.009506,"oxy_9.2"
9.2,"wq9.2_ox_78",242.35,0.009506,"oxy_9.2"
9.2,"wq9.2_ox_79",245.265625,0.009506,"oxy_9.2"
9.2,"wq9.2_ox_80",240.625,0.009506,"oxy_9.2"
9.2,"wq9.2_ox_81",246.175,0.009506,"oxy_9.2"
9.2,"wq9.2_ox_82",245.978125,0.009506,"oxy_9.2"
9.2,"wq9.2_ox_83",248.0375,0.009506,"oxy_9.2"
9.2,"wq9.2_ox_84",245.371875,0.009506,"oxy_9.2"
9.2,"wq9.2_ox_85",248.303125,0.009506,"oxy_9.2"
9.2,"wq9.2_ox_86",252.55,0.009506,"oxy_9.2"
9.2,"wq9.2_ox_87",246.64375,0.009506,"oxy_9.2"
9.2,"wq9.2_ox_88",244.340625,0.009506,"oxy_9.2"
9.2,"wq9.2_ox_89",238.28125,0.009506,"oxy_9.2"
9.2,"wq9.2_ox_90",239.534375,0.009506,"oxy_9.2"
9.2,"wq9.2_ox_91",232.61875,0.009506,"oxy_9.2"
9.2,"wq9.2_ox_92",232.153125,0.009506,"oxy_9.2"
9.2,"wq9.2_ox_93",226.778125,0.009506,"oxy_9.2"
9.2,"wq9.2_ox_94",164.228125,0.009506,"oxy_9.2"
9.2,"wq9.2_ox_95",127.790625,0.009506,"oxy_9.2"
9.2,"wq9.2_ox_96",93.09375,0.009506,"oxy_9.2"
9.2,"wq9.2_ox_97",3.2125,0.009506,"oxy_9.2"
9.2,"wq9.2_ox_98",2.9,0.009506,"oxy_9.2"
9.2,"wq9.2_ox_99",27.940625,0.009506,"oxy_9.2"
9.2,"wq9.2_ox_100",28.359375,0.009506,"oxy_9.2"
9.2,"wq9.2_ox_101",62.5,0.009506,"oxy_9.2"
9.2,"wq9.2_ox_102",2.2375,0.009506,"oxy_9.2"
9.2,"wq9.2_ox_103",2.265625,0.009506,"oxy_9.2"
9.2,"wq9.2_ox_104",2.61875,0.009506,"oxy_9.2"
9.2,"wq9.2_ox_105",2.253125,0.009506,"oxy_9.2"
9.2,"wq9.2_ox_106",1.8,0.009506,"oxy_9.2"
9.2,"wq9.2_ox_107",2.1375,0.009506,"oxy_9.2"
9.2,"wq9.2_ox_108",2.303125,0.009506,"oxy_9.2"
9.2,"wq9.2_ox_109",2.59375,0.009506,"oxy_9.2"
9.2,"wq9.2_ox_110",14.375,0.009506,"oxy_9.2"
9.2,"wq9.2_ox_111",2.00625,0.009506,"oxy_9.2"
9.2,"wq9.2_ox_112",1.85,0.009506,"oxy_9.2"
9.2,"wq9.2_ox_113",143.75,0.009506,"oxy_9.2"
9.2,"wq9.2_ox_114",2.121875,0.009506,"oxy_9.2"
9.2,"wq9.2_ox_115",2.428125,0.009506,"oxy_9.2"
9.2,"wq9.2_ox_116",12.5,0.009506,"oxy_9.2"
9.2,"wq9.2_ox_117",2.803125,0.009506,"oxy_9.2"
9.2,"wq9.2_ox_118",2.8,0.009506,"oxy_9.2"
9.2,"wq9.2_ox_119",3.228125,0.009506,"oxy_9.2"
9.2,"wq9.2_ox_120",3.171875,0.009506,"oxy_9.2"
9.2,"wq9.2_ox_121",15.3125,0.009506,"oxy_9.2"
9.2,"wq9.2_ox_122",2.84375,0.009506,"oxy_9.2"
9.2,"wq9.2_ox_123",4.04375,0.009506,"oxy_9.2"
9.2,"wq9.2_ox_124",17.8125,0.009506,"oxy_9.2"
9.2,"wq9.2_ox_125",5.7625,0.009506,"oxy_9.2"
9.2,"wq9.2_ox_126",228.675,0.009506,"oxy_9.2"
9.2,"wq9.2_ox_127",209.5875,0.009506,"oxy_9.2"
9.2,"wq9.2_ox_128",167.3875,0.009506,"oxy_9.2"
9.2,"wq9.2_ox_129",261.121875,0.009506,"oxy_9.2"
9.2,"wq9.2_ox_130",314.6875,0.009506,"oxy_9.2"
9.2,"wq9.2_ox_131",293.09375,0.009506,"oxy_9.2"
9.2,"wq9.2_ox_132",343.36875,0.009506,"oxy_9.2"
9.2,"wq9.2_ox_133",355.3125,0.009506,"oxy_9.2"
9.2,"wq9.2_ox_134",352.415625,0.009506,"oxy_9.2"
