"DateTime","Depth","co2_obs","DateTime_H","pCO2"
2016-12-02 12:00:00,0.1,16.357109385,2016-12-02 12:00:00,5.19501e-05
2016-12-02 12:00:00,1.6,17.33588381,2016-12-02 12:00:00,5.50587e-05
2016-12-02 12:00:00,3.8,16.03393015,2016-12-02 12:00:00,5.09237e-05
2016-12-02 12:00:00,5,17.332880235,2016-12-02 12:00:00,5.50491e-05
2016-12-02 12:00:00,6.2,18.641147525,2016-12-02 12:00:00,5.92042e-05
2016-12-02 12:00:00,8,17.881397365,2016-12-02 12:00:00,5.67912e-05
2016-12-02 12:00:00,9,18.8354718,2016-12-02 12:00:00,5.98214e-05
2017-02-07 12:00:00,0.1,15.63135654,2017-02-07 12:00:00,4.96451e-05
2017-02-07 12:00:00,1.6,15.07577381,2017-02-07 12:00:00,4.78806e-05
2017-02-07 12:00:00,3.8,15.46649063,2017-02-07 12:00:00,4.91215e-05
2017-02-07 12:00:00,5,16.37791251,2017-02-07 12:00:00,5.20162e-05
2017-02-07 12:00:00,6.2,15.81471741,2017-02-07 12:00:00,5.02275e-05
2017-02-07 12:00:00,8,15.566942815,2017-02-07 12:00:00,4.94405e-05
2017-02-07 12:00:00,9,16.465766215,2017-02-07 12:00:00,5.22952e-05
2017-02-27 12:00:00,0.1,15.242522675,2017-02-27 12:00:00,4.84102e-05
2017-02-27 12:00:00,1.6,16.067565495,2017-02-27 12:00:00,5.10305e-05
2017-02-27 12:00:00,3.8,14.034503975,2017-02-27 12:00:00,4.45735e-05
2017-02-27 12:00:00,5,17.528490255,2017-02-27 12:00:00,5.56704e-05
2017-02-27 12:00:00,6.2,17.755572125,2017-02-27 12:00:00,5.63916e-05
2017-02-27 12:00:00,8,22.5825552,2017-02-27 12:00:00,7.17221e-05
2017-02-27 12:00:00,9,19.060705655,2017-02-27 12:00:00,6.05367e-05
2017-03-13 12:00:00,0.1,15.74087606,2017-03-13 12:00:00,4.99929e-05
2017-03-13 12:00:00,1.6,15.926793265,2017-03-13 12:00:00,5.05834e-05
2017-03-13 12:00:00,3.8,17.03534135,2017-03-13 12:00:00,5.41042e-05
2017-03-13 12:00:00,5,15.259533325,2017-03-13 12:00:00,4.84642e-05
2017-03-13 12:00:00,6.2,16.73773441,2017-03-13 12:00:00,5.3159e-05
2017-03-13 12:00:00,8,22.71328905,2017-03-13 12:00:00,7.21373e-05
2017-03-13 12:00:00,9,20.3070092,2017-03-13 12:00:00,6.4495e-05
2017-03-27 12:00:00,0.1,10.2578982205,2017-03-27 12:00:00,3.2579e-05
2017-03-27 12:00:00,1.6,9.286929188,2017-03-27 12:00:00,2.94952e-05
2017-03-27 12:00:00,3.8,11.75790719,2017-03-27 12:00:00,3.7343e-05
2017-03-27 12:00:00,5,14.20626483,2017-03-27 12:00:00,4.5119e-05
2017-03-27 12:00:00,6.2,13.96453852,2017-03-27 12:00:00,4.43513e-05
2017-03-27 12:00:00,9,23.31497142,2017-03-27 12:00:00,7.40482e-05
2017-04-10 12:00:00,0.1,20.065943135,2017-04-10 12:00:00,6.37293e-05
2017-04-10 12:00:00,1.6,16.73564094,2017-04-10 12:00:00,5.31523e-05
2017-04-10 12:00:00,5,26.18499835,2017-04-10 12:00:00,8.31634e-05
2017-04-10 12:00:00,8,27.143662045,2017-04-10 12:00:00,8.62081e-05
2017-04-10 12:00:00,9,39.501074945,2017-04-10 12:00:00,0.000125455
2017-04-17 12:00:00,0.1,18.84891028,2017-04-17 12:00:00,5.9864e-05
2017-04-17 12:00:00,3.8,13.63324408,2017-04-17 12:00:00,4.32991e-05
2017-04-17 12:00:00,6.2,22.804205825,2017-04-17 12:00:00,7.2426e-05
2017-04-17 12:00:00,8,33.464320005,2017-04-17 12:00:00,0.000106282
2017-04-17 12:00:00,9,35.145280455,2017-04-17 12:00:00,0.000111621
2017-04-24 12:00:00,0.1,16.62493945,2017-04-24 12:00:00,5.28007e-05
2017-04-24 12:00:00,1.6,17.91588346,2017-04-24 12:00:00,5.69007e-05
2017-04-24 12:00:00,3.8,28.92661193,2017-04-24 12:00:00,9.18708e-05
2017-04-24 12:00:00,5,18.162576605,2017-04-24 12:00:00,5.76842e-05
2017-04-24 12:00:00,6.2,38.62322867,2017-04-24 12:00:00,0.000122667
2017-04-24 12:00:00,8,36.980816785,2017-04-24 12:00:00,0.000117451
2017-04-24 12:00:00,9,39.84470596,2017-04-24 12:00:00,0.000126547
2017-05-05 12:00:00,0.1,15.64897044,2017-05-05 12:00:00,4.9701e-05
2017-05-05 12:00:00,1.6,18.2434317,2017-05-05 12:00:00,5.7941e-05
2017-05-05 12:00:00,3.8,25.92593959,2017-05-05 12:00:00,8.23406e-05
2017-05-05 12:00:00,5,38.55066923,2017-05-05 12:00:00,0.000122437
2017-05-05 12:00:00,6.2,51.5396986,2017-05-05 12:00:00,0.00016369
2017-05-05 12:00:00,8,55.064647665,2017-05-05 12:00:00,0.000174885
2017-05-05 12:00:00,9,58.986652695,2017-05-05 12:00:00,0.000187341
2017-05-08 12:00:00,0.1,21.88169696,2017-05-08 12:00:00,6.94962e-05
2017-05-08 12:00:00,1.6,19.32824514,2017-05-08 12:00:00,6.13864e-05
2017-05-08 12:00:00,5,31.990254815,2017-05-08 12:00:00,0.000101601
2017-05-08 12:00:00,6.2,55.613543305,2017-05-08 12:00:00,0.000176628
2017-05-08 12:00:00,8,65.97346346,2017-05-08 12:00:00,0.000209531
2017-05-08 12:00:00,9,67.139768615,2017-05-08 12:00:00,0.000213236
2017-05-15 12:00:00,0.1,12.9951132,2017-05-15 12:00:00,4.12724e-05
2017-05-15 12:00:00,3.8,23.95838547,2017-05-15 12:00:00,7.60917e-05
2017-05-15 12:00:00,5,27.242512745,2017-05-15 12:00:00,8.65221e-05
2017-05-15 12:00:00,6.2,41.21892824,2017-05-15 12:00:00,0.000130911
2017-05-15 12:00:00,9,67.589755185,2017-05-15 12:00:00,0.000214665
2017-05-22 12:00:00,0.1,16.5202131,2017-05-22 12:00:00,5.24681e-05
2017-05-22 12:00:00,1.6,16.83513011,2017-05-22 12:00:00,5.34683e-05
2017-05-22 12:00:00,3.8,63.132829785,2017-05-22 12:00:00,0.00020051
2017-05-22 12:00:00,5,97.706014435,2017-05-22 12:00:00,0.000310314
2017-05-22 12:00:00,6.2,75.758175235,2017-05-22 12:00:00,0.000240608
2017-05-22 12:00:00,8,44.731589625,2017-05-22 12:00:00,0.000142067
2017-05-22 12:00:00,9,105.4909012,2017-05-22 12:00:00,0.000335039
2017-05-29 12:00:00,0.1,14.27218209,2017-05-29 12:00:00,4.53284e-05
2017-05-29 12:00:00,1.6,16.917716175,2017-05-29 12:00:00,5.37306e-05
2017-05-29 12:00:00,3.8,58.27345456,2017-05-29 12:00:00,0.000185076
2017-05-29 12:00:00,5,120.6331983,2017-05-29 12:00:00,0.00038313
2017-05-29 12:00:00,6.2,130.52857655,2017-05-29 12:00:00,0.000414558
2017-05-29 12:00:00,8,88.16420089,2017-05-29 12:00:00,0.000280009
2017-05-29 12:00:00,9,96.158168525,2017-05-29 12:00:00,0.000305398
2017-05-30 12:00:00,0.1,26.32132033,2017-05-30 12:00:00,8.35964e-05
2017-05-30 12:00:00,1.6,37.6189384,2017-05-30 12:00:00,0.000119478
2017-05-30 12:00:00,6.2,57.9766826,2017-05-30 12:00:00,0.000184134
2017-05-30 12:00:00,8,108.8593436,2017-05-30 12:00:00,0.000345737
2017-05-30 12:00:00,9,115.2607868,2017-05-30 12:00:00,0.000366068
2017-06-01 12:00:00,0.1,20.67846786,2017-06-01 12:00:00,6.56747e-05
2017-06-01 12:00:00,1.6,31.309357125,2017-06-01 12:00:00,9.94383e-05
2017-06-01 12:00:00,3.8,41.4114409,2017-06-01 12:00:00,0.000131523
2017-06-01 12:00:00,5,50.370093095,2017-06-01 12:00:00,0.000159975
2017-06-01 12:00:00,6.2,49.21147231,2017-06-01 12:00:00,0.000156295
2017-06-01 12:00:00,8,104.70994505,2017-06-01 12:00:00,0.000332558
2017-06-01 12:00:00,9,62.47556553,2017-06-01 12:00:00,0.000198422
2017-06-05 12:00:00,0.1,14.184316835,2017-06-05 12:00:00,4.50493e-05
2017-06-05 12:00:00,1.6,18.367265805,2017-06-05 12:00:00,5.83343e-05
2017-06-05 12:00:00,3.8,36.2032258,2017-06-05 12:00:00,0.000114981
2017-06-05 12:00:00,5,56.74732068,2017-06-05 12:00:00,0.000180229
2017-06-05 12:00:00,8,108.97625165,2017-06-05 12:00:00,0.000346108
2017-06-05 12:00:00,9,105.006606895,2017-06-05 12:00:00,0.0003335
2017-06-12 12:00:00,0.1,11.663918365,2017-06-12 12:00:00,3.70445e-05
2017-06-12 12:00:00,1.6,11.10011794,2017-06-12 12:00:00,3.52539e-05
2017-06-12 12:00:00,3.8,71.5214999,2017-06-12 12:00:00,0.000227152
2017-06-12 12:00:00,5,68.63987388,2017-06-12 12:00:00,0.000218
2017-06-12 12:00:00,6.2,85.34617469,2017-06-12 12:00:00,0.000271059
2017-06-12 12:00:00,8,121.2446255,2017-06-12 12:00:00,0.000385072
2017-06-20 12:00:00,0.1,7.8869808085,2017-06-20 12:00:00,2.5049e-05
2017-06-20 12:00:00,1.6,9.657627696,2017-06-20 12:00:00,3.06726e-05
2017-06-20 12:00:00,3.8,37.548273955,2017-06-20 12:00:00,0.000119253
2017-06-20 12:00:00,5,57.678710425,2017-06-20 12:00:00,0.000183187
2017-06-20 12:00:00,6.2,147.75723225,2017-06-20 12:00:00,0.000469276
2017-06-20 12:00:00,8,71.6593221,2017-06-20 12:00:00,0.00022759
2017-06-20 12:00:00,9,126.9477264,2017-06-20 12:00:00,0.000403185
2017-06-26 12:00:00,1.6,6.8725528365,2017-06-26 12:00:00,2.18272e-05
2017-06-26 12:00:00,3.8,32.261504505,2017-06-26 12:00:00,0.000102462
2017-06-26 12:00:00,5,57.162324925,2017-06-26 12:00:00,0.000181547
2017-06-26 12:00:00,6.2,114.8802418,2017-06-26 12:00:00,0.000364859
2017-06-26 12:00:00,8,166.5485849,2017-06-26 12:00:00,0.000528957
2017-06-26 12:00:00,9,159.6967285,2017-06-26 12:00:00,0.000507196
2017-07-06 12:00:00,0.1,4.776627052,2017-07-06 12:00:00,1.51705e-05
2017-07-06 12:00:00,1.6,4.786679896,2017-07-06 12:00:00,1.52025e-05
2017-07-06 12:00:00,3.8,23.84434734,2017-07-06 12:00:00,7.57295e-05
2017-07-06 12:00:00,5,87.33345449,2017-07-06 12:00:00,0.000277371
2017-07-06 12:00:00,6.2,126.41687425,2017-07-06 12:00:00,0.000401499
2017-07-06 12:00:00,8,175.08937685,2017-07-06 12:00:00,0.000556083
2017-07-06 12:00:00,9,172.7601864,2017-07-06 12:00:00,0.000548685
2017-07-10 12:00:00,0.1,4.269737377,2017-07-10 12:00:00,1.35607e-05
2017-07-10 12:00:00,1.6,4.269737377,2017-07-10 12:00:00,1.35607e-05
2017-07-10 12:00:00,3.8,43.35968999,2017-07-10 12:00:00,0.00013771
2017-07-10 12:00:00,5,94.7952509,2017-07-10 12:00:00,0.000301069
2017-07-10 12:00:00,6.2,228.15330155,2017-07-10 12:00:00,0.000724614
2017-07-10 12:00:00,8,218.5093117,2017-07-10 12:00:00,0.000693984
2017-07-10 12:00:00,9,198.45557995,2017-07-10 12:00:00,0.000630294
2017-07-13 12:00:00,3.8,96.72804736,2017-07-13 12:00:00,0.000307208
2017-07-13 12:00:00,5,240.61149115,2017-07-13 12:00:00,0.000764181
2017-07-13 12:00:00,6.2,477.85743025,2017-07-13 12:00:00,0.00151767
2017-07-13 12:00:00,9,148.58099825,2017-07-13 12:00:00,0.000471892
2017-07-17 12:00:00,0.1,4.327072958,2017-07-17 12:00:00,1.37428e-05
2017-07-17 12:00:00,1.6,46.12949065,2017-07-17 12:00:00,0.000146507
2017-07-17 12:00:00,3.8,38.70578136,2017-07-17 12:00:00,0.000122929
2017-07-17 12:00:00,5,90.07392636,2017-07-17 12:00:00,0.000286074
2017-07-17 12:00:00,6.2,167.6552924,2017-07-17 12:00:00,0.000532472
2017-07-17 12:00:00,8,254.1311774,2017-07-17 12:00:00,0.000807119
2017-07-17 12:00:00,9,215.0908172,2017-07-17 12:00:00,0.000683127
2017-07-24 12:00:00,0.1,5.6047053735,2017-07-24 12:00:00,1.78005e-05
2017-07-24 12:00:00,1.6,4.444783655,2017-07-24 12:00:00,1.41166e-05
2017-07-24 12:00:00,5,135.7561093,2017-07-24 12:00:00,0.000431161
2017-07-24 12:00:00,6.2,238.4641538,2017-07-24 12:00:00,0.000757361
2017-07-24 12:00:00,8,218.39193215,2017-07-24 12:00:00,0.000693612
2017-07-24 12:00:00,9,314.8695449,2017-07-24 12:00:00,0.00100002
2017-07-31 12:00:00,0.1,10.1442655,2017-07-31 12:00:00,3.22181e-05
2017-07-31 12:00:00,1.6,10.599765,2017-07-31 12:00:00,3.36648e-05
2017-07-31 12:00:00,3.8,65.92638,2017-07-31 12:00:00,0.000209382
2017-07-31 12:00:00,5,154.1859,2017-07-31 12:00:00,0.000489694
2017-07-31 12:00:00,6.2,165.4739,2017-07-31 12:00:00,0.000525544
2017-07-31 12:00:00,8,241.1391,2017-07-31 12:00:00,0.000765856
2017-07-31 12:00:00,9,268.7191,2017-07-31 12:00:00,0.00085345
2017-08-07 12:00:00,0.1,18.82316,2017-08-07 12:00:00,5.97823e-05
2017-08-07 12:00:00,1.6,22.607355,2017-08-07 12:00:00,7.18008e-05
2017-08-07 12:00:00,3.8,112.49015,2017-08-07 12:00:00,0.000357268
2017-08-07 12:00:00,5,197.07555,2017-08-07 12:00:00,0.000625911
2017-08-07 12:00:00,6.2,368.2132,2017-08-07 12:00:00,0.00116944
2017-08-07 12:00:00,8,421.6408,2017-08-07 12:00:00,0.00133913
2017-08-14 12:00:00,0.1,6.845113,2017-08-14 12:00:00,2.174e-05
2017-08-14 12:00:00,1.6,9.0860355,2017-08-14 12:00:00,2.88572e-05
2017-08-14 12:00:00,3.8,63.793325,2017-08-14 12:00:00,0.000202607
2017-08-14 12:00:00,5,236.88855,2017-08-14 12:00:00,0.000752357
2017-08-14 12:00:00,6.2,339.9762,2017-08-14 12:00:00,0.00107976
2017-08-14 12:00:00,8,473.7629,2017-08-14 12:00:00,0.00150467
2017-08-14 12:00:00,9,503.3376,2017-08-14 12:00:00,0.0015986
2017-08-22 12:00:00,0.1,9.5139405,2017-08-22 12:00:00,3.02162e-05
2017-08-22 12:00:00,1.6,9.252832,2017-08-22 12:00:00,2.93869e-05
2017-08-22 12:00:00,3.8,99.15248,2017-08-22 12:00:00,0.000314908
2017-08-22 12:00:00,5,252.14235,2017-08-22 12:00:00,0.000800803
2017-08-22 12:00:00,6.2,173.5049,2017-08-22 12:00:00,0.000551051
2017-08-22 12:00:00,8,380.8356,2017-08-22 12:00:00,0.00120953
2017-08-22 12:00:00,9,439.5895,2017-08-22 12:00:00,0.00139613
2017-08-28 12:00:00,0.1,8.834138,2017-08-28 12:00:00,2.80572e-05
2017-08-28 12:00:00,1.6,15.59554,2017-08-28 12:00:00,4.95314e-05
2017-08-28 12:00:00,3.8,45.381875,2017-08-28 12:00:00,0.000144133
2017-08-28 12:00:00,5,178.8909,2017-08-28 12:00:00,0.000568157
2017-08-28 12:00:00,6.2,337.30015,2017-08-28 12:00:00,0.00107126
2017-08-28 12:00:00,8,451.63925,2017-08-28 12:00:00,0.0014344
2017-08-28 12:00:00,9,471.62195,2017-08-28 12:00:00,0.00149787
2017-09-04 12:00:00,0.1,12.797685,2017-09-04 12:00:00,4.06454e-05
2017-09-04 12:00:00,1.6,14.95663,2017-09-04 12:00:00,4.75022e-05
2017-09-04 12:00:00,3.8,25.61613,2017-09-04 12:00:00,8.13567e-05
2017-09-04 12:00:00,5,236.98885,2017-09-04 12:00:00,0.000752675
2017-09-04 12:00:00,6.2,81.6142,2017-09-04 12:00:00,0.000259206
2017-09-04 12:00:00,8,461.5192,2017-09-04 12:00:00,0.00146578
2017-09-04 12:00:00,9,403.8382,2017-09-04 12:00:00,0.00128259
2017-09-11 12:00:00,0.1,18.23541,2017-09-11 12:00:00,5.79156e-05
2017-09-11 12:00:00,1.6,26.68149,2017-09-11 12:00:00,8.47403e-05
2017-09-11 12:00:00,3.8,22.95014,2017-09-11 12:00:00,7.28895e-05
2017-09-11 12:00:00,6.2,249.4911,2017-09-11 12:00:00,0.000792382
2017-09-11 12:00:00,8,528.7717,2017-09-11 12:00:00,0.00167938
2017-09-18 12:00:00,1.6,8.5279,2017-09-18 12:00:00,2.70846e-05
2017-09-18 12:00:00,3.8,26.17019,2017-09-18 12:00:00,8.31164e-05
2017-09-18 12:00:00,5,65.469965,2017-09-18 12:00:00,0.000207932
2017-09-18 12:00:00,6.2,416.8436,2017-09-18 12:00:00,0.00132389
2017-09-18 12:00:00,8,511.98515,2017-09-18 12:00:00,0.00162606
2017-09-18 12:00:00,9,509.5443,2017-09-18 12:00:00,0.00161831
2017-09-25 12:00:00,1.6,7.314538,2017-09-25 12:00:00,2.32309e-05
2017-09-25 12:00:00,5,470.0152,2017-09-25 12:00:00,0.00149277
2017-09-25 12:00:00,6.2,357.32175,2017-09-25 12:00:00,0.00113485
2017-09-25 12:00:00,8,479.4967,2017-09-25 12:00:00,0.00152288
2017-09-25 12:00:00,9,554.29325,2017-09-25 12:00:00,0.00176043
2017-10-02 12:00:00,3.8,8.4275875,2017-10-02 12:00:00,2.6766e-05
2017-10-02 12:00:00,5,164.86515,2017-10-02 12:00:00,0.000523611
2017-10-02 12:00:00,6.2,294.61665,2017-10-02 12:00:00,0.000935701
2017-10-02 12:00:00,8,554.4714,2017-10-02 12:00:00,0.001761
2017-10-02 12:00:00,9,567.33465,2017-10-02 12:00:00,0.00180185
2017-10-09 12:00:00,0.1,13.77837,2017-10-09 12:00:00,4.376e-05
2017-10-09 12:00:00,1.6,8.085401,2017-10-09 12:00:00,2.56792e-05
2017-10-09 12:00:00,3.8,5.761374,2017-10-09 12:00:00,1.82981e-05
2017-10-09 12:00:00,5,445.191,2017-10-09 12:00:00,0.00141392
2017-10-09 12:00:00,9,589.45695,2017-10-09 12:00:00,0.00187211
2017-10-16 12:00:00,0.1,5.5879605,2017-10-16 12:00:00,1.77473e-05
2017-10-16 12:00:00,1.6,8.6800385,2017-10-16 12:00:00,2.75678e-05
2017-10-16 12:00:00,5,377.1312,2017-10-16 12:00:00,0.00119777
2017-10-16 12:00:00,6.2,324.46575,2017-10-16 12:00:00,0.0010305
2017-10-16 12:00:00,8,521.42455,2017-10-16 12:00:00,0.00165604
2017-10-16 12:00:00,9,586.812,2017-10-16 12:00:00,0.00186371
2017-10-23 12:00:00,0.1,20.8214,2017-10-23 12:00:00,6.61287e-05
2017-10-23 12:00:00,1.6,26.53989,2017-10-23 12:00:00,8.42905e-05
2017-10-23 12:00:00,3.8,30.88325,2017-10-23 12:00:00,9.8085e-05
2017-10-23 12:00:00,5,60.18913,2017-10-23 12:00:00,0.00019116
2017-10-23 12:00:00,6.2,721.8946,2017-10-23 12:00:00,0.00229273
2017-10-23 12:00:00,8,650.3649,2017-10-23 12:00:00,0.00206556
2017-11-06 12:00:00,0.1,27.95105,2017-11-06 12:00:00,8.87724e-05
2017-11-06 12:00:00,1.6,30.68854,2017-11-06 12:00:00,9.74666e-05
2017-11-06 12:00:00,3.8,46.09332,2017-11-06 12:00:00,0.000146392
2017-11-06 12:00:00,5,54.74461,2017-11-06 12:00:00,0.000173869
2017-11-06 12:00:00,6.2,40.42332,2017-11-06 12:00:00,0.000128384
2017-11-06 12:00:00,8,46.80756,2017-11-06 12:00:00,0.000148661
2017-11-06 12:00:00,9,50.39702,2017-11-06 12:00:00,0.000160061
2017-12-12 12:00:00,0.1,34.288705,2017-12-12 12:00:00,0.000108901
2017-12-12 12:00:00,1.6,11.72716,2017-12-12 12:00:00,3.72454e-05
2017-12-12 12:00:00,3.8,17.54343,2017-12-12 12:00:00,5.57178e-05
2017-12-12 12:00:00,6.2,15.943935,2017-12-12 12:00:00,5.06379e-05
2017-12-12 12:00:00,8,16.91155,2017-12-12 12:00:00,5.3711e-05
2018-01-15 11:00:00,0.1,32.219405,2018-01-15 11:00:00,0.000102329
2018-01-15 11:00:00,1.6,49.897495,2018-01-15 11:00:00,0.000158474
2018-01-15 11:00:00,3.8,128.9734,2018-01-15 11:00:00,0.000409619
2018-01-15 11:00:00,5,42.358335,2018-01-15 11:00:00,0.00013453
2018-01-15 11:00:00,6.2,92.77046,2018-01-15 11:00:00,0.000294638
2018-01-15 11:00:00,8,67.90396,2018-01-15 11:00:00,0.000215663
2018-01-15 11:00:00,9,70.609255,2018-01-15 11:00:00,0.000224255
2018-03-19 11:00:00,1.6,71.47511,2018-03-19 11:00:00,0.000227005
2018-03-19 11:00:00,3.8,64.089545,2018-03-19 11:00:00,0.000203548
2018-03-19 11:00:00,6.2,59.82695,2018-03-19 11:00:00,0.00019001
2018-03-19 11:00:00,8,68.639835,2018-03-19 11:00:00,0.000218
2018-03-19 11:00:00,9,66.737895,2018-03-19 11:00:00,0.000211959
2018-03-19 12:00:00,0.1,57.46604,2018-03-19 12:00:00,0.000182512
2018-03-19 12:00:00,5,65.97442,2018-03-19 12:00:00,0.000209534
2018-04-04 11:00:00,0.1,30.623445,2018-04-04 11:00:00,9.72599e-05
2018-04-04 11:00:00,1.6,25.48396,2018-04-04 11:00:00,8.09369e-05
2018-04-04 11:00:00,3.8,25.85272,2018-04-04 11:00:00,8.21081e-05
2018-04-04 11:00:00,6.2,73.12094,2018-04-04 11:00:00,0.000232232
2018-04-04 11:00:00,8,80.69142,2018-04-04 11:00:00,0.000256276
2018-04-04 11:00:00,9,74.717365,2018-04-04 11:00:00,0.000237302
2018-04-23 11:00:00,1.6,24.82163,2018-04-23 11:00:00,7.88334e-05
2018-04-23 11:00:00,5,75.06496,2018-04-23 11:00:00,0.000238406
2018-04-23 11:00:00,6.2,127.4275,2018-04-23 11:00:00,0.000404709
2018-04-30 11:00:00,0.1,34.219195,2018-04-30 11:00:00,0.00010868
2018-04-30 11:00:00,1.6,30.95745,2018-04-30 11:00:00,9.83207e-05
2018-04-30 11:00:00,5,165.26245,2018-04-30 11:00:00,0.000524873
2018-04-30 11:00:00,6.2,157.7173,2018-04-30 11:00:00,0.000500909
2018-04-30 11:00:00,8,164.45245,2018-04-30 11:00:00,0.0005223
2018-04-30 11:00:00,9,179.70185,2018-04-30 11:00:00,0.000570732
2018-05-07 11:00:00,0.1,28.22024,2018-05-07 11:00:00,8.96273e-05
2018-05-07 11:00:00,1.6,18.49152,2018-05-07 11:00:00,5.8729e-05
2018-05-07 11:00:00,3.8,62.81286,2018-05-07 11:00:00,0.000199493
2018-05-07 11:00:00,5,124.59835,2018-05-07 11:00:00,0.000395724
2018-05-07 11:00:00,6.2,160.1767,2018-05-07 11:00:00,0.00050872
2018-05-07 11:00:00,8,190.48715,2018-05-07 11:00:00,0.000604986
2018-05-07 11:00:00,9,184.9761,2018-05-07 11:00:00,0.000587483
2018-05-14 11:00:00,0.1,22.05394,2018-05-14 11:00:00,7.00432e-05
2018-05-14 11:00:00,1.6,25.76645,2018-05-14 11:00:00,8.18341e-05
2018-05-14 11:00:00,3.8,61.085395,2018-05-14 11:00:00,0.000194007
2018-05-14 11:00:00,5,155.85255,2018-05-14 11:00:00,0.000494987
2018-05-14 11:00:00,6.2,240.46055,2018-05-14 11:00:00,0.000763701
2018-05-14 11:00:00,8,215.94205,2018-05-14 11:00:00,0.000685831
2018-05-14 11:00:00,9,235.94835,2018-05-14 11:00:00,0.000749371
2018-05-21 11:00:00,0.1,64.95381,2018-05-21 11:00:00,0.000206293
2018-05-21 11:00:00,1.6,99.99021,2018-05-21 11:00:00,0.000317568
2018-05-21 11:00:00,3.8,163.68635,2018-05-21 11:00:00,0.000519867
2018-05-21 11:00:00,5,241.4941,2018-05-21 11:00:00,0.000766984
2018-05-21 11:00:00,6.2,343.755,2018-05-21 11:00:00,0.00109176
2018-05-21 11:00:00,8,360.812,2018-05-21 11:00:00,0.00114594
2018-05-21 11:00:00,9,343.8311,2018-05-21 11:00:00,0.00109201
2018-05-28 11:00:00,0.1,177.96575,2018-05-28 11:00:00,0.000565218
2018-05-28 11:00:00,1.6,23.52422,2018-05-28 11:00:00,7.47128e-05
2018-05-28 11:00:00,3.8,118.56575,2018-05-28 11:00:00,0.000376564
2018-05-28 11:00:00,5,186.20425,2018-05-28 11:00:00,0.000591384
2018-05-28 11:00:00,6.2,284.8363,2018-05-28 11:00:00,0.000904639
2018-05-28 11:00:00,8,314.341,2018-05-28 11:00:00,0.000998345
2018-05-28 11:00:00,9,320.8968,2018-05-28 11:00:00,0.00101917
2018-06-04 11:00:00,0.1,19.098905,2018-06-04 11:00:00,6.0658e-05
2018-06-04 11:00:00,1.6,26.03454,2018-06-04 11:00:00,8.26856e-05
2018-06-04 11:00:00,3.8,129.90915,2018-06-04 11:00:00,0.000412591
2018-06-04 11:00:00,5,149.6295,2018-06-04 11:00:00,0.000475222
2018-06-04 11:00:00,6.2,280.71745,2018-06-04 11:00:00,0.000891557
2018-06-04 11:00:00,8,321.3477,2018-06-04 11:00:00,0.0010206
2018-06-04 11:00:00,9,353.3192,2018-06-04 11:00:00,0.00112214
2018-06-11 11:00:00,0.1,11.946475,2018-06-11 11:00:00,3.79419e-05
2018-06-11 11:00:00,1.6,132.3913,2018-06-11 11:00:00,0.000420474
2018-06-11 11:00:00,3.8,91.60373,2018-06-11 11:00:00,0.000290933
2018-06-11 11:00:00,5,125.8864,2018-06-11 11:00:00,0.000399815
2018-06-11 11:00:00,6.2,324.16585,2018-06-11 11:00:00,0.00102955
2018-06-11 11:00:00,8,366.1444,2018-06-11 11:00:00,0.00116287
2018-06-11 11:00:00,9,435.3723,2018-06-11 11:00:00,0.00138274
2018-06-18 11:00:00,0.1,8.729078,2018-06-18 11:00:00,2.77235e-05
2018-06-18 11:00:00,1.6,6.4266215,2018-06-18 11:00:00,2.04109e-05
2018-06-18 11:00:00,5,262.8044,2018-06-18 11:00:00,0.000834665
2018-06-18 11:00:00,6.2,433.93075,2018-06-18 11:00:00,0.00137816
2018-06-18 11:00:00,8,417.96915,2018-06-18 11:00:00,0.00132747
2018-06-25 11:00:00,1.6,12.142734,2018-06-25 11:00:00,3.85653e-05
2018-06-25 11:00:00,3.8,98.228875,2018-06-25 11:00:00,0.000311974
2018-06-25 11:00:00,5,275.059,2018-06-25 11:00:00,0.000873586
2018-06-25 11:00:00,6.2,387.5115,2018-06-25 11:00:00,0.00123073
2018-06-25 11:00:00,8,428.6246,2018-06-25 11:00:00,0.00136131
2018-07-02 11:00:00,0.1,5.6176005,2018-07-02 11:00:00,1.78415e-05
2018-07-02 11:00:00,3.8,265.31475,2018-07-02 11:00:00,0.000842638
2018-07-02 11:00:00,8,480.62385,2018-07-02 11:00:00,0.00152646
2018-07-02 11:00:00,9,436.6322,2018-07-02 11:00:00,0.00138674
2018-07-02 12:00:00,6.2,450.4707,2018-07-02 12:00:00,0.00143069
2018-07-09 11:00:00,1.6,63.63322,2018-07-09 11:00:00,0.000202099
2018-07-09 11:00:00,3.8,266.1789,2018-07-09 11:00:00,0.000845383
2018-07-09 11:00:00,5,303.5584,2018-07-09 11:00:00,0.0009641
2018-07-09 11:00:00,6.2,443.41535,2018-07-09 11:00:00,0.00140828
2018-07-09 11:00:00,8,610.2715,2018-07-09 11:00:00,0.00193822
2018-07-09 11:00:00,9,521.55795,2018-07-09 11:00:00,0.00165647
2018-07-16 11:00:00,5,460.13515,2018-07-16 11:00:00,0.00146139
2018-07-16 11:00:00,6.2,686.5202,2018-07-16 11:00:00,0.00218038
2018-07-16 11:00:00,8,661.57425,2018-07-16 11:00:00,0.00210116
2018-07-16 11:00:00,9,579.19185,2018-07-16 11:00:00,0.00183951
2018-07-23 11:00:00,0.1,5.352232,2018-07-23 11:00:00,1.69987e-05
2018-07-23 11:00:00,1.6,115.5373,2018-07-23 11:00:00,0.000366946
2018-07-23 11:00:00,5,361.6606,2018-07-23 11:00:00,0.00114863
2018-07-23 11:00:00,6.2,560.3875,2018-07-23 11:00:00,0.00177979
2018-07-23 11:00:00,8,629.023,2018-07-23 11:00:00,0.00199777
2018-07-23 11:00:00,9,586.3781,2018-07-23 11:00:00,0.00186233
2018-07-30 11:00:00,0.1,4.678743,2018-07-30 11:00:00,1.48597e-05
2018-07-30 11:00:00,1.6,325.8175,2018-07-30 11:00:00,0.00103479
2018-07-30 11:00:00,3.8,241.56305,2018-07-30 11:00:00,0.000767203
2018-07-30 11:00:00,6.2,690.3286,2018-07-30 11:00:00,0.00219248
2018-07-30 11:00:00,9,686.9476,2018-07-30 11:00:00,0.00218174
2018-08-06 11:00:00,0.1,5.2623375,2018-08-06 11:00:00,1.67132e-05
2018-08-06 11:00:00,1.6,140.04845,2018-08-06 11:00:00,0.000444793
2018-08-06 11:00:00,3.8,163.4332,2018-08-06 11:00:00,0.000519063
2018-08-06 11:00:00,5,542.2507,2018-08-06 11:00:00,0.00172219
2018-08-06 11:00:00,6.2,554.1788,2018-08-06 11:00:00,0.00176007
2018-08-06 11:00:00,8,635.8058,2018-08-06 11:00:00,0.00201932
2018-08-13 11:00:00,0.1,5.08547,2018-08-13 11:00:00,1.61514e-05
2018-08-13 11:00:00,1.6,12.93346,2018-08-13 11:00:00,4.10766e-05
2018-08-13 11:00:00,3.8,622.51925,2018-08-13 11:00:00,0.00197712
2018-08-13 11:00:00,5,490.0204,2018-08-13 11:00:00,0.0015563
2018-08-13 11:00:00,6.2,825.17355,2018-08-13 11:00:00,0.00262075
2018-08-13 11:00:00,8,945.8751,2018-08-13 11:00:00,0.00300409
2018-08-13 11:00:00,9,850.33435,2018-08-13 11:00:00,0.00270066
2018-08-20 11:00:00,0.1,5.503069,2018-08-20 11:00:00,1.74777e-05
2018-08-20 11:00:00,3.8,236.3398,2018-08-20 11:00:00,0.000750614
2018-08-20 11:00:00,5,868.8331,2018-08-20 11:00:00,0.00275941
2018-08-20 11:00:00,6.2,786.4637,2018-08-20 11:00:00,0.0024978
2018-08-20 11:00:00,8,838.61635,2018-08-20 11:00:00,0.00266344
2018-08-20 11:00:00,9,930.79515,2018-08-20 11:00:00,0.0029562
2018-08-27 11:00:00,3.8,310.5139,2018-08-27 11:00:00,0.00098619
2018-08-27 11:00:00,5,555.89695,2018-08-27 11:00:00,0.00176553
2018-08-27 11:00:00,6.2,702.4485,2018-08-27 11:00:00,0.00223097
2018-08-27 11:00:00,8,675.93905,2018-08-27 11:00:00,0.00214678
2018-08-27 11:00:00,9,459.4068,2018-08-27 11:00:00,0.00145907
2018-09-03 11:00:00,1.6,5.1363255,2018-09-03 11:00:00,1.63129e-05
2018-09-03 11:00:00,3.8,102.513045,2018-09-03 11:00:00,0.000325581
2018-09-03 11:00:00,5,532.0139,2018-09-03 11:00:00,0.00168967
2018-09-03 11:00:00,6.2,658.68775,2018-09-03 11:00:00,0.00209199
2018-09-03 11:00:00,8,857.658,2018-09-03 11:00:00,0.00272392
2018-09-03 11:00:00,9,789.77805,2018-09-03 11:00:00,0.00250833
2018-09-10 11:00:00,0.1,0.003546933,2018-09-10 11:00:00,1.1265e-08
2018-09-10 11:00:00,1.6,10.25334,2018-09-10 11:00:00,3.25646e-05
2018-09-10 11:00:00,3.8,347.01005,2018-09-10 11:00:00,0.0011021
2018-09-10 11:00:00,5,520.83755,2018-09-10 11:00:00,0.00165418
2018-09-10 11:00:00,6.2,716.3398,2018-09-10 11:00:00,0.00227509
2018-09-10 11:00:00,8,820.5413,2018-09-10 11:00:00,0.00260603
2018-09-17 11:00:00,0.1,60.02813,2018-09-17 11:00:00,0.000190649
2018-09-17 11:00:00,1.6,76.625745,2018-09-17 11:00:00,0.000243363
2018-09-17 11:00:00,3.8,145.1164,2018-09-17 11:00:00,0.000460889
2018-09-17 11:00:00,5,446.4392,2018-09-17 11:00:00,0.00141789
2018-09-17 11:00:00,6.2,705.0006,2018-09-17 11:00:00,0.00223908
2018-09-17 11:00:00,8,864.80435,2018-09-17 11:00:00,0.00274661
2018-09-24 11:00:00,0.1,78.18859,2018-09-24 11:00:00,0.000248327
2018-09-24 11:00:00,1.6,75.67196,2018-09-24 11:00:00,0.000240334
2018-09-24 11:00:00,3.8,114.69355,2018-09-24 11:00:00,0.000364266
2018-09-24 11:00:00,5,370.7624,2018-09-24 11:00:00,0.00117754
2018-09-24 11:00:00,8,789.1734,2018-09-24 11:00:00,0.00250641
2018-09-24 11:00:00,9,688.4416,2018-09-24 11:00:00,0.00218649
2018-10-01 11:00:00,1.6,147.8326,2018-10-01 11:00:00,0.000469516
2018-10-01 11:00:00,3.8,286.8988,2018-10-01 11:00:00,0.000911189
2018-10-01 11:00:00,5,496.3367,2018-10-01 11:00:00,0.00157636
2018-10-01 11:00:00,6.2,698.3966,2018-10-01 11:00:00,0.0022181
2018-10-01 11:00:00,8,664.2498,2018-10-01 11:00:00,0.00210965
2018-10-01 11:00:00,9,647.1584,2018-10-01 11:00:00,0.00205537
2018-10-08 11:00:00,0.1,10.10941,2018-10-08 11:00:00,3.21074e-05
2018-10-08 11:00:00,1.6,49.154605,2018-10-08 11:00:00,0.000156115
2018-10-08 11:00:00,3.8,177.42035,2018-10-08 11:00:00,0.000563486
2018-10-08 11:00:00,5,297.6042,2018-10-08 11:00:00,0.000945189
2018-10-08 11:00:00,6.2,389.7485,2018-10-08 11:00:00,0.00123784
2018-10-08 11:00:00,8,671.6959,2018-10-08 11:00:00,0.0021333
2018-10-15 11:00:00,0.1,161.7409,2018-10-15 11:00:00,0.000513688
2018-10-15 11:00:00,1.6,175.5705,2018-10-15 11:00:00,0.000557611
2018-10-15 11:00:00,3.8,204.6804,2018-10-15 11:00:00,0.000650064
2018-10-15 11:00:00,5,176.1678,2018-10-15 11:00:00,0.000559508
2018-10-15 11:00:00,6.2,489.7007,2018-10-15 11:00:00,0.00155529
2018-10-15 11:00:00,8,805.7807,2018-10-15 11:00:00,0.00255916
2018-10-15 11:00:00,9,93.29967,2018-10-15 11:00:00,0.000296319
2018-10-21 12:00:00,0.1,102.3565,2018-10-21 12:00:00,0.000325084
2018-10-21 12:00:00,5,114.4149,2018-10-21 12:00:00,0.000363381
2018-10-21 12:00:00,9,679.31,2018-10-21 12:00:00,0.00215748
2018-10-22 11:00:00,0.1,142.00955,2018-10-22 11:00:00,0.000451022
2018-10-22 11:00:00,1.6,138.0379,2018-10-22 11:00:00,0.000438408
2018-10-22 11:00:00,3.8,143.0237,2018-10-22 11:00:00,0.000454242
2018-10-22 11:00:00,5,149.9962,2018-10-22 11:00:00,0.000476387
2018-10-22 11:00:00,6.2,158.3989,2018-10-22 11:00:00,0.000503074
2018-10-22 11:00:00,9,405.411,2018-10-22 11:00:00,0.00128758
2018-10-29 11:00:00,0.1,98.38046,2018-10-29 11:00:00,0.000312456
2018-10-29 11:00:00,1.6,95.53937,2018-10-29 11:00:00,0.000303433
2018-10-29 11:00:00,3.8,98.22425,2018-10-29 11:00:00,0.00031196
2018-10-29 11:00:00,5,103.6977,2018-10-29 11:00:00,0.000329343
2018-10-29 11:00:00,6.2,95.43185,2018-10-29 11:00:00,0.000303091
2018-10-29 11:00:00,8,118.49085,2018-10-29 11:00:00,0.000376326
2018-10-29 11:00:00,9,74.518815,2018-10-29 11:00:00,0.000236671
2019-01-21 12:00:00,0.1,40.07001,2019-01-21 12:00:00,0.000127262
2019-01-21 12:00:00,1.6,32.92705,2019-01-21 12:00:00,0.000104576
2019-01-21 12:00:00,3.8,34.04313,2019-01-21 12:00:00,0.000108121
2019-01-21 12:00:00,5,36.01714,2019-01-21 12:00:00,0.00011439
2019-01-21 12:00:00,6.2,37.35716,2019-01-21 12:00:00,0.000118646
2019-01-21 12:00:00,8,37.88229,2019-01-21 12:00:00,0.000120314
2019-01-21 12:00:00,9,23.162235,2019-01-21 12:00:00,7.35631e-05
2019-02-14 12:00:00,0.1,48.190955,2019-02-14 12:00:00,0.000153054
2019-02-14 12:00:00,1.6,50.60812,2019-02-14 12:00:00,0.000160731
2019-02-14 12:00:00,3.8,51.36629,2019-02-14 12:00:00,0.000163139
2019-02-14 12:00:00,5,44.01752,2019-02-14 12:00:00,0.000139799
2019-02-14 12:00:00,6.2,52.006275,2019-02-14 12:00:00,0.000165172
2019-02-14 12:00:00,9,76.45696,2019-02-14 12:00:00,0.000242827
2019-04-02 12:00:00,0.1,23.689665,2019-04-02 12:00:00,7.52382e-05
2019-04-02 12:00:00,1.6,33.085615,2019-04-02 12:00:00,0.00010508
2019-04-02 12:00:00,3.8,29.944705,2019-04-02 12:00:00,9.51042e-05
2019-04-02 12:00:00,5,37.30841,2019-04-02 12:00:00,0.000118491
2019-04-02 12:00:00,6.2,64.09933,2019-04-02 12:00:00,0.000203579
2019-04-02 12:00:00,8,75.58206,2019-04-02 12:00:00,0.000240048
2019-04-02 12:00:00,9,74.45672,2019-04-02 12:00:00,0.000236474
2019-04-16 12:00:00,0.1,41.703935,2019-04-16 12:00:00,0.000132451
2019-04-16 12:00:00,1.6,44.12463,2019-04-16 12:00:00,0.00014014
2019-04-16 12:00:00,3.8,61.41847,2019-04-16 12:00:00,0.000195065
2019-04-16 12:00:00,5,82.51341,2019-04-16 12:00:00,0.000262062
2019-04-16 12:00:00,6.2,92.617525,2019-04-16 12:00:00,0.000294153
2019-04-16 12:00:00,9,97.914695,2019-04-16 12:00:00,0.000310977
2019-04-22 12:00:00,1.6,35.05585,2019-04-22 12:00:00,0.000111337
2019-04-22 12:00:00,3.8,52.53629,2019-04-22 12:00:00,0.000166855
2019-04-22 12:00:00,5,51.489,2019-04-22 12:00:00,0.000163529
2019-04-22 12:00:00,6.2,104.21685,2019-04-22 12:00:00,0.000330992
2019-04-22 12:00:00,8,111.99725,2019-04-22 12:00:00,0.000355703
2019-04-22 12:00:00,9,126.06925,2019-04-22 12:00:00,0.000400395
2019-05-06 10:15:00,0.1,25.104425,2019-05-06 10:00:00,7.97315e-05
2019-05-06 10:28:00,1.6,31.700425,2019-05-06 10:00:00,0.00010068
2019-05-06 10:38:00,3.8,80.97935,2019-05-06 10:00:00,0.00025719
2019-05-06 10:49:00,5,99.68802,2019-05-06 10:00:00,0.000316609
2019-05-06 10:58:00,6.2,144.3559,2019-05-06 10:00:00,0.000458474
2019-05-06 11:08:00,8,159.45115,2019-05-06 11:00:00,0.000506416
2019-05-06 11:15:00,9,174.36135,2019-05-06 11:00:00,0.000553771
2019-05-13 11:29:00,0.1,29.90429,2019-05-13 11:00:00,9.49759e-05
2019-05-13 11:40:00,1.6,30.696425,2019-05-13 11:00:00,9.74917e-05
2019-05-13 11:53:00,3.8,64.00135,2019-05-13 11:00:00,0.000203268
2019-05-13 12:03:00,5,139.6792,2019-05-13 12:00:00,0.00044362
2019-05-13 12:15:00,6.2,123.92865,2019-05-13 12:00:00,0.000393597
2019-05-16 14:00:00,0.1,13.623775,2019-05-16 14:00:00,4.3269e-05
2019-05-16 14:10:00,1.6,11.50111,2019-05-16 14:00:00,3.65275e-05
2019-05-16 14:17:00,5,100.1809,2019-05-16 14:00:00,0.000318174
2019-05-16 14:26:00,9,220.302,2019-05-16 14:00:00,0.000699678
2019-05-20 09:45:00,0.1,10.287839,2019-05-20 09:00:00,3.26741e-05
2019-05-20 10:25:00,3.8,28.80102,2019-05-20 10:00:00,9.14719e-05
2019-05-20 10:33:00,5,82.835085,2019-05-20 10:00:00,0.000263084
2019-05-20 10:47:00,6.2,155.19695,2019-05-20 10:00:00,0.000492905
2019-05-20 10:58:00,8,202.637,2019-05-20 10:00:00,0.000643574
2019-05-20 11:05:00,9,227.164,2019-05-20 11:00:00,0.000721472
2019-05-20 12:00:00,1.6,9.7896285,2019-05-20 12:00:00,3.10918e-05
2019-05-23 12:33:00,0.1,10.54688,2019-05-23 12:00:00,3.34968e-05
2019-05-23 12:42:00,1.6,10.2852115,2019-05-23 12:00:00,3.26658e-05
2019-05-23 12:50:00,5,115.71395,2019-05-23 12:00:00,0.000367507
2019-05-23 12:58:00,9,206.85995,2019-05-23 12:00:00,0.000656986
2019-05-27 10:00:00,0.1,10.9399395,2019-05-27 10:00:00,3.47452e-05
2019-05-27 10:18:00,1.6,13.6465,2019-05-27 10:00:00,4.33412e-05
2019-05-27 10:30:00,3.8,24.10687,2019-05-27 10:00:00,7.65633e-05
2019-05-27 10:44:00,5,66.25639,2019-05-27 10:00:00,0.00021043
2019-05-27 11:04:00,6.2,172.85845,2019-05-27 11:00:00,0.000548997
2019-05-27 11:16:00,8,168.6181,2019-05-27 11:00:00,0.00053553
2019-05-27 11:33:00,9,246.3519,2019-05-27 11:00:00,0.000782412
2019-05-30 09:49:00,0.1,10.7634675,2019-05-30 09:00:00,3.41847e-05
2019-05-30 10:21:00,5,40.87712,2019-05-30 10:00:00,0.000129826
2019-05-30 10:33:00,9,235.9095,2019-05-30 10:00:00,0.000749247
2019-05-30 12:00:00,1.6,9.384078,2019-05-30 12:00:00,2.98038e-05
2019-06-03 09:38:00,0.1,12.03959,2019-06-03 09:00:00,3.82377e-05
2019-06-03 10:13:00,1.6,9.846898,2019-06-03 10:00:00,3.12737e-05
2019-06-03 10:25:00,3.8,25.34214,2019-06-03 10:00:00,8.04865e-05
2019-06-03 10:45:00,5,111.30425,2019-06-03 10:00:00,0.000353502
2019-06-03 11:00:00,6.2,168.87975,2019-06-03 11:00:00,0.000536361
2019-06-03 11:22:00,8,195.17035,2019-06-03 11:00:00,0.00061986
2019-06-03 11:31:00,9,211.7552,2019-06-03 11:00:00,0.000672533
2019-06-06 10:21:00,0.1,12.998165,2019-06-06 10:00:00,4.12821e-05
2019-06-06 10:40:00,5,45.851965,2019-06-06 10:00:00,0.000145626
2019-06-06 10:48:00,9,223.0349,2019-06-06 10:00:00,0.000708358
2019-06-10 10:10:00,0.1,9.8650365,2019-06-10 10:00:00,3.13313e-05
2019-06-10 10:25:00,1.6,14.67582,2019-06-10 10:00:00,4.66103e-05
2019-06-10 10:43:00,3.8,42.25974,2019-06-10 10:00:00,0.000134217
2019-06-10 10:56:00,5,138.0998,2019-06-10 10:00:00,0.000438604
2019-06-10 11:18:00,6.2,154.33595,2019-06-10 11:00:00,0.00049017
2019-06-10 11:30:00,8,199.1929,2019-06-10 11:00:00,0.000632636
2019-06-10 11:43:00,9,209.3921,2019-06-10 11:00:00,0.000665028
2019-06-13 13:19:00,0.1,9.915892,2019-06-13 13:00:00,3.14928e-05
2019-06-13 13:30:00,1.6,12.65297,2019-06-13 13:00:00,4.01858e-05
2019-06-13 13:37:00,5,150.7787,2019-06-13 13:00:00,0.000478872
2019-06-17 10:00:00,0.1,12.109405,2019-06-17 10:00:00,3.84594e-05
2019-06-17 10:26:00,1.6,11.6469695,2019-06-17 10:00:00,3.69907e-05
2019-06-17 10:36:00,3.8,42.100245,2019-06-17 10:00:00,0.00013371
2019-06-17 11:06:00,5,194.661,2019-06-17 11:00:00,0.000618242
2019-06-17 11:19:00,6.2,225.71535,2019-06-17 11:00:00,0.000716871
2019-06-17 11:34:00,8,257.5343,2019-06-17 11:00:00,0.000817928
2019-06-17 11:48:00,9,254.09175,2019-06-17 11:00:00,0.000806994
2019-06-20 15:10:00,0.1,14.86132,2019-06-20 15:00:00,4.71995e-05
2019-06-20 15:35:00,5,261.3609,2019-06-20 15:00:00,0.000830081
2019-06-20 15:45:00,9,143.15655,2019-06-20 15:00:00,0.000454664
2019-06-24 10:07:00,0.1,15.12142,2019-06-24 10:00:00,4.80255e-05
2019-06-24 10:41:00,3.8,44.46346,2019-06-24 10:00:00,0.000141216
2019-06-24 11:00:00,5,147.5168,2019-06-24 11:00:00,0.000468513
2019-06-24 11:18:00,6.2,286.88725,2019-06-24 11:00:00,0.000911152
2019-06-24 11:38:00,8,309.9907,2019-06-24 11:00:00,0.000984529
2019-06-24 12:00:00,9,329.56545,2019-06-24 12:00:00,0.0010467
2019-06-27 09:45:00,0.1,8.016069,2019-06-27 09:00:00,2.5459e-05
2019-06-27 10:00:00,1.6,9.115624,2019-06-27 10:00:00,2.89512e-05
2019-06-27 10:04:00,5,133.89275,2019-06-27 10:00:00,0.000425243
2019-06-27 10:08:00,9,305.374,2019-06-27 10:00:00,0.000969866
2019-07-01 09:48:00,0.1,6.9456135,2019-07-01 09:00:00,2.20592e-05
2019-07-01 10:07:00,1.6,7.186935,2019-07-01 10:00:00,2.28257e-05
2019-07-01 10:18:00,3.8,56.88798,2019-07-01 10:00:00,0.000180676
2019-07-01 10:33:00,5,308.38875,2019-07-01 10:00:00,0.000979441
2019-07-01 10:44:00,6.2,319.73565,2019-07-01 10:00:00,0.00101548
2019-07-01 11:01:00,8,336.9768,2019-07-01 11:00:00,0.00107024
2019-07-01 11:14:00,9,459.90665,2019-07-01 11:00:00,0.00146066
2019-07-03 10:03:00,0.1,6.0978775,2019-07-03 10:00:00,1.93668e-05
2019-07-03 10:11:00,1.6,8.180677,2019-07-03 10:00:00,2.59818e-05
2019-07-03 10:18:00,5,159.51925,2019-07-03 10:00:00,0.000506632
2019-07-03 10:23:00,9,347.0192,2019-07-03 10:00:00,0.00110213
2019-07-08 10:20:00,1.6,4.5300305,2019-07-08 10:00:00,1.43874e-05
2019-07-08 10:34:00,3.8,72.593605,2019-07-08 10:00:00,0.000230557
2019-07-08 10:54:00,5,288.08575,2019-07-08 10:00:00,0.000914959
2019-07-08 11:24:00,8,406.37935,2019-07-08 11:00:00,0.00129066
2019-07-08 11:37:00,9,400.03175,2019-07-08 11:00:00,0.0012705
2019-07-08 11:58:00,6.2,411.07495,2019-07-08 11:00:00,0.00130557
2019-07-11 12:00:00,0.1,9.0747895,2019-07-11 12:00:00,2.88215e-05
2019-07-11 12:00:00,1.6,9.6182265,2019-07-11 12:00:00,3.05474e-05
2019-07-11 12:00:00,5,224.69145,2019-07-11 12:00:00,0.000713619
2019-07-11 12:00:00,9,327.84625,2019-07-11 12:00:00,0.00104124
2019-07-15 09:50:00,0.1,4.3400745,2019-07-15 09:00:00,1.37841e-05
2019-07-15 10:09:00,1.6,2.689352,2019-07-15 10:00:00,8.54137e-06
2019-07-15 10:20:00,3.8,33.79597,2019-07-15 10:00:00,0.000107336
2019-07-15 10:37:00,5,184.3388,2019-07-15 10:00:00,0.000585459
2019-07-15 10:52:00,6.2,317.4202,2019-07-15 10:00:00,0.00100812
2019-07-15 11:11:00,8,368.91725,2019-07-15 11:00:00,0.00117168
2019-07-15 11:20:00,9,367.2247,2019-07-15 11:00:00,0.0011663
2019-07-18 09:53:00,0.1,2.4677335,2019-07-18 09:00:00,7.83751e-06
2019-07-18 10:07:00,1.6,2.217365,2019-07-18 10:00:00,7.04234e-06
2019-07-18 10:13:00,5,210.14855,2019-07-18 10:00:00,0.000667431
2019-07-18 12:00:00,9,421.5423,2019-07-18 12:00:00,0.00133882
2019-07-24 14:40:00,5,451.27065,2019-07-24 14:00:00,0.00143323
2019-07-24 14:55:00,9,552.18015,2019-07-24 14:00:00,0.00175372
2019-07-29 10:17:00,0.1,2.158872,2019-07-29 10:00:00,6.85657e-06
2019-07-29 10:38:00,1.6,2.6589065,2019-07-29 10:00:00,8.44467e-06
2019-07-29 10:52:00,3.8,110.60985,2019-07-29 10:00:00,0.000351296
2019-07-29 11:00:00,5,211.34005,2019-07-29 11:00:00,0.000671215
2019-07-29 11:10:00,6.2,355.784,2019-07-29 11:00:00,0.00112997
2019-07-29 11:22:00,8,417.1975,2019-07-29 11:00:00,0.00132502
2019-07-29 11:30:00,9,576.71135,2019-07-29 11:00:00,0.00183163
2019-08-01 09:57:00,0.1,3.1833535,2019-08-01 09:00:00,1.01103e-05
2019-08-01 10:03:00,1.6,3.11212,2019-08-01 10:00:00,9.88408e-06
2019-08-01 10:13:00,5,486.5934,2019-08-01 10:00:00,0.00154542
2019-08-01 10:22:00,9,593.90125,2019-08-01 10:00:00,0.00188623
2019-08-05 09:44:00,0.1,3.115939,2019-08-05 09:00:00,9.89621e-06
2019-08-05 09:59:00,1.6,1.9136,2019-08-05 09:00:00,6.07758e-06
2019-08-05 10:08:00,3.8,194.75245,2019-08-05 10:00:00,0.000618533
2019-08-05 10:27:00,5,487.65615,2019-08-05 10:00:00,0.00154879
2019-08-05 10:35:00,6.2,521.4285,2019-08-05 10:00:00,0.00165605
2019-08-05 10:42:00,8,535.56895,2019-08-05 10:00:00,0.00170096
2019-08-05 10:50:00,9,631.711,2019-08-05 10:00:00,0.00200631
2019-08-08 10:05:00,0.1,4.436053,2019-08-08 10:00:00,1.40889e-05
2019-08-08 10:14:00,1.6,4.9594175,2019-08-08 10:00:00,1.57511e-05
2019-08-08 10:20:00,5,314.65795,2019-08-08 10:00:00,0.000999352
2019-08-08 10:28:00,9,569.4912,2019-08-08 10:00:00,0.0018087
2019-08-12 09:50:00,0.1,4.180379,2019-08-12 09:00:00,1.32769e-05
2019-08-12 10:08:00,1.6,3.879878,2019-08-12 10:00:00,1.23225e-05
2019-08-12 10:22:00,3.8,335.41625,2019-08-12 10:00:00,0.00106528
2019-08-12 10:36:00,5,563.6322,2019-08-12 10:00:00,0.00179009
2019-08-12 10:49:00,6.2,479.51145,2019-08-12 10:00:00,0.00152293
2019-08-12 10:57:00,8,593.09265,2019-08-12 10:00:00,0.00188366
2019-08-12 11:07:00,9,429.78725,2019-08-12 11:00:00,0.001365
2019-08-14 13:43:00,0.1,1.83015,2019-08-14 13:00:00,5.81255e-06
2019-08-14 14:02:00,5,535.578,2019-08-14 14:00:00,0.00170099
2019-08-14 14:10:00,9,630.17275,2019-08-14 14:00:00,0.00200143
2019-08-19 10:05:00,1.6,2.277827,2019-08-19 10:00:00,7.23437e-06
2019-08-19 10:21:00,3.8,335.53755,2019-08-19 10:00:00,0.00106567
2019-08-19 10:36:00,5,511.60865,2019-08-19 10:00:00,0.00162487
2019-08-19 10:50:00,6.2,477.72555,2019-08-19 10:00:00,0.00151725
2019-08-19 11:01:00,8,604.89425,2019-08-19 11:00:00,0.00192114
2019-08-19 11:14:00,9,570.4521,2019-08-19 11:00:00,0.00181175
2019-08-22 14:48:00,5,546.48705,2019-08-22 14:00:00,0.00173564
2019-08-22 14:52:00,9,717.49325,2019-08-22 14:00:00,0.00227875
2019-08-28 11:50:00,0.1,13.569895,2019-08-28 11:00:00,4.30979e-05
2019-08-28 12:12:00,1.6,17.40287,2019-08-28 12:00:00,5.52714e-05
2019-08-28 12:23:00,3.8,208.4496,2019-08-28 12:00:00,0.000662035
2019-08-28 12:43:00,5,515.0347,2019-08-28 12:00:00,0.00163575
2019-08-28 12:50:00,6.2,594.09935,2019-08-28 12:00:00,0.00188686
2019-08-28 13:06:00,8,677.3517,2019-08-28 13:00:00,0.00215127
2019-08-28 13:18:00,9,485.3224,2019-08-28 13:00:00,0.00154138
2019-09-02 09:39:00,0.1,21.74358,2019-09-02 09:00:00,6.90575e-05
2019-09-02 10:05:00,3.8,200.0472,2019-09-02 10:00:00,0.000635349
2019-09-02 10:18:00,5,561.52075,2019-09-02 10:00:00,0.00178339
2019-09-02 10:38:00,6.2,685.71155,2019-09-02 10:00:00,0.00217782
2019-09-02 10:45:00,8,611.5726,2019-09-02 10:00:00,0.00194235
2019-09-02 10:50:00,9,480.2142,2019-09-02 10:00:00,0.00152516
2019-09-11 10:10:00,0.1,9.528072,2019-09-11 10:00:00,3.02611e-05
2019-09-11 10:33:00,1.6,11.207612,2019-09-11 10:00:00,3.55953e-05
2019-09-11 10:42:00,3.8,272.5241,2019-09-11 10:00:00,0.000865535
2019-09-11 10:54:00,6.2,613.7445,2019-09-11 10:00:00,0.00194925
2019-09-11 11:18:00,5,719.6717,2019-09-11 11:00:00,0.00228567
2019-09-11 11:34:00,8,721.0676,2019-09-11 11:00:00,0.00229011
2019-09-11 11:44:00,9,679.4654,2019-09-11 11:00:00,0.00215798
2019-09-20 13:02:00,1.6,51.1149,2019-09-20 13:00:00,0.000162341
2019-09-20 13:35:00,3.8,274.71565,2019-09-20 13:00:00,0.000872495
2019-09-20 13:40:00,5,580.4581,2019-09-20 13:00:00,0.00184353
2019-09-20 14:05:00,9,746.8002,2019-09-20 14:00:00,0.00237183
2019-09-20 16:52:00,0.1,51.343925,2019-09-20 16:00:00,0.000163068
2019-09-27 12:00:00,0.1,48.07956,2019-09-27 12:00:00,0.0001527
2019-09-27 12:00:00,1.6,39.8896,2019-09-27 12:00:00,0.000126689
2019-09-27 12:00:00,3.8,359.57175,2019-09-27 12:00:00,0.001142
2019-09-27 12:00:00,5,686.7323,2019-09-27 12:00:00,0.00218106
2019-09-27 12:00:00,6.2,829.9953,2019-09-27 12:00:00,0.00263606
2019-09-27 12:00:00,9,708.51115,2019-09-27 12:00:00,0.00225023
2019-10-11 11:45:00,0.1,41.372935,2019-10-11 11:00:00,0.0001314
2019-10-11 12:00:00,1.6,37.21303,2019-10-11 12:00:00,0.000118188
2019-10-11 12:48:00,5,636.64735,2019-10-11 12:00:00,0.00202199
2019-10-11 12:59:00,6.2,865.81725,2019-10-11 12:00:00,0.00274983
2019-10-11 13:59:00,8,798.24115,2019-10-11 13:00:00,0.00253521
2019-10-16 10:01:00,0.1,67.48032,2019-10-16 10:00:00,0.000214317
2019-10-16 10:33:00,1.6,72.82129,2019-10-16 10:00:00,0.00023128
2019-10-16 10:53:00,3.8,79.70151,2019-10-16 10:00:00,0.000253132
2019-10-16 11:07:00,5,620.9062,2019-10-16 11:00:00,0.00197199
2019-10-16 11:27:00,6.2,846.8249,2019-10-16 11:00:00,0.00268951
2019-10-16 11:45:00,8,804.6068,2019-10-16 11:00:00,0.00255543
2019-10-16 12:00:00,9,886.5752,2019-10-16 12:00:00,0.00281576
2019-10-23 09:55:00,0.1,78.597955,2019-10-23 09:00:00,0.000249627
2019-10-23 10:30:00,1.6,78.42675,2019-10-23 10:00:00,0.000249083
2019-10-23 10:50:00,3.8,88.90429,2019-10-23 10:00:00,0.00028236
2019-10-23 11:05:00,5,84.58339,2019-10-23 11:00:00,0.000268636
2019-10-23 11:19:00,6.2,489.53305,2019-10-23 11:00:00,0.00155475
2019-10-23 11:30:00,8,707.242,2019-10-23 11:00:00,0.0022462
2019-10-23 11:45:00,9,725.673,2019-10-23 11:00:00,0.00230473
2019-10-25 12:09:00,1.6,247.4231,2019-10-25 12:00:00,0.000785814
2019-10-25 12:23:00,5,391.5894,2019-10-25 12:00:00,0.00124369
2019-10-25 12:41:00,9,639.03375,2019-10-25 12:00:00,0.00202957
2019-10-28 13:15:00,0.1,185.31975,2019-10-28 13:00:00,0.000588575
2019-10-28 13:25:00,1.6,206.5357,2019-10-28 13:00:00,0.000655956
2019-10-28 13:34:00,5,407.09515,2019-10-28 13:00:00,0.00129293
2019-10-28 13:41:00,9,567.12535,2019-10-28 13:00:00,0.00180119
2019-10-30 10:35:00,0.1,256.92845,2019-10-30 10:00:00,0.000816003
2019-10-30 10:47:00,1.6,215.5003,2019-10-30 10:00:00,0.000684428
2019-10-30 10:57:00,3.8,262.45585,2019-10-30 10:00:00,0.000833558
2019-10-30 11:06:00,5,346.6313,2019-10-30 11:00:00,0.0011009
2019-10-30 11:27:00,6.2,490.8507,2019-10-30 11:00:00,0.00155894
2019-10-30 11:40:00,8,518.0018,2019-10-30 11:00:00,0.00164517
2019-10-30 12:00:00,9,544.1082,2019-10-30 12:00:00,0.00172808
2019-11-08 12:50:00,0.1,71.43014,2019-11-08 12:00:00,0.000226862
2019-11-08 13:30:00,1.6,66.667125,2019-11-08 13:00:00,0.000211734
2019-11-08 14:05:00,3.8,62.55963,2019-11-08 14:00:00,0.000198689
2019-11-08 14:50:00,5,63.285885,2019-11-08 14:00:00,0.000200996
2019-11-08 15:09:00,6.2,89.643755,2019-11-08 15:00:00,0.000284708
2019-11-08 15:15:00,8,64.21134,2019-11-08 15:00:00,0.000203935
2019-11-08 15:32:00,9,84.37932,2019-11-08 15:00:00,0.000267988
2019-11-20 11:25:00,1.6,28.940275,2019-11-20 11:00:00,9.19142e-05
2019-11-20 11:42:00,3.8,27.773665,2019-11-20 11:00:00,8.8209e-05
2019-11-20 11:58:00,5,21.215245,2019-11-20 11:00:00,6.73795e-05
2019-11-20 12:35:00,6.2,32.03219,2019-11-20 12:00:00,0.000101734
2019-11-20 12:55:00,8,32.258415,2019-11-20 12:00:00,0.000102453
2019-11-20 13:30:00,9,33.34073,2019-11-20 13:00:00,0.00010589
